gps_motion_correlation,session_continuity,zone_visit_freq
0.9248357076505617,0.8305728723084395,48.71122621311246
0.8930867849414408,0.8199864447748145,44.90906194688431
0.9323844269050346,0.839135865388976,54.8535990755319
0.9761514928204013,0.9079731253402065,41.508951490097765
0.8882923312638332,0.8553606242254058,53.05665568642596
0.888293152152541,0.9256807232115548,42.68745431187043
0.9789606407753696,0.9017356874376281,41.02340614724946
0.9383717364576455,0.8015747893280973,43.62512565174988
0.8765262807032524,0.9327487792110846,46.24592553516038
0.9271280021792982,0.9405399322795855,49.51170164066297
0.8768291153593769,0.8503068662582574,52.35455795111114
0.8767135123214872,0.9210095771447496,13.116347085715558
0.9120981135783017,0.85717508812954,41.92349442253235
0.8043359877671101,0.9048835188374168,46.08430022643961
0.8137541083743484,0.8367750796522517,65.0506203860833
0.8718856235379514,0.8103446773732712,39.19997391617868
0.8493584439832789,0.8808591405193515,51.627966180999124
0.9157123666297637,0.8938135526862582,64.95030309735837
0.8545987962239394,0.8801160153192699,36.870314700527274
0.8293848149332355,0.840798472088872,53.93975225864402
0.9732824384460778,0.8800050468934432,41.977281660654796
0.8887111849756733,0.9134647376290367,44.95366257710766
0.9033764102343962,0.8977553484938732,41.96889166046685
0.8287625906893272,0.9091250515299607,42.68142691584114
0.8727808637737409,0.8664942399772884,77.21912147906492
0.9055461294854933,0.958585895735808,58.44455872071666
0.8424503211288848,0.841191333172261,61.01737861786209
0.9187849009172836,0.9243780148543359,54.91993486836496
0.8699680655040598,0.9590945546479981,33.93743211598042
0.8854153125103362,0.9240454046374448,53.94957970323307
0.8699146693885301,0.8898737886467585,60.72929614507347
0.9926139092254469,0.873585147666851,41.466005259608885
0.8993251387631033,0.9518043825523128,59.65326667161126
0.847114453552205,0.8288512537369164,57.04336209854079
0.9411272456051595,0.8514937869810179,68.5204004481367
0.8389578175014489,0.880122111725414,45.82216987486381
0.9104431797502378,0.9618826878755999,39.023890177242734
0.8020164938060113,0.9189883818020448,46.383718906274545
0.8335906975550785,0.8515977120744878,64.35570993163623
0.9098430617934562,0.8844846147307548,31.71594119158037
0.9369233289997706,0.8692838427951853,29.31624284568968
0.9085684140594985,0.8645105503883233,50.89395278931613
0.894217585880588,0.948944477927839,45.574107072258435
0.8849448152205356,0.8314128435368248,50.077278931756844
0.8260739004816287,0.9804390427867187,59.453117712358655
0.8640077895802646,0.9414114845092312,44.474306538811476
0.8769680614520107,0.9545430835301849,31.269941690693795
0.9528561113109458,0.8768530243987371,70.44481557199944
0.9171809144784231,0.8925029640460446,40.02771712561224
0.8118479922318633,0.8283424092737645,39.40962877987902
0.9162041984697398,0.8737668796466599,61.037200137225966
0.8807458859791842,0.9246827423821575,46.15510878958482
0.866153899984702,0.9648031530890698,49.366101479651896
0.9305838144420434,0.8446421591598774,54.82790124060318
0.9515499761247975,0.8817247031507367,60.83583103109996
0.9465640059558099,0.892435038988374,46.66539306818228
0.858039123838868,0.8302105398903757,65.199520059143
0.8845393812074392,0.9295674620879201,28.642001512651944
0.9165631715701782,0.8638004834128695,57.59787236953077
0.948777256356118,0.8902304824411488,41.60472441982343
0.8760412881077355,0.8774025314044062,63.72271316607991
0.8907170511668092,0.8605330747140163,51.42044478830545
0.8446832512996986,0.8996477507259723,43.27094667990598
0.8401896687959665,0.8892195210715989,56.628410930216326
0.94062629111971,0.8814071058860667,58.93188347207251
0.9678120014285412,0.8635769189159829,56.418941228586384
0.8963994939209833,0.9159762335391478,39.703037603669394
0.9501766448946012,0.9826808634246142,45.15982876377915
0.9180818012523817,0.9069943616419563,49.95927162878565
0.8677440122697438,0.9498059107455564,49.58740347349939
0.9180697802754207,0.8304889037423269,57.497454754383476
0.9769018283232985,0.9078880719646885,29.85098767493392
0.8982086980445024,0.8451315840514467,53.343270545535034
0.9782321827907003,0.8261537536234049,47.1001864556336
0.7690127447955128,0.8630314296270483,41.61499383616047
0.9410951252187613,0.9595949667206787,42.575132222304
0.9043523534119086,0.9475007914334823,47.85462335482036
0.8850496324767066,0.9121502361027201,13.989148955404813
0.9045880388267752,0.8233649720055035,42.9871042920845
0.8006215542699554,0.8901859674306032,41.24185175353707
0.8890164056081244,0.9150850004450868,55.32783209322624
0.9178556285755873,0.90877681147893,41.94473317489479
0.9738947022370759,0.8078103208259627,47.8488619982951
0.8740864890863177,0.8554841075990064,65.42276627661302
0.8595753198553406,0.8967961117925642,59.94351519815424
0.8749121478207732,0.9268145454758595,59.02271399943453
0.9457701058851037,0.7901936089450027,45.00127569589148
0.9164375554829842,0.8918938012260071,55.430322792896526
0.8735119898116481,0.9071524384939477,47.66102199546406
0.9256633716556678,0.9424805994258106,48.03906789323062
0.9048538774674021,0.9346428792118718,54.0968534374655
0.9484322495266445,0.9291285659404402,44.03006411579068
0.8648973453061324,0.8600029746649033,64.93003104443204
0.8836168926701116,0.8045998931438346,48.39869860402063
0.8803945923433921,0.88034736214693,56.18360566259665
0.8268242525933941,0.950081591260428,64.55600479257298
0.9148060138532288,0.9696727263762216,60.31653774575175
0.9130527636089945,0.9355274551148893,35.91080897309475
0.900255672832123,0.9214670411400867,54.44895895009884
0.8882706433312426,0.9189819824192983,58.50719394460647
0.8292314628974793,0.872194062661961,58.918630221607486
0.8789677338617321,0.893496985322319,38.86705165885369
0.8828642741736615,0.9834534762913166,43.42964762982676
0.8598861365389191,0.8528720997104062,59.945582357416214
0.8919357144166996,0.9807389395354926,42.38239629317354
0.9202025428407269,0.8838985922753971,47.00303943335686
0.9943092950605266,0.966271605454754,65.75875809501969
0.908728890641592,0.8296592495251232,49.5220074961521
0.9128775195361383,0.9292952100582325,42.73225862166157
0.8962777042116916,0.8631614932026189,41.22382643137095
0.8040614392350479,0.8292366404037906,53.32719329585188
0.8986743062275392,0.9109267021205473,36.66851991522792
0.9030115104970513,0.9504735894297984,47.52664036103582
1.0,0.8577529280703252,53.33230534990022
0.8903819517609439,0.82504920197708,62.991498205476674
0.9150773671166806,0.8954077617832523,56.675480803699955
0.8982644115147379,0.895628233561141,42.85934882017821
0.8415660981190234,0.927415981377725,61.784193175637206
0.9571411407257511,0.9474797285682245,47.00484962452522
0.9375966516343387,0.8970292409363754,37.64296977950591
0.9395515973521523,0.9927751657397131,48.27958640734528
0.8545306272602631,0.9112117372267646,64.38169201145702
0.970139715546805,0.882678674699655,51.65240050064925
0.829907446860386,0.8194216320448586,50.12521864329786
0.9293428546900135,0.8868670239841916,66.37211644702853
1.0,0.8831806527294432,35.686451529455724
0.8504731837434656,0.9480152398140735,37.14400885947228
0.8716851135198614,0.9231241812033427,33.84153529033168
0.9049825682543821,0.8410315439183692,53.726481864800554
0.8748262172941901,0.9086127193205519,51.66493127115125
0.8224668284466934,0.9335765585864527,65.42736367279775
0.9034281487403014,0.9764015679693917,52.4347507713677
0.8468848143136948,0.9443751983707029,45.95842840520697
0.9236796215317591,0.9380423327155739,50.01794872878107
0.8540287882883099,0.9030042997307582,51.17707418460958
0.977496720250877,0.9194156002711725,33.28238726671833
0.8608373353831882,0.962475245035308,77.10331644334893
0.8838969241897162,0.8333611301260175,55.198710181019116
0.9406758608684835,0.8825280336391522,52.10008308022589
0.8384567841783023,0.8613715625621879,56.151639842785805
0.9113729967302064,0.9189576559363062,57.09410980586605
0.9653571377141215,0.9615111087825394,48.594465144975686
0.8196258382719387,0.8701512856639463,43.687588637592995
0.9092316929266152,0.7804847816265281,55.99450686321704
0.9129941397124212,0.8793889627487765,53.85710840531453
0.9390911435888655,0.9456736866008704,41.90109900910592
0.8381524644560959,0.926881495147494,64.19035611367264
0.8339771693457863,0.9214093123905288,52.93352036322983
0.9260970782808449,0.886000334906276,57.29819362267631
0.9148492336616594,0.8360484631890107,63.91920887679919
0.9125246425172938,0.9257647160812233,50.21888821164835
0.9173224104748489,0.8582859094982688,53.169520069841155
0.8659987639210754,1.0,58.10027238506117
0.9116126848580502,0.9285253604177258,42.75138916199948
0.9146536236649341,0.8709675848723025,50.54051662846001
0.8642824290986816,0.8694307376305687,51.25548586651149
0.9932887255572379,0.8953527896693206,40.439414483166054
0.9236916460455894,0.8880249038989125,73.17636788673877
0.8404348251398676,0.9558416887764978,35.92706556507598
0.9328276804316915,0.9093208084872023,37.01896096312842
0.8512659164886339,0.8634184130545736,63.142265757035794
0.9393542301871226,0.9945220342577892,57.13266250796542
0.9579297789503702,0.9024654165760112,39.74035182519222
0.8589658840824145,0.9384419837984449,56.07289015101693
0.9481688064622161,0.869588674627762,64.6785044499731
0.9206390463468249,0.9181557813872262,49.69736942403014
0.9411030079997246,0.9155554995571598,75.98822900074582
0.9948396491326974,0.8055175353951923,32.75938189131965
0.8877305941998564,1.0,56.93823453859102
0.8623131917821255,0.9645322230461274,61.66528336221003
0.8555242785187238,0.8801402341927006,58.913439016052465
0.8592094857517281,0.8448865129772073,47.95644273354352
0.8961449145292948,0.9173780806901777,47.09558517988851
0.9170575987408321,0.9043348849707199,54.44145171087257
0.913834539966501,0.9177834474281615,58.157544866520695
0.9413591624518012,0.9095788698097045,56.02473436282363
0.9006500945938953,0.9253120494652963,60.40057890793389
0.9726767038578659,0.9723652849695904,39.81130042933265
0.8867671583381023,0.9284051602564324,47.72229020876365
1.0,0.847517225054503,40.599840678762455
0.9312833673882503,0.9681281426356226,46.138872239138585
0.8571421221791858,0.9820307281744144,60.15220891814305
0.8464553750969444,1.0,51.07983920725229
0.9241236207621593,0.8438252983380201,76.0685916314977
0.8888268607337074,0.9121441006575137,51.93406367189717
0.9357000247046047,0.7958950648405506,50.596918805797365
0.9236618812286773,0.9276574578189605,51.061829194402165
0.8963585543671564,0.8725899850916614,43.62191307140064
0.8576603140965797,0.9961722897412477,49.421633876224064
0.8242576387657068,0.861269251499071,61.27788027111646
0.877674252396649,0.815540848101637,51.13970668127772
0.9428199397161736,0.8764368129648741,42.06540270116528
0.9107046872065102,0.8012256114391432,40.74915379521365
0.8377130610644006,0.9375549727253655,45.497981083341564
0.9086590462925591,0.796745847687184,50.7386343441088
0.9192658689864419,0.901422879059158,61.93586535476262
0.8558071281899434,0.7961094090071902,36.595113586335636
0.9076862552972764,0.8839851097731679,46.80173722111244
0.9029104359223,0.9821689077902267,51.44310019435079
0.8428514851084689,0.9180323945717898,31.66294232370565
0.9178893680174142,0.8568253197517534,41.66401717033594
0.9280392263184117,0.8984398255530458,43.201114602638135
0.9541525621587639,0.9009008436022223,42.040296261495016
0.9526901026017451,0.9236315172921703,51.918895450216475
0.8311165316021455,0.8316570818359587,48.39440390498203
0.8531087480042439,0.9296283636923666,44.44713897398964
0.925751763360433,0.7647804184198612,54.27962626552635
0.9256892975456105,0.8685057723818095,67.2307471764625
0.9257523843153024,0.8755863078774228,66.39256516741752
1.0,0.931666341303562,30.772282279376636
0.9285445255346584,0.9011315426338434,55.7707218383514
0.9567782820090299,0.8297218473071857,48.21976709936162
0.9477000881746601,0.8507503437091493,51.55155342865356
0.9325695625652899,0.9099340004773704,46.01716966457452
0.8842365377679827,0.8960466329067722,51.17588629887202
0.9379484610246633,0.8710437945182127,51.51407396072019
0.8613587392731215,0.8759583105244011,44.210482426510765
0.8881590696629996,0.9348083998579645,41.03632452174819
0.8757318226085449,0.8741153713565393,45.51304317380516
0.9040937069693161,0.8955954377985463,52.34259264456765
1.0,1.0,55.98996341684264
0.8066367403704126,0.8288158681558039,58.53348977340146
0.9343130095187258,0.8074078634212671,45.05809976933087
0.8193642064405174,0.9391794832399304,52.838445673027366
0.8764034067105283,0.8660678469352948,59.62502591953299
0.9544475298483683,0.884088123612869,61.65594895144128
0.9032140009547731,0.8609421810934443,49.41167145868478
0.8461127611035347,0.8870099929616244,47.79068275060388
0.8642348145370016,0.9799269056048171,51.91124233836392
0.9339798874467338,0.940106422930906,38.502925271025944
0.8634816684141432,0.9431111755943489,48.06390488964492
0.9108229294790988,0.8291886472103678,57.445863984731304
0.9022785919951907,0.8424423131723565,56.41947129443701
0.8674199826197092,0.7580460670257286,47.29732395636111
1.0,0.8595309589458623,52.17718201087167
0.9316959511159005,0.947835159319283,41.753496597093125
0.7987428706671197,0.9258473257874186,57.03492148225025
0.9093227157384715,0.8889243368523938,49.22178563863527
0.8669106767615806,0.8988849858140974,47.24048548303862
0.9426216667398112,0.8655557228712297,46.38276163906614
0.860373963078365,0.9102379441200892,49.37106133100142
0.8942631779266551,0.9382939139740307,45.52122355068041
0.9252493639490229,0.8192056606294764,56.581430360025635
0.9432877597085061,0.9149823843918674,46.04716451983819
0.8399851796472112,0.9466217435477334,65.92964096027382
0.8832749382079526,0.8792449855518315,64.65210503481381
0.8762527344419522,0.9350350306060292,41.084565101454956
0.8673335383713144,1.0,50.697042694292804
0.9882727120140549,0.8947828603506555,43.49343378663805
0.9202490855480479,0.9196653525002663,46.73352436811388
0.8369558022832477,0.8630971458169304,70.02427467644797
0.9458930973527389,0.9090625581301025,46.92428582884201
1.0,0.9230135812491153,53.60226037077429
0.9516232630275574,0.9097421170135069,55.413212940082786
0.8240315017022993,0.8490152340145571,39.9937062751676
0.8757882963566874,0.9103180885662726,41.449045255907954
0.9633455574593311,0.9731097969358818,37.93977628591881
0.864616526719061,0.9224317882257264,41.14029266102223
0.9221909714073114,0.948099359453592,21.49969890682818
0.9387317026714669,0.8881494014993686,55.44582400793628
0.8536534764210959,0.9374950119711856,70.5419384125607
0.89702373219691,0.9139633919108263,51.47820739036527
0.7379366329965464,0.8524544635156385,35.837311406593926
0.8487806179332855,0.9159260502399438,43.57223617100052
0.887371592430342,0.8504151668279845,45.41123154975003
0.8376108409017575,0.8683559862557604,39.82415222786624
0.9816205651965818,0.9094664153646187,58.60182638395157
0.8284929311019684,0.9148622136690062,58.10260044375334
0.8779977756651508,0.8405383767461435,38.4454820618234
0.9065370288643045,0.9526992885591439,57.25081044447508
0.9720636644533058,0.9286003139150236,65.26812663577265
0.8282068924410281,0.8647635782194558,69.0255820522956
0.958158187607748,0.8231207601775412,78.65212023085962
0.9005116530509794,0.8927547710459285,40.98007350556802
0.8509245674476025,0.877702814306942,78.24220426395203
0.9231051737131636,0.9056570228526512,46.457936114912115
0.9099529847786735,0.8818441669422217,44.07534544619486
0.8699891561420603,0.7996271569627496,53.27072374877845
0.9034901042495009,0.8805826530849421,44.17938665906988
0.880734320156912,0.8847190444465843,53.99044140646526
0.9056758672625624,0.931683051238703,36.799228122626985
0.9331065337260523,0.8650900162694475,47.61247397936566
0.9793008408072676,0.9839337336686284,62.85582234361679
0.8381092250586576,0.8044179724674122,49.42938708568844
1.0,0.9655583748901313,51.41595786739883
0.8023956100238749,0.8887840514560947,54.75258604717311
0.8924107452482208,0.9429792436171779,61.7066162931766
0.9294158603242288,0.9039900742029366,33.44775287810567
0.9140495933867516,0.9569777768012735,55.84524051837435
0.8688650240089704,0.8806319017723595,47.31860860758237
0.8895938874821363,0.8450689787411094,51.66637895311838
0.8753499532670583,0.9710252143635532,60.59950169762376
0.8705317621527894,0.8943259677058929,38.058133485881555
0.9424801048510513,0.9110779236812105,39.87355558556911
0.9178507742982523,0.9617375957022398,30.645700402861937
0.8653545202369674,0.8484022378952782,44.50841058236224
0.9449799937716625,0.9297745448819629,63.304323443788164
0.9153649760438305,0.8705052621768554,48.7941281152653
0.940643105941948,0.8933915322177814,36.59875104345214
0.9314814420961807,0.9036139482692145,45.14321255424953
0.8585502494538964,0.8249889069276533,35.12138296509377
0.8719909479901515,0.8610581478589783,38.74813898268838
0.9373646802561632,0.967553644620657,53.888189102637135
0.9305185132716732,0.9443095594292398,38.26126673693971
0.8989549203017926,0.8968680211336383,61.12634305203302
0.9058663691654392,0.9121561729256447,49.28879709169664
0.9638832447894212,0.8852878747181772,50.855947039445255
0.8704214305582085,0.9678291692913992,47.216270323921066
0.927354869058502,0.8899823711102919,57.728478385437235
0.8898903673783053,0.9115921046067424,57.831598877770105
0.889115939838639,0.9573015072071033,53.350543519121715
0.9549388425993596,0.8611314257577047,55.64789105907648
0.9412708174494016,0.9779394592248447,47.87910330079574
0.9406754818000319,0.8234769295128311,55.42203006909048
0.9652739403577165,0.9814821065556399,46.62122224526193
0.901050192081638,0.8813662208024013,50.02231622162402
0.9340976485647482,0.887865062608736,47.253562506337026
0.8844866621703272,0.8054994914408529,45.42781460680804
0.9162083176244221,0.8772602641311154,43.1088820227821
0.8934928472816158,0.8480096734486559,54.67690103858885
0.904849798249636,0.8696176827313263,63.10605912813463
0.9297578512718457,0.893134451710556,61.711019716695596
0.8590889658383264,0.9478895807236453,37.43434664054565
1.0,0.9103801675700313,62.892030514068736
0.8496991309250149,0.9153838326700557,46.81841498382071
0.8392905693606134,0.8452240305577219,56.00733015145592
0.9579055436750035,0.8559622955198635,40.93784667952789
0.9395831346981468,0.9899362509175657,51.41979913874005
0.9312059908526078,0.8632399482618377,53.13723182896907
0.9314172754632141,0.9828104126028648,35.15395208080347
0.8993876613576542,0.8878469400559567,56.08267166344189
0.8551372814257084,0.9001143968071752,63.45935007838315
0.9037902279096863,0.9535182580114965,48.25352054318372
0.8661419144243945,0.9635946210969328,63.60168130828013
0.9487559866708876,0.8944593719860456,48.103065065475924
0.8926471309248931,0.8805878473239231,58.49584531046617
0.8587251401603745,0.8972039775738894,27.814300340489005
0.8839307079173504,0.9168978764116059,74.18777779313463
0.9206465727137813,0.9445651843434878,64.95458245242958
0.8718137723598013,0.9002114929497076,47.15374495746321
0.8588889802216785,0.9309443149011577,30.27910973356182
0.9121843605745956,0.9819179866135471,52.88028368305489
0.9122483285554361,0.9190654806132392,35.56074452926243
0.8746528412314435,0.9155826428002389,54.44853537557488
0.8764480847190839,0.8240544587454967,54.11565719164282
0.9116024968678819,0.7684634931585469,40.585968309979755
0.8275957829251338,0.9194187864615084,61.20967023614378
0.8296268112811722,0.8952587884359564,58.05574702806174
0.8640777889373782,0.8742608662542629,59.758233372885634
0.8893276424144076,0.9121765102093172,50.08857703668895
0.9155453782799002,0.8969798135401547,35.844759330862935
0.9737678108474777,0.956389012531695,59.778722722111375
0.9428829811601009,0.9043055434129489,47.29628600864209
0.8920030735018286,0.8626538357464917,36.10219856807331
0.8990491896048656,0.9495083119479645,63.52039365974326
0.8498735317681095,0.8891434462526899,70.9940752050251
0.8990743432003805,0.9263268341836154,49.587518710207966
0.8855670680539931,0.87612946469036,71.59121154603292
0.9161359280169045,0.8675086557251283,50.9131472861135
0.8586384528223838,0.9042084115092849,46.19544095833649
0.9259673257120586,0.9006414321771843,43.69541545814523
0.9766369456501289,0.9239913517683417,66.37082407992743
0.8945619925771572,0.8865677123345129,42.198561186122284
0.9200855861049471,0.8081820108114801,57.35269309974987
0.9345071995855556,0.8783613058205806,44.408361649407915
0.8799389764057082,0.9396909233571908,45.396932374256366
0.9112046240905208,0.8851311960378447,60.30249693969567
0.9006296200390898,0.8876808298742727,46.19963153710646
0.9048838049274416,0.9493188252952969,45.95204620579707
0.8613495108072267,0.8644013386370539,61.32804697174807
0.9012255087129472,0.822859839087855,65.97397293221623
0.9248999145622725,0.8919684440237253,56.446898032842334
0.9725571803897521,0.8757913024375632,43.452302243760506
0.9479635413042604,0.8516876840123373,44.893915007024205
1.0,0.8912310772050654,50.799152637400375
0.8616326218555975,0.9245752823623392,53.209300619256574
0.9436160318360339,0.8995355719216093,40.121340898602284
0.9091671002869176,0.915349053634312,57.230379395798636
1.0,0.9906703849257712,50.85513329639599
0.8595850857322425,0.8828560569221218,32.8429168136187
0.8580139078909612,0.9139174317322335,40.7107351753927
0.870030367727799,0.8745393318700433,44.95871326348336
0.7938052137845096,0.8576820140056514,49.27142311158945
0.873712248915962,0.8707546173291115,68.89278795503996
0.8620433669223151,0.8760620714239156,52.38171306139628
0.9075196893238104,0.9179737898773563,41.59228110101375
0.917087798788858,1.0,52.20630804307163
0.9938085419607944,0.864197828186208,46.47912252546119
0.9475211919093025,0.8791687347192269,53.24758239533542
0.8711548172168798,0.8968438493444376,55.80567687035615
0.8550792664325821,0.9197899424354874,62.09230647223938
0.9245959585753253,0.9131775405977393,49.75713504329974
0.8339883396489679,0.9642047896974059,66.38960527599833
0.9915729382927178,0.7786803964732396,59.08022662536192
0.9589720060360644,0.7806535064902164,42.92560455187812
0.8765412173947648,0.8752060913994926,72.09855665748464
0.8143432735454561,0.9548650093771854,53.269945132700975
0.9676936187082706,0.8217175984197203,41.64875496027764
0.8942730077373692,0.7496183830153121,66.52913051230422
0.9618908155986731,0.9285589703109605,70.77777585198444
0.8202786170602817,0.9121828611851357,49.669747362804394
0.8700312488523114,0.8454895796600286,44.96349739624404
0.9002621849859092,0.8507230199639535,48.27625042546338
0.9023490296882372,0.8515128140182663,57.147317275176995
0.8774967264260378,0.9055267658736971,62.778566550305136
0.9311424966173749,0.8686842361908497,55.70487330863573
0.8466189785308703,0.924703195948776,51.0172320847177
0.8928810257489354,0.7572686668547804,64.98011770304427
0.906014781585595,0.8571574067436101,46.87163526948478
0.9257219417029374,0.8436973019544475,60.30919338366907
0.9355807439044445,0.8871829660813754,47.11937201648721
0.8437678954081066,0.8730976120754931,54.31022958010893
0.8232942914632189,0.9398921889947883,48.86437435209549
0.9638838410949255,0.8070331614169971,49.44147817347189
0.9166157005989796,0.9022745738165376,46.2261348253779
0.8625756731721723,0.9279168211605853,63.448540311806944
0.9775575987761261,0.9928323718280978,42.67073961891465
0.905783731714643,0.8759117014453263,42.59767747451291
0.9589648592031913,0.9162229302176259,71.20993565845109
0.9033759240705055,0.8098068603718818,59.77847564654331
1.0,0.7804021897843488,26.148863013069636
0.9877670421221603,0.942238718789085,44.34741260789596
0.8875517925760463,0.8997219853175965,31.880106624379458
0.9485785475477178,0.9589256344899212,40.49309306584745
0.9322687974792574,0.8313298555515126,18.614853337659603
0.9684315778766175,0.9259951069764376,48.63010422306058
0.8517538269709948,0.9934408920271927,38.58058180838688
0.934302572999922,0.9209852804178633,50.599052567964385
0.9529212243424794,0.9138290752795525,33.74878741117475
0.8120630256788443,0.9004278040412175,50.8291185317204
0.8408370743667113,0.8214559271437044,45.85083721879673
0.798038391111995,0.9677786467855174,65.01952965188596
0.8865296582777722,0.8694571180097467,64.11356861745625
0.9358771127897981,0.9252241628191509,57.85345603010283
0.9751178526048014,0.8218482846714373,46.73386219338787
0.9037047390209888,0.841027016774611,69.85380395260293
0.9814307772785646,0.9717543699611118,34.4696472216018
0.8309949270892555,0.8826348855521079,35.96441370436337
0.8148308780322423,0.9726637738021272,49.162169001109355
0.8972226150551691,0.8960884670470741,72.5403810892112
0.9192032724469654,0.8079051113521072,47.97661093129913
0.8983652625952954,0.9446033799865861,48.16754756790718
0.7966278949980062,0.8705053841122197,35.58089643888191
0.8955439980243606,0.9349344406758522,59.45929585270378
0.8347765249747574,0.9012605433770041,59.53176254329354
0.9334836274415019,0.8228440886028565,57.8907520139991
0.9183299123048424,0.9082147382685285,43.70779327152638
0.8530060106836322,1.0,42.93293231626994
0.8743066541331653,0.924649322925723,37.06877749595029
0.8470393239055525,0.8971241123497269,50.838725017609335
0.8968660451363414,0.953767170097845,39.19592670721498
0.947757116025062,0.9105334232601555,38.22583494750711
0.8507136976832228,0.9104767115131397,45.76309283089324
0.9252023257758922,0.8454187413920449,45.10843824815784
0.873487119081378,0.9116924012894799,44.62021471178045
0.8603563583868828,0.9517721708208473,54.66444596840261
0.8946484820022721,0.8581968923949987,50.79047802150279
0.8482378838790313,0.9712247910623474,47.11843969488882
0.872317534732641,0.8954146987927437,51.83012928311482
0.8401061053705576,0.855611524423073,40.08472958895368
0.9982362566458195,0.9498816038460123,51.05278623909678
0.9017631775985865,0.8856602882130865,51.50602492844634
0.8650137246003707,0.9379757443743054,34.96953140642519
0.9106989955367111,0.8854120683870732,59.95693754370362
0.8943835975154586,0.8970086928235048,41.185662947730044
0.8889515200233389,0.9246780102167146,50.90309799206435
0.9307083350021713,0.9145448528795003,61.6441174053527
0.9378753855023653,0.8002234109774131,59.256767577138696
0.8734749426194737,0.8439378129952804,50.34333388568835
0.871209087967766,0.9464704992395409,46.37500997117932
0.8862474151424178,0.8933931705549226,59.47511908575567
0.7849039417632208,0.8738134348614289,56.7469497780862
0.8242404468900724,0.8320712992371263,43.8163497995587
0.9683437133722262,0.8460131839362076,42.0510635299831
0.9822483856750642,0.7989100680019027,29.276448183040017
0.8875481980221811,0.8949359640649234,51.54031841683587
0.9288278481527883,0.8700781209709477,49.17302254981601
0.9155625077271768,0.8516706054507343,61.361913746425415
1.0,0.8965938287416023,53.590550934803666
0.9559787455717289,0.918198531542637,63.342291941726906
0.8936041204259617,1.0,43.02635772083829
0.8522229779699787,0.8244058290218393,61.381503309676184
0.8196776839871214,0.9579690521650261,44.710836208953445
0.9101731817933612,0.9486550780507537,57.77596061792272
0.8621824627357848,0.861045363031165,35.41241607469306
0.8288873145201163,0.9101617977293016,52.351352993661884
0.8676713557878737,0.8771183375331193,30.1531205855409
0.8459225998192803,0.909284429020937,47.32862514058245
0.9843570817536282,0.9754565506702275,54.40353993877913
0.9440819878474725,0.9302803116315657,44.790314487689045
0.8996013679341691,0.9254304186616721,39.49562371244033
0.9739972069445013,0.8784845340022679,58.461184692959336
0.9038684153823809,0.8257971667537832,48.96537210153077
0.8569357899335869,0.8895765894729796,45.10429352969329
0.9761562038634829,0.9603304077431958,50.41895921154276
0.926945502184233,0.8236416071705176,76.36669141945589
0.8481376922836772,0.8472455315911652,61.53502849781544
0.8904830660958196,0.9063133868117035,61.6257366818784
0.8562190873307621,0.8507672607576369,54.35546318992364
0.8308600134517832,0.8603738276442394,51.66485272577147
0.9463088773765821,0.8788200709135912,26.03917711669584
0.9954708320235065,0.8317191297904926,43.21019653536868
0.830071621309043,0.8512939076891816,45.19425586797526
0.9281484618345286,0.9351713958393655,31.25107935952467
0.8674678715439087,0.8346315108884518,38.42584209784567
0.8756437308117652,0.8201063932752581,30.19163529077366
0.8703803037880565,0.8684987510233053,49.61676164302627
0.8568004615160092,0.9365977751254924,58.18765970848816
0.9024260813972413,0.8901539096001555,61.067745186243286
0.8584524941794481,0.8767709460942191,54.14784462079241
0.913522841288992,0.9022179398757804,40.36603658801431
0.8974880945275432,0.8127146283570175,30.679348414800405
0.8880525976566795,0.9247352826887516,32.43131300598498
0.8546218168979202,0.9191717515701823,37.310174227455015
0.8711614334715834,0.8795345762952139,41.111403019643255
0.9377695612912879,0.9502962255898209,48.40251502008413
0.9250458593812191,0.8436251950523481,39.85835781873032
0.8511222377600725,0.9563954496626785,53.38975893668262
0.9049666152714613,0.9077246832797626,47.67726497200527
0.9375693561685895,0.8831723705060913,50.10545711741025
0.8165297359439314,0.8990063182315844,61.40250552671205
0.9271680096189968,0.8946367617094529,38.197682657996296
0.8668688120527077,0.9610141448208859,54.18704578292368
0.928529933429658,0.8461660436264493,49.86026771523927
0.8618370421728742,0.8618740380426702,46.66513719030305
0.809755894966774,0.951815144603624,58.852563208659596
0.8186228781058419,0.8702232532408071,58.79014154557007
0.9024042473330691,0.9450266538665796,40.53509204011572
0.9129861250860741,0.9849717991504355,48.17839416142076
0.8547841687447796,0.8799102486529183,52.81211682584065
0.9319296229388687,0.9340681163287653,47.26993251977415
0.816923996886552,0.8423153859330071,55.850213322877984
0.8966960100676342,0.9377366649033905,52.811920179102756
0.8394491900118772,0.9099711992993383,68.32561240356013
0.867408194609892,0.9236519141080107,34.69720864070212
0.9023699335658207,0.8677213963982303,48.775640102526026
0.8569793317358024,0.8169458292216414,40.91497488487809
0.8807722227885088,0.9251626032374752,56.04107455439044
0.950314640460722,0.7968298423760273,33.828281099544554
0.8711554065238426,0.8841324753878733,53.46312710224887
0.9417846056032572,0.9470590933209985,43.69951568651659
0.8435146572671192,0.9095948867936519,42.65838133878986
0.9264902088957642,0.9974171322394907,35.53501796459313
0.972078431032895,0.9512554576290887,45.34924053798994
0.7764177749936355,0.8673050805837212,60.84500530290926
0.8601552372264761,0.901365668992572,49.7481131647052
0.928853606359027,0.8976314648727782,56.27680417874475
0.8898477306978504,0.8208911618326936,66.64641821966275
0.9185572936685654,0.8529800541757824,52.63755584822576
0.869800740664209,0.871961954651007,44.412004279376596
0.904329489373645,0.7981889748572032,54.6725221518279
0.892216138230396,0.9023746734125822,44.55703853685708
0.9583891030829904,0.887546407767348,44.955773167028305
0.9127210421650607,0.8163553049344213,34.80107200381015
0.9168801331037602,0.9202106432638666,59.262574910843924
0.8794061516938767,0.935793637234548,46.139974243505606
0.8756196887963753,0.9113517239432445,51.82098245815862
0.878372090609019,0.8837965912395516,39.6403807139336
0.9197226071189148,0.9295721075875928,54.35947629715472
0.8789507759589869,0.9340110180238346,42.38058761864916
0.9144887428448206,0.9153701784859845,48.58291278298176
1.0,0.8587693874782619,58.77826031239126
0.9435562351715846,0.9138300382755591,57.907593122325295
0.883698823391608,0.9597740325412739,49.7796992748306
0.9600606961081972,0.8701685470694135,32.31868967293282
0.8795962313489224,1.0,79.92810570060641
0.7980937732411073,0.8737184533007308,67.45858970273136
0.8495956844541298,0.9016203506670069,57.226748248882984
0.8064604039487072,0.8663757201996832,42.46796218409029
0.8824243257979346,0.9111635417960131,48.86407838298035
0.9009209189594776,0.8128889153682363,44.56579570223483
0.9838218656137642,0.872697910059164,62.638559390963884
0.9163463686882082,0.8453939399825716,52.62502890851834
0.8890449735595568,0.9067669173946146,42.158361416401675
0.9414702790591745,0.9497223687754454,45.29244900875218
0.7894432345496057,0.9323003093557276,61.21188142569905
0.9117807279054283,0.7814170319570554,66.00097846820478
0.9385432596943484,1.0,65.28331563486246
0.8260706877110079,0.9147639970310435,57.57032065053978
0.9571877021603464,0.86117504297535,47.47375131197363
0.9169248203747208,0.907856395949547,17.584861746708796
0.87923560430496,0.9088094911251346,52.97160023808222
0.9316390933053142,0.8666575641524218,49.981712411558995
1.0,0.9098958333671038,51.39982096321354
0.9090933127529248,0.8696263856189846,50.53897347033207
0.9124110293150168,0.8797819003654989,36.73737838050843
0.8770319550229878,0.8656860432122458,55.574085568511855
0.8575077815267604,0.8283664355130174,56.3221631403185
0.9415167908272123,0.9072918235107692,56.823387820596594
0.8571958087045567,0.9292649718258169,59.46577003573387
0.9035783118609696,0.9257441798038186,56.040516449216234
0.8761171276617442,0.9409962626317617,45.89970588461089
0.9239489912873197,0.9162170105007434,49.2916315208391
0.9166831052643475,0.8733637250891548,50.911248672533766
0.951876997212895,0.9419831932215594,51.07699449106619
0.8744991800572627,0.8321241230079033,59.982176559717296
0.8865062532353315,0.854966430874376,56.43668753022491
0.8510618142108847,0.8517899964288378,70.77343439569954
0.8777853369961944,0.9540028029569655,72.06468979884673
0.9188650246522426,0.9471394257070038,50.79649582613925
0.9378494308322676,0.9243652618522498,11.633444515406307
0.8538917337911187,0.9535964932605899,62.368324661272666
0.943480296005283,0.8560358608794006,44.59623661012946
0.9677818929402475,0.917429755993049,41.985160781689935
0.9206717451611851,0.8937412785808418,46.01554725010633
0.9938397906279033,0.9423441051942457,45.533569531853935
0.8613105400448213,0.8942387883723901,56.12269810105393
0.8377672648344292,0.880752855579496,34.405642208737746
0.811063987554786,0.9270454259280495,39.22279254208399
0.9748022155744592,0.9438084583595616,53.431585541974165
0.9327182828177029,0.8665827402576599,56.22944030413308
0.8972207664544772,0.8969462164323813,56.41541644936012
0.913998431315991,0.8470779683179174,42.12963721066701
0.8437255476350812,0.7750969491253531,40.2173435073376
1.0,0.9100229815706865,44.93365166212081
0.9064610590987614,0.9304452678127316,52.39872752284725
0.9054697397302447,0.9131033404543363,64.8547736927255
0.9362883311949346,0.8025219141122817,29.525628142292497
0.9240504615868357,0.8824575284961763,47.79271243041634
0.9111942012139566,0.789082611997446,36.67321558974796
0.8604762772277345,0.9684850553827092,33.477573226465104
0.9235734178567998,0.8456972708940957,59.66956645344817
0.9941012248237517,0.9627701804729949,55.446245744993384
0.9672710023077489,0.9472934821842073,54.49433515947262
0.9796593313319699,0.854970482373197,59.210258397309936
0.8744392161784408,0.8433607524366128,45.20281103233864
0.850519758987071,0.9175185108193169,45.673624836664715
0.8937106539950176,0.8577837981408465,71.85730616722574
0.9027862456144348,0.9051242321079104,47.534289457404256
0.9547095759235474,0.8758586204596541,57.35132113054091
0.815376768514259,0.8109420792767184,50.06381540963315
0.9764775159730307,0.7884765990437771,31.51741469921585
0.8920996050710506,0.9113342124247299,29.553709961987316
0.878655946502629,0.8719221126834688,44.21015780060095
0.8493947812369916,0.8723455091542934,60.56101251669989
0.8172571664067115,0.9347931919546892,57.88291656636004
0.9411585291980957,0.9586721138316223,59.14077164224034
0.9036658983594202,0.8863727639319096,40.129538210636845
0.8355019550129473,0.8829700646545069,66.15872490122314
0.8352460613968192,0.9250071516556942,40.351066998136154
0.8832107650354936,0.8321532215150212,52.12824398669969
0.9834510762644697,0.9111576527373849,49.89647710092263
0.8870204324318198,0.9275942985911078,48.261261796854136
0.8248428523440947,0.9340115104208815,63.38592138295606
0.8877128467957028,0.8031623648748768,42.9488947983404
0.8863638215126165,0.861932236509553,36.50394744288072
0.7651556678529214,0.8560868373588267,50.199954862064196
0.8972852566741094,0.9049943477204607,46.00173265713473
0.8884532734895662,0.9240372289883992,83.77382919082646
0.934810318240671,0.9748355203722991,56.76507476439975
0.9924478047472672,0.8752517259815964,45.90659424781376
0.9563282514773879,0.8751213750845394,39.43888430812913
0.8865555654722584,0.9574836009439374,31.19711589431215
0.8446737045629165,0.9148288469265152,39.74780914262567
1.0,0.9633825755593988,51.14941771759132
0.9029609217007244,0.9144364001504919,64.27328651594769
0.9006964645956473,0.8421441690643364,61.21689142387919
0.8987937456444999,0.8333435822611097,52.29094831646379
0.9099042380383928,0.8224243875470536,46.76832334297515
0.8927819794038029,0.9331025917379236,52.68812356412154
0.8713168996559882,0.9594298411543505,44.81362002515424
0.8726570529379805,0.9924681070693191,67.18363995763876
0.8983623364892,0.942155266616162,48.1080981872492
0.8728287614433118,0.9581419288767493,49.13662141753273
0.8643577108661418,0.8709991833673157,27.841775749793317
0.9053215113845948,0.8421792091628072,48.04565153477236
0.8872511391289573,0.9425039666208777,58.36484137964941
0.9751996494291344,0.92088403761197,39.32277422961455
0.7674515095803495,0.9053722187170447,42.49279665507187
0.9545753425961231,0.9193685740316495,57.927110177336644
0.9623042596248815,0.9161592741229103,35.23342776481947
0.7963304883795925,0.9641908429926781,60.578010075419186
0.8828656202959826,0.9647492792408479,44.67856109826898
0.8814279567002105,0.9272110176170174,46.11431779508797
0.8296244152641089,0.9422901436281464,38.76121594874406
0.8611091656204563,0.9257031276212389,53.78046260427883
0.8444712077267086,0.8769415133982691,74.5987198502938
0.9876135221711811,0.937828233745657,57.81497239460632
0.9467839196573731,0.8302752465570369,41.35714738059464
0.963577754749708,0.9526945776147941,61.35620585491476
0.9360836032021618,0.8402738530116982,46.833204540657505
0.8435474114391386,0.9142901643397366,63.74484981427559
0.8737739866860114,0.8577423020786921,58.06676402164363
0.9244687280613959,0.9276694491537214,20.568584345282666
0.8388936095554027,0.8983037387036046,39.959203670449725
0.9356499215086195,0.8202622020918334,59.4438522283539
0.8879837300920933,0.921034981550924,51.516572721450174
0.8812589596225202,0.8711039611583645,39.762440522921494
0.9355479984101747,0.9440573360406684,43.66410484506187
0.922213165574302,0.9000662844367204,30.937633799106194
0.881951691709046,0.9197710492694019,49.11626712473604
0.9579664901682124,0.8521215522492394,72.10689726015765
0.8459468336200051,0.8705333884286319,58.04933390732326
0.9307967803472132,0.8770680681949458,71.90417001188423
0.9296550628984193,0.9428351240121278,58.823970897899805
0.8845226780343005,0.9838688543902745,60.274793433526916
0.916306651112106,0.8597414124128562,69.74078687745023
0.8374443211807349,0.953842407232884,53.772632593422266
0.9462013509603451,0.7915161291137149,48.1277267849312
0.8907548931778506,0.8402905299453856,60.326575166220124
0.873863848974048,0.8520610771906613,64.53840237121885
0.9524504612918445,0.832374565527964,45.20035357287791
0.8647828154728621,0.820820580510621,42.784309176599706
0.8295769351818221,0.92064994560689,51.3885603243088
0.8221685413238048,0.8892966151136069,58.31498866931662
0.9303004975672821,0.9189702698802555,57.98091048661561
0.8359785323751858,0.9345236343060757,35.75832399812401
0.9877397090992183,0.9132808496586267,69.11606067063322
0.7959035296058139,0.9328881588075187,43.5883507060315
0.9848228184145019,0.8965233856878866,47.349350031114206
0.910550873360131,0.8406503305847127,40.973456400121805
0.8951643444064804,0.9528907090410398,76.98328835937087
0.8727540456595525,0.8705443933609437,52.42070670287967
0.9199568057176035,0.8532201850618787,41.490249193184354
0.8981182648787576,0.8911041062097801,58.63923549962446
0.9551650941008262,0.8543594540351743,57.69135779310033
0.905711382433102,0.8791284809005284,48.12272976420116
0.9075150880730939,0.9172026960781734,58.406067127833836
0.8818193893893073,0.9174170869623064,41.747080391691355
0.8971527188139466,0.8551084966787186,45.070817250507474
0.915390088444603,0.8756147313525627,29.89783345433937
0.8144915803671687,0.9537166502385123,36.76048915780437
0.8325907288947144,0.9248200058866971,68.07630805670686
0.9371632047011358,1.0,66.41428627722314
0.9085432719063972,0.9590064086870764,50.65788648648962
0.890800833182366,0.9572146534279969,66.62931447189837
0.9009216966532697,0.8306065724772099,48.39925513391695
0.9173790852680835,0.9381930175816712,47.565896974320914
0.8730120159845319,0.8973446599151544,50.565106484655566
0.8610847637298844,0.8724509098230876,48.750784046764345
0.9097922627548841,0.9084007670266264,47.848036764398195
0.8510813611192484,0.9472605767305742,61.43398107149552
0.9204126377857236,0.9250415795502106,51.50135653956203
0.814870819788108,0.8560763099328971,57.124817644338044
0.9514577818662822,0.9371229456796311,60.31380525277331
0.9236298741206522,0.8681206228962018,53.881857956547336
0.9128014867156938,0.9108341559482144,40.29728674091761
0.9491345491972757,0.8848324966261433,36.47134111035962
0.9832737222231288,0.8890566874132187,51.48780634807305
0.9507185032509066,0.9383121487520255,48.28743695175066
0.8079562884334177,0.8479903140092051,50.87391428920122
0.8360211516632149,0.9972597537138467,49.83945960751414
0.8687590711152161,0.8089456965352751,75.83573660166567
0.9013045525105418,0.8701166158372572,36.69773744358662
0.9258829510234562,0.918510594497087,30.10053730178875
0.8637128093423267,0.9292157083217655,53.3237683351961
0.9093383382238539,0.8949762139714147,46.235774454118044
0.8622308533823339,0.8971304648499229,53.16067869729951
0.8694241098504026,0.9205275042663809,55.83883022284001
0.8296669451575889,0.888446526127116,62.841046951788975
0.8538383376944548,0.9696590628967453,34.92774179616062
0.8324157697191833,0.9419674557115801,44.43282102142837
0.8512063373511334,0.9436412175502817,54.28761258880764
0.952682089830392,0.8516921638314792,57.704635956872266
0.8525300555584029,0.8960305787797149,71.93449550288386
1.0,0.8849767025639649,59.55703971113867
0.9246658950440445,0.8497199312155267,49.432114041137226
0.9092418061847437,0.9180082091972883,41.09564247057339
0.8570821109909393,0.8731177121110092,44.35710147280981
0.9350154939704496,0.9327701914925118,44.072971770428936
0.8712181086881113,0.8464904218552834,56.552336285137606
0.9061004907322681,0.985952030642091,52.56997445585831
1.0,0.8551833670703969,36.76350429157821
0.8951970050137675,0.9109651168600218,45.64098530909567
0.9574636663142838,0.9395929655194034,58.77547553451421
0.8648411787437057,0.8714679784899944,53.51662354974059
0.898250575475152,0.9426234321716476,55.6864461601277
0.9885400317817755,0.8385408201099792,53.82921710057263
0.8686516471106116,0.972605884959128,66.2643073460886
0.9906224278998464,0.900707463248288,52.3604306382437
0.9353875967727738,0.870179429601556,46.13977202129302
0.8718766612052866,0.8850409113786283,40.842449588664394
0.931620386952776,0.940445963469636,52.49609458209712
0.9486277224813365,0.8707772354074781,25.592959852249155
0.9310904981108599,0.8625321155288611,48.15710998167288
0.8214887640054772,0.8889231701208131,47.94160140078656
0.8636431412087566,0.8411518943615016,36.35529146382719
0.8876240682224248,0.9910271953970908,40.71734161344004
0.8962783285449977,0.8716802704392639,58.09657530148241
0.931033604877534,0.9415808393090203,52.307117490749626
0.9088850500466628,0.9104735041823887,51.01788333707327
0.8332327820644949,0.8507732974759016,53.06347533932023
0.9190098925502982,0.8997022645393635,50.92627587948923
0.9305292872641912,0.9392001389655374,62.42862562858315
0.927989522396552,0.8905869332456847,51.234291817036485
0.9540390362777311,0.9596556472925515,35.417868861812494
0.9416961077274453,0.9510757696390932,66.3012996487441
0.9229590039614218,0.9459457427329165,53.70340267328846
0.8964917144270677,0.8770171613863502,44.107462692049324
0.8169519533242005,0.8460078776109257,37.46598281704981
0.9214809109566293,0.8693206197318603,53.959142209580456
0.9103843843581556,0.9098120470333361,48.828279950256245
0.9135789418597687,0.9272893356766178,65.7414678603241
0.8361625712089845,0.7914214297619776,46.54092719333172
0.8459471729795869,0.8995943399194125,41.626192103175335
0.9526576426666452,0.9079044612661592,58.95796218235928
0.8980222423071673,0.8861227871842224,59.25281892716831
0.9340750348686312,0.9645636919507939,51.68651367610195
0.9014159188065229,0.9210890037125435,56.76357047674908
0.9014878069747871,0.9655095954040449,49.623128792577624
0.9469141902987999,0.8892019739824885,52.33865101009247
0.8741977635891314,0.9468738746253462,61.64990882563923
0.9048060388470492,0.981753319726376,56.25318334021503
0.8768862355647479,0.9655846724636331,48.30725561667375
0.8782751886283843,0.8453929203285634,63.52362545926151
0.884541393826568,0.8873161961228809,26.35144627208487
0.9111066885816856,0.8827417647275102,70.52073311421935
0.8760625689168262,0.9244627267538165,32.940409051092644
0.9627878062786761,0.9343176777507267,43.72907175227704
0.8552696348890249,0.8580553662987132,49.590824648049306
0.890656417791932,0.9033919256958469,48.53519329271839
0.8780134470862913,0.7990036333921932,60.06411040026555
0.9723488942176867,0.9720972502900945,39.42163381389766
0.9098277388255788,0.8743812879661653,52.60766817483063
0.9515922269734318,0.9027931969922248,44.21787901780246
0.8257219813481514,0.884517514300597,52.95140979337417
0.913352513293463,0.9573013787506708,49.35227740202124
0.9444815397811719,0.758124677930131,50.92935652682978
0.9041141994637713,0.8991694828837046,44.50075167535655
0.9532740187532676,0.8947090621251151,44.899360499039176
0.8741355774949814,0.8773181806204159,52.87272514027427
0.970467372009279,0.9863113272817816,59.437155057560446
1.0,0.8556335270572114,44.01720665802152
0.881858071978017,0.9385898088617831,41.3123245542709
0.8777248739299615,0.9178126394353042,56.134601656718374
0.9726692238558851,0.9630759626267759,49.674961069423105
0.9789786072865356,0.8666405457611247,58.304981339859516
0.8738569986423366,0.8633515550438121,40.94202786628853
0.8789906591452071,0.95480349537387,32.20561074576569
0.8859107695569747,0.9212660654165056,44.66995918173666
0.8327774744482862,0.8227531326661621,42.33647390734984
0.8540674026757901,0.8730347492768366,49.212115999197
0.8497929616623966,0.9193191326924031,43.631547857296106
0.8616101217447936,0.9418882110773295,57.410169513364494
0.8982657556306609,0.8660384673403523,47.11849737577484
0.911710736626826,0.754287200509153,51.50474498773901
0.9775250246407039,0.9261611592868517,51.57634558440944
0.8500822979630605,0.8389839655028012,51.94955092412187
0.9492161199238293,0.7991330600938794,49.75870889545027
0.8893005577887245,0.758383703750793,55.10600690410313
0.8975268145173784,0.940699043009887,42.04344866174193
0.9337409746083302,0.9064308725202483,63.99417926653883
0.8438638989218851,0.8887171809643875,47.634626166314646
0.9191204873092026,0.9694512181481381,36.88450862101318
0.9083226104106529,0.9318662341511537,51.88073356991773
0.9246225632004075,0.9808150021360958,41.48819517552515
0.9144584321953909,0.8303632263916502,56.65334534508875
1.0,0.8982724688023018,72.09605576042378
0.8681130007874343,0.8191643312525994,42.1342790844215
0.8734501522499092,0.8885308834072266,53.32372333223985
0.8688429736787618,0.8875692073116661,32.44494411295372
0.8722261440419873,0.9313306818631536,54.53905229441347
0.8681306436346742,0.902278194057095,41.142862002003106
0.9594508265553776,0.9311703569139959,43.751653815655175
0.9710252123994928,0.9351720066569448,38.98713510160172
0.8714626853125262,1.0,57.32151226054736
0.8583822213447886,0.8842351672356938,60.07304357473262
0.9235707778193202,0.8529488649666811,50.23385214658508
0.8723888477859515,0.9123041807658204,41.3557329466428
0.9316465908877756,0.8598859986430228,65.89523036103863
0.910146151042565,0.9740980384218269,42.49589872245344
0.8242127942501384,0.8858390980527384,28.37967700072561
0.9773752600665031,0.8717211816063005,54.58389009957068
0.9897938836547762,0.8764342139424441,38.952253263584836
0.8693605654757807,0.935920871173582,59.88608793499175
0.8806149220032008,0.8921126508384257,46.18862303326581
0.9142932695362452,0.8679166589934809,56.03713240544196
0.9167228394993513,0.9832675958811765,64.01500346552157
0.9329272136336415,0.8571915079669126,37.91141135379278
1.0,0.9017783037016497,44.34062869107594
0.8911526386252976,0.9326153075805116,49.24328927342937
0.8600851377730774,0.8184332444791463,65.37551319034344
0.8310340385992736,0.9240130250702963,43.41617282059555
0.863453498002904,0.8472446162259776,44.054963040509925
0.8983436513563101,0.9411391390417001,54.78140575555808
0.9897278931758894,0.8518674494040512,44.22771274289429
0.8741194350481915,0.9346384515924431,51.52525882897616
0.911189397581945,0.9552916533147356,34.48462579031873
0.8991788551963624,0.9430718262816403,72.14329942556597
0.9594196636724043,0.9125658324119051,36.52290769690597
1.0,0.888434952853515,46.78247296009792
0.873456561353984,0.8711790211832579,49.67518964157905
0.8755280278740889,0.9735517345408552,69.12688134356796
0.9522080438534536,0.8650252389916179,36.7515421906726
0.9340945744813156,0.8481466963215002,69.83704135478752
0.9923353662868017,0.9332684467516416,57.57176821102023
0.9291964092662982,0.8601931598406752,54.170953244232464
0.882035395460647,0.8524968251266937,40.153663129820444
0.9295327415346155,0.8278197868915118,55.71141242038074
0.9554351790291454,0.8758545080269742,42.765133775802
0.9410241090598682,0.8958642488051753,62.66661253198412
0.925363701555365,0.9121545863830349,40.28937970892267
0.9533337344794577,0.9475653122149742,48.86841505543916
0.9584647795222837,0.9263448961832897,44.44726911986829
0.9691079495518764,0.890456389022341,40.12477037573005
0.9324354943794821,0.890090216181014,57.413198169079145
0.8916440959841573,0.9255078734457592,55.354587474096334
0.9073356843216661,0.9636285081464285,62.09010198900997
0.9603254483254179,0.90631570997416,32.20124891791833
0.8591532164506382,0.8765434572894796,60.64170702341044
0.9184336654436451,0.8503566999457227,75.05448905356894
0.8803330593836319,0.8277397367793887,45.48358910823053
0.9014372411467408,0.9333134836021761,68.9514861210897
0.963922593130365,0.9288989261819779,47.36838727940174
0.9095549534009952,0.9288681762553331,36.27590262438693
0.9023218274078074,0.8935670276823973,46.94367557593204
0.832007192951004,0.9703467372945875,60.48203967675276
0.9373126783013611,0.8757940752707591,41.618235176684685
0.9322742090570538,0.9477634618603603,43.99661340993513
1.0,0.8980628552505229,55.935394322931906
0.88461108825235,0.8695824617660332,50.030601167385726
0.910957516383197,0.9296265153658881,55.84622952486741
0.9124691841855378,0.9204818059341997,52.37829540758336
0.9788726639881737,0.9178486379633464,54.79625319551573
0.8952352233806524,0.90406392110281,45.67698814190459
0.913951076288517,0.8981053459141585,52.31730942030393
0.930394825485827,1.0,40.72626994304066
0.9093304561578179,0.9592128322598087,62.884336225033884
0.8776783192724736,0.9361413447492757,43.65725283182686
0.9097044996449154,0.9055899579101694,61.2884748754939
0.9536815874929886,0.9503578600298335,47.663930390171345
0.848674235029447,0.9258997388195727,52.019990107573214
0.9066484837073439,0.9013102376387018,45.050354491092996
0.8649939592530413,0.8848217837367043,39.84004568831971
0.9597523314462422,0.8959541331168656,32.552396123946984
0.8238406547608113,0.7414787132060973,39.446758414075404
0.8720539076364207,0.9105300419648821,46.760911467840785
0.918860593753226,0.875576195994482,52.11879178828884
0.978276201461717,0.9796334999141443,60.103793132832635
0.8967124869463506,0.9009672035405878,45.54242540203151
0.8722400236653401,0.8405518290232519,41.18039235732826
0.9940578534720296,0.8975059922935942,35.57285213997287
0.8275993049791878,0.8476939457468748,54.80063617904104
0.7900597021689959,0.9236703707856233,63.83194515329343
0.9220007225026666,0.9145473682169742,62.66330267956289
0.8748972887823695,0.9478919815554134,57.09932748147237
0.8489383591434644,0.8604559104152717,56.38543317267599
0.9354178223649677,0.9017004048114073,66.9762377970934
0.9121900356885599,0.8317489102286683,53.32081461416811
0.8717960684631636,0.9350747390962357,56.461296760241716
0.8359847800664553,0.9259435590220061,46.79216138148001
0.9436228664140073,0.9247902510513786,36.37956629145243
0.932510058897933,0.9000809515678471,43.161510995004235
0.8950412068110308,0.9207386445394395,49.90840961465345
0.9923318498023833,0.9802169554154299,50.60785372501303
0.8464957616836923,0.8857452871478994,69.26285854855394
0.823723741453763,0.9069322591855042,50.81277167591069
0.8654045965059378,0.8456936850409296,61.78843444025644
0.8977206991822251,0.8565869519200834,45.64922758423684
0.9121669724661347,0.9048906646546654,46.88324114234766
0.8879381971071836,0.9551966773350954,36.70992362776552
0.9176027698257149,0.8871859587874213,42.57671987123428
0.8374230287904778,0.8882041735343938,55.269813913637535
0.972188230203663,0.8796557377747812,50.07560180394133
0.8958924410803716,0.8732621664577839,59.42938619897234
0.9558647915794064,0.9147485727854411,51.8125394834505
0.9171362673188852,0.8251371177410678,46.47546268362258
0.9228376609576893,0.9640469788333365,71.48296863786959
0.9284883640116102,0.866728885093527,49.06096431286953
0.9223854280008658,0.9360951742719071,61.63000969705304
0.9321361379933772,0.8365000701303063,45.98790793455322
0.9664576265066216,0.9334420065273109,57.095994793835665
0.9098260584850735,0.933597230390725,59.28015659151687
0.9354501878794257,0.9192101036002949,52.08491970575581
0.8955132152856387,0.8502785739100104,26.455170773033977
0.9720058607724736,0.9124774094799039,50.18252460856113
0.8661803848970365,0.8408471907632805,62.304600477599756
0.9900470216455408,0.8873618372451908,55.2748083302773
0.8979921024677828,0.9514706550477663,54.458388752292464
0.8284612448940976,0.9398350963535371,32.77743066042481
0.9064052207455395,0.9007591471270217,42.79544929324941
0.865947417126256,0.8512596712038579,54.11357631151439
0.9420321774494362,0.9322793856087097,54.10383276786892
0.8673688010348805,0.9009690618849013,62.14666780132903
0.877690828339261,0.7839842200884789,48.55133244853906
0.8055229634527235,0.939131491315826,54.058240866738146
0.8773846840375462,0.8987883583065154,50.16374241931294
0.7788060336685522,0.9601225623991536,40.13057263498443
0.8208048588257139,0.8452364740578597,27.442086689052523
0.9380207328072149,0.7411648093402,54.31009692130077
0.9392900079325416,0.9139541929172593,51.73947208412812
0.9212728780892483,0.9145781838340986,43.81824957899831
0.8516511928435394,0.8154664186196774,33.80826943484136
0.897614432192901,0.8510750227066697,56.29739514408738
0.8998198730454716,1.0,47.34079925804448
0.842081765540373,0.8847194692923098,55.568747223681456
0.9751699150883576,0.9365479488188109,68.64048530411759
0.9438681145287836,0.8674670086315809,28.58569119680295
0.8889517913085169,0.7954848550573422,43.00399191297636
0.9013442919497265,0.8914870876602048,47.906243866880864
0.9104191403973777,0.8867197719856947,64.5482617414665
0.7979132565787855,0.8800060880665814,33.635969807935155
0.8876411308739702,0.8942679582246804,69.35861025680605
0.8659007876001101,0.9132134135822818,51.358559015662905
0.8499189995052543,0.8924941524373097,49.039993382661415
0.8859449853557023,0.8367996916026318,48.01940236781093
0.9898843263424761,0.924309239578097,45.63736967819971
0.9320421430633505,0.8025314122338788,60.48116759269155
0.8714410505108602,0.79748212713579,39.314792459175614
0.928629139067808,0.9369590247350784,53.454141816438536
0.9699677718293002,0.9253510136067679,46.15818334293024
0.9462316841456385,0.8971302317462982,42.37866551485902
0.9029815184960087,0.8302275747622464,75.85975175683896
0.8676531611147213,0.8646044529662963,54.1905073475346
0.9349111656806796,0.8868626626156748,56.13265544661144
0.9196742692710875,0.8202053015712943,61.37776780668662
0.9447596610013866,0.8630485670988384,35.78650054681453
0.9317585900840984,0.9326165169088341,67.52291909122032
0.9524776357659668,0.9713652682144609,24.910428215049244
0.8732382394219717,0.8790282623670725,42.312335899614794
0.9658697032817163,0.9378244177158049,45.409683268211
0.90987998023462,0.8042969964706267,55.81723364970506
1.0,0.9329725620556806,52.18718266141488
0.8655406090955217,0.859802579263626,48.331852593016066
0.9867981901582625,0.9153672808353985,49.880026553722765
0.9098955391731324,0.8876123790880146,40.21976976477432
0.8674290998192776,0.9660207004891918,35.02767605515827
0.875805708297284,0.8562782175830042,57.2651162233606
0.883982634590284,0.9313803148780916,56.93706112536185
0.9212082973200958,0.8860246268351734,65.84494375157058
0.926141774401775,0.8920847260995168,42.09982903184792
0.871314999803071,0.8908073053420396,56.928152103009225
0.8987822703869509,0.8577163447752943,47.162932716352685
1.0,0.8992950517046664,61.904749851934824
0.9863771585050356,0.8968675888939089,60.219627766781414
0.9218161834837016,0.9120620124203365,52.11209399224457
0.90190017390841,0.9042252572846432,46.60469843334013
0.9060015663359131,0.9398997274806119,59.60932178608262
0.9306758986365209,0.9461754308023684,56.469045232565655
0.8488603717400798,0.8474688339086099,43.15559597913818
0.8871311731288327,0.9434386250295386,36.72201326520569
0.8165707963061205,0.8406831786445073,47.11467099318204
0.919961156130264,0.9293927944068868,65.1541381534821
0.932359796985137,0.9309869392351434,61.464871587330386
0.8758406768850313,0.8044341554168748,38.876725303294194
0.9786993381645016,0.9046489623264705,38.322425841000786
0.838711716849883,0.8765751943319843,62.746838496794865
0.826781255989509,0.8620617371032313,38.64364095242171
0.9112225909279986,0.9675426165349503,55.09295323642008
0.9523549151306078,0.867316042968129,43.839287846636765
0.9841963845728935,0.8596811535440976,66.17044924521683
0.877055786856553,0.9037847470002547,42.295752008621214
0.9539340416715648,0.9342794873149208,61.433615302058286
0.8980745765249647,0.8929175706994936,51.84858654060365
0.891368635002959,0.9583185272834627,52.52194854234287
0.9441829968743336,0.9265487830982045,30.296914186485985
0.932616143920671,0.7910894340134285,27.970866467942813
0.8211803921507875,0.8735266518246496,47.79434059732686
0.9738270174862949,0.8719078950324151,52.46906063416612
0.9690045677073726,0.9239680476714711,38.74802172262277
0.8687218649245235,0.7687591471812945,39.11306589523658
0.9197901766718705,1.0,55.61472629826133
0.924701509314137,0.9265513047447105,55.628544804571305
0.9130336882911954,0.9074438401958845,48.62258939612073
0.872484742307729,0.9590783858209574,57.80201721186075
0.8664188316030974,1.0,38.25797704279854
0.8987222964504278,0.9435373322294202,46.44065082913029
0.9586364509629682,0.947440654823581,66.47877605783674
0.9271800077297216,0.9065345012232191,50.68322129939818
0.8814692833956947,0.8929237123316526,51.26312514587
0.9385849355324173,0.876210227799755,73.0594658596774
0.7575728689684963,0.8586944004142729,36.006578341512295
0.9574382850186052,0.8656492950150252,57.9643036664211
0.813014311061095,0.8324722017828509,66.639862798081
0.8818779529298434,0.8962064274657489,46.75142073501454
0.8440165052686929,0.8157666211386807,58.59630786854846
0.8352659262139548,0.9095458262071856,40.17980502789095
0.958041339368926,0.898183469597883,43.13267604432649
0.8766149399344054,0.9073467649193344,53.849664160476344
0.9173251940865358,0.8738934214990004,57.9856667311059
0.8976539710560408,1.0,61.20936512406246
0.9238520413611561,0.9680057950090156,65.69628586939493
0.9038410945530128,0.8377728749957639,49.32553441444818
0.8358503887905715,0.911643404371345,61.93611755172588
0.949813340972357,0.8695996928531339,46.57695156550851
0.8753121708419344,0.8492760136646293,59.02091311588268
0.8221709050670125,0.8329963964438033,52.074887978521815
0.8785942419517044,0.9216108345379628,54.45677907081924
0.9750379895317156,0.8659309882465214,54.235078740220374
0.9425110871056747,0.9483913012012603,33.95294990202188
0.8825673932796071,0.949689110726522,38.75878141139226
0.8825371147840786,0.9686957192605725,51.02541439817522
0.8839182474391309,0.8573806616962948,33.127209203588315
1.0,0.9237682805346006,58.31211103199756
0.9190967726115777,0.9316227108321151,58.71555966288142
0.9215020823595536,0.8762910912448018,53.2717055287779
0.9515141727015921,0.8614114021303563,38.78865987242078
0.9119394579513257,0.9804760332887986,63.801389388685145
0.8870478927089649,0.9113747937866027,70.37210639718357
0.8901825075457511,0.931798387535587,51.470768274459736
0.8964199370292968,0.8588961994086036,55.10535378451236
0.8981388881745079,0.8390357766738903,52.01738654796044
0.936381477181849,0.8715275112753945,55.30369188998799
0.902597294290365,0.8937989306305002,48.80441243373604
0.9366320038607789,0.8467889996591326,49.65435760156197
0.8959641709945709,0.8995077595674809,59.057176004973655
0.9039317595158045,0.815574740596575,73.45624161896441
0.8000899657733946,0.8439976288765064,35.99928765598261
0.9458163837351241,0.9335455624138438,48.96187515597033
0.9173244237948996,0.9301895260138947,38.19539514767918
0.9499005054929827,0.8804061617306567,65.92024898576084
0.7551872310903156,0.8491117845461523,44.12262030680102
1.0,0.8486298224236994,35.56799206214206
0.8930205185922413,0.8813365877029343,56.38186998848573
0.9554091408368759,0.9322259245822646,67.44311114743111
0.8480047036437235,0.9464122845672163,56.635978685607625
0.9306386952531285,0.8751734132259016,52.04797877281917
0.8473292218413172,0.8423253787007609,54.09140922775994
0.8688115519652098,0.9133921818933167,64.14840662825554
0.9957015676933393,0.8588232514687075,41.2580072998585
0.8904658799618327,0.8740873680569399,48.88152895913687
0.9108716436589862,0.9662638045218519,45.47309851490466
0.9435033865344378,0.9413557714282884,38.3213469270829
0.9247840943986303,0.9078987156125726,46.71624740583198
0.9075209452571789,0.8364040499443639,61.077210959824484
0.9182480501233112,0.910569828373533,55.66602148392725
1.0,0.9531328645393764,56.443105001082
0.8971190601483208,0.8812183167117232,51.46475611653318
0.9100549523357484,0.9675557044993358,55.23323782728588
0.9525327198003807,0.9646372644759104,41.99409657651895
0.9552762966478993,0.9831866416071737,46.90490114072771
0.959351515278019,0.9152621563265677,51.92004236968677
0.9319365111014593,0.9293695849903006,52.775158588818904
0.8428497543634759,0.9707093644165545,53.20187854921873
0.9816715766150548,0.9223696968534488,48.61664717983622
0.8426827303490656,0.8749382946104893,46.2257659886967
0.9151317732619517,0.877572858173607,81.57771283044298
0.8622862074990322,0.911927747688687,59.06787272932399
0.8967930826703504,0.8354719289026891,54.13147475952623
0.916438120515174,0.8928370542317904,47.66791501793606
0.9160678607725137,0.9548273559115127,45.48781173056124
0.9210960377117643,0.790437307441736,48.691994062730444
0.9806855634529323,0.9767241050897257,52.92828843586683
0.922676715075699,0.956118710935158,31.19564455936919
0.8877921682354676,0.8770117692084762,34.30610404625316
0.9482043584144179,0.9271695413935905,43.631176110610426
0.959473524446232,0.9001573863453164,52.071394367785686
0.8386196092431504,0.9614995184219342,47.607268528481484
0.9298700034924929,0.9491341571384971,64.78121226099485
0.9350586371155449,0.8299964638408496,35.17603213004231
0.8851218248320004,0.9293631206732088,42.486545303966295
0.968785340665581,0.8897186073178376,65.20091740991101
0.8924972206483737,0.9041416285259051,51.311193246751465
0.9062788226735772,0.8635914049515092,58.848425828011585
0.8913464087858065,0.9874068534560418,70.51246943269463
0.9007789523790733,0.9520030909951288,43.06195582098177
0.8451862456552399,0.8630114418013517,49.00685662207968
0.8279974558702853,0.8332694696544883,47.27573099069129
0.9797252531612486,0.8807163684511076,30.454069955167245
0.8576519325840837,0.9217251323045653,46.89603196244031
0.8504303825271846,0.9120102921973112,58.81062187380665
0.7923304943198143,0.9626566412384122,55.405895418122405
0.868051912615525,0.9394959861090426,56.1908316938801
0.8338455103296251,0.9484784512876454,46.24491019360501
0.9821007580068185,0.9163427700305219,43.43902763994359
0.9504908544671318,0.8305350634894505,62.692556718986204
0.8655924827411138,0.8902150734426549,45.0268285364233
1.0,0.9530044869954333,52.94082038793214
0.9490882743495798,0.8974238535737677,51.633346806775386
0.883758430824569,0.9251545184311873,64.61717016257118
0.7750297142563214,0.8840625842376933,59.714123576723594
1.0,0.8485094075729077,37.04741379332879
0.8305213766618202,0.8938327967976945,38.1244683322496
0.8177300626521554,0.9154523721516327,55.78909818069134
0.951128521600482,0.8672156140269278,49.35662352620834
1.0,0.8882144377571666,45.44828216046236
0.969213640925526,0.8530268379007009,60.156278839944704
0.928195456002618,0.9559622458782048,51.87459382088911
0.9297377170832644,0.8852772121205983,50.52457386889444
0.9426707779390154,0.9726377772563092,57.7982864075505
0.9379464294893383,0.9764373925270454,46.248910050564355
0.9140595711984688,0.8959477017639128,65.68518985472554
0.9052100551975938,0.8495775633726326,42.11952376766992
0.8968703436050239,0.7957051061133331,56.56929066342088
0.8623017705566662,0.8263981463486605,64.33832838659845
0.8859662461566613,0.831308258755067,36.227045107279
0.8153521592902307,0.9689234813730753,46.566648241475505
0.8950830186602625,0.9057912293613474,61.42207392885558
0.8505704446424541,0.9194802262045995,61.572445477310254
0.8448205341392114,0.7889789495532438,48.28504399611761
0.908994707557674,0.840101678539137,42.653289063231405
0.96960011431723,0.9443539888223144,59.55935822330762
0.9459158303001157,0.9143387056191293,61.83549102581605
0.8214749698188412,0.8926397360657201,38.35336651487605
0.8505185931714832,0.9282421179300061,37.960863510336196
0.9470385593994108,0.9817898903067908,52.252566819836
0.8508756303230846,0.8889478768231475,56.29360633428892
0.8887683425001488,0.9034684901329035,47.009309147699454
0.9275026049512276,0.9096298459365653,56.792938199823496
0.8515827772568183,1.0,42.89863393162618
0.905268775307298,0.7950321867790487,28.853064009262646
0.8332987252540898,0.9341611507394404,45.76098927667404
0.8699316178024393,0.8942598875620469,50.632321465131014
0.9159890967071269,0.928338586309209,47.241600401035434
0.8203503133234166,0.8671313723002638,38.41396736340515
0.92202373689802,0.8975517484570775,31.843510241211824
0.8990181100536659,0.9355705289732748,44.85911195632102
0.9276244977208574,1.0,58.97655771649744
0.9111957067032331,0.9404018094701035,62.561974394136826
0.9682070214986922,0.8575967200984745,61.87713384138455
0.9062612251323954,0.8788120158988648,41.84090464851447
0.8785297229437373,0.8773292945808073,38.46293676369636
0.9061148751516143,0.8102178413684993,54.96634614979895
0.9271649014518194,0.8834954904149281,56.351000115979254
0.9024430035162853,0.9366414540910872,54.001696052004974
0.9020295845601941,0.8362883940461603,29.859367257622367
0.8649004156096622,0.9524241325525297,41.331154151165336
0.8668549541224526,0.924388741054217,49.70311209714021
0.8298697364100154,0.8632883339014481,54.87218194630427
0.987478837159347,0.8929235181331077,57.673073626024866
0.8378068382304358,0.9799160903820516,51.4425352228204
0.8653547401102046,0.9366773906752933,53.30783806538236
0.8640796367215402,0.9004391827449074,50.848654583611044
0.9447462188472221,0.8881158341519508,56.85619374218483
0.8852525160853987,0.903830453522583,53.12865651490911
0.9623871036336867,0.8744118221028848,50.65737660047287
0.8663254687878066,0.7947625247140493,47.31631200862619
0.9139497081111901,1.0,50.81291425042481
0.8582326473370121,0.9077662499599701,54.84591378839275
1.0,0.9199073632561269,52.67475388898061
0.8406200790485244,0.8971046125061546,53.808264183452536
0.9154910355113514,0.8632441599637706,63.427218613511855
0.9316888440466049,0.8907037759525614,52.65163922746587
0.920689954872575,0.8200302618902845,43.510014795268425
0.8907356170561146,1.0,58.83606785994169
0.8935089650133287,0.8382744000788802,36.33801662331082
0.9021905735989555,0.8484016858076411,39.18586619260713
0.8926498999185756,0.87798703978068,53.35847264720069
0.9481939558397455,0.9644037862426189,55.16396667786579
1.0,0.9007254499631328,37.54948776496005
0.8721254107496084,0.8381932101984769,46.1718251901325
0.8315098510210461,0.962716918037867,43.93916167780341
0.8955858975824372,0.9365500313392741,45.13323677118403
1.0,0.9269217478608226,59.43597776272946
0.8598162716015135,0.935786712058542,57.06505463547253
0.9819558402722034,1.0,49.80877820146293
0.9838850407038221,1.0,44.54038072885072
0.8723205879146003,0.8656642328498353,36.503503297798595
0.9284491539592638,0.9811942496405577,64.2018493878195
0.981419831156427,0.919158409487945,55.92113900284918
0.8810436129506257,0.9249547908068875,42.933308959268594
0.8898209819948819,0.8153864584178336,57.19599497624891
0.8709159543025679,0.8914807117305902,49.29776379425374
0.8492621634653567,0.8593588204831718,47.12890495137657
0.8675361227466997,0.9414029407446655,54.35211528289602
0.8388029866618872,0.9535540250201403,42.58501750087275
0.9017041734129613,0.7962756824491845,46.5624348048989
0.861501338447068,0.8988982567997865,51.214610641995456
0.9116892955895374,0.9560930752397127,45.005488071147866
0.8222052176898187,0.8906660518843278,56.69085210267524
0.9165440116107229,0.9364531822501182,68.6906650367826
0.9416764480804463,0.9175582733813542,42.45701867392857
0.8003132178714273,0.9170830115976314,33.34874703695956
0.9187028284923786,0.8864342510965851,29.982598325237383
0.9613834496236646,0.8391709597932145,48.49531858505018
0.8395179490654398,0.8439234926287487,43.36835409873817
0.9836286193418852,0.9354676257227659,52.0786050106708
0.9209509504683023,0.9009729127759442,51.32597672026101
0.8647494072120796,0.8930743877696388,33.96783153385904
0.8972115461171147,0.8788054978838824,31.85116170518594
0.9279163456260862,0.8847405577259624,52.959332403460955
0.9038002695706207,0.952345589724407,51.35428834719957
0.9269377996223185,0.8832377959065987,45.741820016334486
0.8539663203460317,0.8329467643349215,33.428564148676955
0.9084680412018039,0.9371825887770087,54.713912627649904
0.829314275154751,0.8897561668067642,62.71899545423943
0.8944386969325651,0.9015697932766389,52.77982440218922
0.8548046179267605,0.9803789153199756,41.525261094349354
0.8632235028705116,0.8989719721324747,50.44552165571152
0.9618046587605219,0.9144591836559363,36.33885919066315
0.9545655060297135,0.8410538254350838,60.57960713838793
0.9304569060453589,0.889016527382452,50.818443345295385
0.8453843617663711,0.9304763022604301,32.31843088246768
0.8841795775152599,0.8222313133079379,46.99325639556317
0.9606548849989592,0.9100422546557855,54.633015102342306
0.9070858456819952,0.9050395536322403,46.669523790244774
1.0,0.902064372779372,47.24104278559826
0.9196658919697186,0.9518579449329122,37.75597792952728
0.9096024558245016,0.9167219257424261,55.66540987081656
0.884544176789875,0.9739035949178222,43.51530799980863
0.9066770452391141,0.8503205242202982,28.435546229949672
0.8923765081809728,0.9067962283609174,46.287426293296065
0.9354054338344295,0.9042233393194974,59.81149715570353
0.9478351158397292,0.846537275312246,46.130705534000526
0.8607005269746025,0.9478147501045673,67.3798498512352
0.8334383523221112,1.0,54.28967948548517
0.8081897313448352,0.8991496962758084,53.38758162280366
0.9253995663456273,0.9252510544136884,48.71601734082391
0.8448316696913063,0.9042259237907664,49.31713792235709
0.7923554703523759,0.8643207665046413,47.36576364880496
0.9194289302265483,0.8089619861098992,46.97730607917474
1.0,0.8647113258452318,55.30867162067149
0.8996964544230054,0.8304020809524134,40.641687702094345
0.9419245387225821,0.9852051039029559,39.2410617127574
0.9040914679273783,0.8942445153038381,38.768049491246224
0.8950555173404429,0.8827040335476415,70.45654547677154
0.9459538241493884,0.9444576912393903,55.3034290167058
0.8854862727905675,0.8439124448572056,53.04492201680145
0.9133696157035952,0.8616567980997724,39.42485329706569
0.9160848903098007,0.903403613462431,56.23342300674828
0.8665954773178476,0.9514384495711741,48.83428653546671
0.9496021174768262,0.9250842522584395,52.1416894113175
0.8912520121652295,0.9124162571257941,40.23379684136444
0.8622127420253578,0.9039058867618008,51.602688574175765
0.9268254921785202,0.9200117927763388,45.76166461793517
0.8550766009104481,0.9100826452564628,42.343888429698126
0.9014090578684565,0.8485013862611532,57.34106335807249
0.8995440501677898,0.9023039610816576,34.62292191469997
0.9542947782915789,0.8463155670541124,55.647762643141505
0.9237349116439977,0.9040541271450412,56.84486133552996
0.8987486520627428,0.875967602925588,41.20356324448759
0.9408883149600143,1.0,41.796715388675324
0.9695103774508657,0.8980052808124144,47.769743187335976
0.9278905153175931,0.8297880216869206,52.820362104622205
0.9005176309921691,0.8932909894661538,48.471450081857746
0.8344081883824921,0.9259679372818944,54.335624601918795
0.8467443168462314,0.9836681973076262,67.62979652537399
0.8847387647822667,0.8705273800030641,44.92283230850286
0.8695243898920358,0.8208786012988181,32.84820029296579
0.8906514348507277,0.9408418505715491,58.25923583030653
0.9028324962448554,0.8309700647050174,66.8331457592753
0.9264846377178365,0.8781922279246258,53.92768363051125
0.8964750610970454,0.8871189757244503,39.12251324646332
0.9243250821913102,0.8965183273349946,48.76107636764799
0.903223720740506,0.9344582228537168,38.81476515788368
0.8012266716823064,0.8658182858856807,56.42855493962948
0.8530332303090623,0.886313537391662,36.487095973015656
0.8927956222139193,0.8992864823525306,46.998712131718
0.8395152628579446,0.9074798978759394,39.956621737060935
0.9299964364998102,0.9048913587353962,51.268246851349616
0.9765375416171849,0.921800288761129,46.33658322862242
0.9609380925848658,0.9421919754820869,51.76762103250264
0.8893278564534897,0.9196317057825484,50.223505549663656
0.9745363068424976,0.922679276175461,40.1334097227589
0.9074333728601056,0.8208888416626762,56.26877063529022
0.883145701444098,0.9025113849582841,49.51234348156885
0.869329866822953,0.9239753774000804,40.114709921340996
0.8848765156755936,0.9364470597285225,72.40926556205793
0.8805911590729386,0.8653824612883103,54.764301667171246
0.9085208111187744,0.8670480362555678,48.467394466006944
0.9080286990524933,0.8712949662358201,64.15204526701824
0.9001523010076707,0.9268206949945672,68.41815609386607
0.9218469084873175,0.9516940527462104,48.546505776861146
0.9595323137393171,0.8796269946354199,53.47397486434762
0.9474777067720662,0.9453981156813525,40.119971819970594
0.8257551015775049,0.9061739904582298,48.528072492319886
0.7723039432549023,0.8937857111418782,48.009374462401304
0.9467159955619637,0.8894307885091016,51.84827033621654
0.831656065079229,0.9373305682301079,53.3276047863701
0.8887617299053658,0.9162788908393535,55.5982844882806
0.841494348697032,1.0,52.37642656299959
0.809900978120999,0.8573887678501338,37.89257373370835
0.9270731364102395,0.9259050851014988,40.61532894258915
0.9379577580151324,0.8735399495094244,44.53592380536327
0.871174479963664,0.8565356506505678,47.17759408076771
0.7704478853927546,0.8994566431482515,60.50774290472114
0.8726877775873759,0.9068676239703518,38.37061013147087
0.9195902002701274,1.0,46.425849518293
0.8260544215612936,0.89079270921584,59.5300949821405
0.9091679959889578,0.8434910635257659,47.00122525503388
0.8992345075413503,0.9136505358747193,54.60415649842824
0.9289645749800545,0.7962679981226816,48.604579570720965
0.9059790184207077,0.8954021608697867,52.56783257324723
0.8513465529559222,0.900801264114758,47.71527456190459
0.9598285750832246,0.9397300191472606,56.67065472728354
0.8920735213486515,0.9486811124713924,34.54943592593565
0.8986347730245035,0.8748215190546141,46.36687991611455
0.8533366020463402,0.8924692992685034,52.96572676694308
0.8778358874404245,0.8616939584694665,55.33695248006193
0.855759864298655,0.8435968722596153,64.92952622753828
0.8913526970038289,0.9154947389690318,46.089753331344234
0.9855854240071172,0.8363207225701701,64.79481761860873
0.8314049428534322,0.8792686549714068,43.40976173340329
0.8193219301061629,0.8502413020050381,63.28646411544644
0.9735585163746805,0.927484159314513,58.17467126698372
0.8895338161424067,0.9900715049633244,40.86541420367777
0.8665463630670042,0.8349206008598334,53.07039237251822
0.9519952343698038,0.8073490758551216,49.487641644678085
0.8697192230131569,0.8937556557324966,56.25584593675
0.9913004856773469,0.900784889797888,47.767284115666904
0.9338962935669635,0.9109329653378649,46.927537743382686
0.8756044295927149,0.8776839742382828,63.69094582762851
1.0,0.8899680350587285,49.01279105544327
0.8697142538498331,0.9183755205270302,58.26422324191766
0.9371047686004653,0.952021544632242,47.746485149558005
0.9149646290203246,0.8022475614840858,66.66663259227523
0.96508706446994,0.881553028048427,43.21665370664507
0.9780755598363426,0.9106904396970532,43.85856468752815
0.9016002074532884,0.8541011947694632,65.24517181115903
0.8623291064826909,0.986558481588365,45.55053609104747
0.9229986071469558,0.8682295059885632,66.01074306164392
0.8661142315123947,0.8979353656496358,58.918405795948125
1.0,0.9278011048421145,48.453502934391665
0.9068267665541369,0.8704357605599053,31.867065279828417
0.8817339224343946,0.8076713476097792,49.80681695728164
0.9092340152932454,0.8785672736541733,51.016300535334246
0.8326436855235152,0.9514720277963521,61.67217733304373
0.8514192980744675,0.883155243660743,65.88447176240112
0.9600206953972213,0.8576782849270511,43.15012820856252
0.8671552860514302,0.9462836104751361,58.011817639881826
0.8476544508659031,0.8834612551988474,57.65402156013349
0.9268326376263644,0.8744919593174891,60.73412702410445
0.9592852077331498,0.9074728044831655,54.98689912135544
0.9359476655332534,0.9385375104809394,30.575023090382302
0.9498023842902908,1.0,48.445775674722405
0.8621602455715269,0.9413618053828712,38.44292425083085
0.8289094666629079,0.9579919983194173,47.973942270819265
0.9750666825977744,0.8747016900506073,59.80004236133894
0.8838660080578933,0.8487065947015262,53.05150835874973
0.8874583491772476,0.9031165674809561,61.480908663974326
0.9664097070924529,0.9053584957629799,53.41753920713539
0.927811500470033,0.8460743629317702,37.01674060331097
0.9227943886040804,0.8912352735047994,24.791529934272653
1.0,0.9199658800859566,51.4880876167959
0.8678240884809929,0.918019669750904,47.86073533648835
0.9463920064040618,0.9252143926692137,40.23054260618118
0.9028506562448543,0.9145482365068722,32.99372750348622
0.9134296139431629,0.8746495670364972,42.65256786527291
0.9764234213206266,0.8743049686675579,48.05508515135224
0.9253917878144812,0.8400524301003062,56.6587782370639
0.9269148039524817,0.9892387519592548,51.8863108156798
0.9536253668654902,0.9006725182309647,66.0806724717273
0.8817523635228558,0.8887573472102575,39.64395943954606
0.8580395166330497,0.8535603959273771,58.81058892057433
0.8477595402989483,1.0,50.47298743128728
0.8016821705312,0.8463335983888552,56.946691241185846
1.0,0.8785576037196964,45.63485136734457
0.8448395817139158,0.9207918418143031,60.716803738905895
0.8889373188207115,0.9300106482872139,52.952247583452426
0.886159335005554,0.9478966027607842,43.2055501508225
0.915370334890455,0.9903804253884632,49.87975971086812
0.9407868606269648,0.9253078827730357,47.60444141062901
0.9430236744179873,0.8471984600016667,54.891783506377934
0.8708461280715531,0.887152743743911,38.202232506254916
0.8916439143106795,0.9153916186256943,49.706482978843056
0.914128997524415,1.0,53.953072526493315
0.8875654436908227,0.8301097260787852,50.33023307193033
0.9803672788009996,0.9601288252612614,63.46941244388996
0.9245487475819126,0.9089957184773209,57.74022774071052
0.9367438893024909,0.941891526761474,49.925192032592534
0.9331440634333706,0.8949002641682035,52.16689097497673
0.9586736928742663,0.8578783684936837,52.95665551481999
0.9090510779351854,0.9375436389700667,54.03299604166824
0.8351584026022076,0.9327215513552811,31.74342004335392
0.9199843975876321,0.9486028482869862,46.98473704230653
0.8674321553104085,0.8993347682310683,35.15560931806574
0.8735691659125122,0.8700088988340076,62.78280947459486
0.9293182009377546,0.8220606502488079,49.391504799970726
0.9619141535716819,0.9409686634069704,48.06659050320377
0.9010635788368031,0.9211944741221993,58.967973320332355
0.9154416506299482,0.8517108683568021,54.22324797449875
0.985110747231762,0.8730713163351688,38.71365485620793
0.9120376589744285,0.876662059402428,49.29094637472631
1.0,0.8258507784008792,46.64833026773615
0.9282754822815772,0.8591158801697434,32.55467111393946
0.8119618620422091,0.8433084821596823,43.09723766762795
0.9376670810552267,0.8793760494056032,48.16459677983534
0.9190579192441389,0.8630651250835218,48.850490685081574
0.9644876377041374,0.8186497539566626,35.17768576322691
0.9336590675634979,1.0,61.516655830474754
0.8930772008008113,0.9626270365514615,48.97896941108561
0.8387850881855318,0.8610490289240007,50.37553076660563
0.8895488371356988,0.9136210698326805,54.00641638339837
0.857473977289535,0.9208732544910648,42.11923746096329
0.8709738275097639,0.9595542927386739,54.56355973132696
0.9294289202210305,0.859069748666996,46.32925353981817
0.9834952252175704,0.9546053391991214,41.03414459352808
0.9197335764911491,0.8726047347896533,55.73447493355399
0.8402058468982408,0.8332068797915694,64.91673858801808
0.922230133411007,0.9362068279657249,57.248293734858315
0.9598315743322826,0.9645379212061215,59.2297756514043
0.8695108547840309,1.0,44.79369393437701
0.8932991416663542,0.8400137367454893,34.023802708315436
0.9007344097364599,0.9349459842540395,64.90137522099842
0.860755084345888,0.8795099378103234,70.5451488940476
0.932414021692193,0.9391679355262016,65.42806773769682
0.8939525925696109,0.8264755224384375,46.6421406102025
0.9209766221953514,0.8368615112150718,38.453656612711555
0.855625391109895,0.8612062588416758,39.34317302180433
0.8781270849838295,0.9039482022834042,33.16267432385951
0.9361190678913885,0.8679459366730823,48.926213815899544
0.8813583423954117,0.932952717195671,66.05677958082454
0.9863481925616703,0.9513447309128957,48.58337368127757
0.8800181907192699,0.9299788770622678,53.02322900348275
0.9112342362875944,0.9809393819830434,63.755969643042086
0.9466295415936545,0.9207913314727671,45.959046881676
0.8290817133533485,0.8391551644829917,70.35531456719595
0.8119595594009612,0.968168825676917,69.92094407497453
0.8237171842714953,0.8697421882197002,48.68888661319517
0.9631292051713591,0.9455209249842785,44.22465735980787
0.8724070927053776,0.9786867108277554,56.97238046390313
1.0,0.92283440053652,46.52475057481142
0.8717876200671306,0.8251920593417675,38.434447829326636
0.9092275651598519,0.8540893916745105,62.812386535229805
0.9771054976283938,0.9661372233442568,62.1644738727708
1.0,0.8915438657178592,51.55511603763561
1.0,0.9039786767471083,37.37135246271822
0.9604183115296572,0.9379412208081805,37.70473748782614
0.9512031262905731,0.9348161431040162,51.072292884191526
0.9296263474600592,0.9139399906192731,45.00128965494968
0.9389180538083319,0.8895665814389767,46.58907067858392
0.8724407141835734,0.8843665777133821,60.21963155060003
0.8590900558288846,0.9428949412645672,57.331793174225574
0.8998312771294524,0.9276784765533896,63.78142680497613
0.8914907688737536,0.8871349999691105,40.09376776622742
0.8773385975336363,0.954105615649657,46.56808431313288
0.9348193723728357,0.8935482942435108,57.589816954601126
0.9477652604285256,0.8574168912832804,54.480783410128915
0.9044203443145924,0.8620514650548328,65.32380382587621
0.9738765040527632,0.8510629581845117,54.20536705904069
0.8429155442933247,0.8863794991698156,68.48109104105552
0.8903170270360141,0.9616862139168096,55.400178017231404
0.8641588839698597,0.8597452409484746,60.6216744758866
0.806673169146347,0.9094237880509052,46.76485053215543
0.895865965707865,0.8671655327186294,50.14287211883989
0.8939126245808359,0.8869845479364281,59.10944403839475
0.9756724871621065,0.8244979394007375,66.12978170593054
0.9315405842277389,0.8889730885421732,57.29236949310753
0.8487906587835398,0.8903147310097519,49.168282280653806
0.9927046283167095,0.9270143972017848,63.773350295283414
0.9610516847762677,0.9111640456627685,28.08021343720118
0.9291048851734308,0.8400803937523977,35.77765498493126
0.8886757950575084,0.9542099122021772,56.81634223668389
0.852028038163826,0.9105151520110998,50.14108356253125
0.8813896611964473,0.9099196758588743,56.05513651124165
0.9544374309852093,0.899540882330743,50.64407522431942
0.9942293152967304,0.874112127638889,55.70945694603873
0.9771621764136095,0.9108901169874364,41.8559717900681
0.8755575289106863,0.9237794217964291,55.704860860796906
0.8440191283355495,0.8126552154327222,59.944145282075844
0.9070443123455603,0.8730619581326953,62.205506039312326
0.8115780317218574,0.8872526514798206,70.13554294648699
0.9161583857092391,0.912808530284714,52.440984435023864
0.8926198706850665,0.9596655502963564,52.73911086847178
0.8766981749065879,0.8614129592701609,34.76827535826152
0.8202648466366602,0.8751019076591079,44.68588598861575
0.9256800053284858,0.8743732944676725,48.069179259933875
0.8733649580169045,0.8599236204947729,60.50319552276355
0.8415041582144857,0.8826406752443869,43.88998875910371
0.7563868893359176,0.9385401109993986,57.963400197488326
0.8986242547474682,0.8473082252317827,49.9837828303662
0.9886125798334873,0.9213907197576452,48.22831884885238
0.9830629607273935,0.8149048884990833,52.48893969133256
0.8771451871706865,0.8719331001778897,46.08843627747158
0.869889396981911,0.8835255349891007,45.709627519073344
0.9234387128037512,0.9837429836457032,32.95214094209886
0.8500807280405854,0.8862598847623656,47.52045792672111
0.9150895949909733,0.7899378263274541,45.20031853851273
0.9383040139192346,0.8000555546569376,44.840190106509205
0.9613466611942154,0.901701479317334,54.1687306259004
0.8949922961760024,0.9306885427894954,56.5863195279051
0.8898163124911517,0.9187727928813627,52.321945046423274
0.856100870662172,0.9083785052900495,59.95415190449474
0.858655982298007,0.9581129798752834,55.75561925830365
0.8886760554049237,0.8730204389631434,47.04943810194358
0.9183682753408089,0.9447455278013412,45.3714371428562
0.9456792313116625,0.8183992557486791,53.128222367668464
0.8598410524659827,0.8547526083530967,55.73767109901901
0.9746344284479761,0.8096479302534092,63.97844307031498
0.8864438199478716,0.8862577349665104,61.911730449400956
0.8989316352825782,0.8976869391366828,44.58526993492831
0.8626394160426089,0.905705074611326,48.979937198727384
0.778787986986353,0.9030941676443568,56.7101780491777
0.9442022698180526,0.8536223334594136,60.679977780589724
0.9368421948546217,0.8904879577793392,59.38969468704792
0.8859336221440893,0.8251276665697126,49.361221671686536
0.9033495358612437,0.9681614487566126,37.45977347571483
0.925796960885205,0.8848186963551,40.010636237544084
0.8218727071556728,0.8755556940478154,52.72633514319414
0.8735473661326852,0.9794470164222042,53.422255794243455
0.9397132339810914,0.8378876733225386,39.01320626565615
0.8372855288415375,0.8437206442984015,50.44569610889272
0.9146778966083315,0.8451889837565718,56.31224356971783
0.8321709097688298,0.8966064309150259,38.487733424928564
0.9233214991216764,0.9215815814818799,61.049972018044144
0.8982179258851258,0.9369837734058917,46.22468851440175
0.8192434092047245,1.0,62.57613112576651
0.9582369677228586,0.7875283772899618,44.665475542241
0.8632704211600976,0.9304367794562208,39.73374517115821
0.859487378149281,0.8721434713713885,45.418630101582806
0.9100284598615471,0.8706792425555614,49.048518769226796
0.9574318674714358,0.8690113935873062,46.11520093228519
0.8492089090510802,0.8545615164596013,47.83998578426887
0.9030839924923986,0.9842262417301726,53.3396514967619
0.9214408250165287,0.9421148663506952,48.28820630203601
0.9346552803631573,0.9011597989278688,49.33887606047993
0.9088220777638613,0.9675507876243501,32.90773600797404
0.8816486080458339,0.8243735517350562,53.91698016010473
0.858620488967564,0.8334647434334537,49.10796702308332
0.9043071941523187,0.7911016133902656,66.1029298048287
0.8463930494007197,0.8650292729938357,40.60434832746042
0.7539324758252697,0.9080849263352376,31.917046715004858
0.9218279902078834,0.9051429288966167,56.18068493930042
0.9451967420543098,0.9074670955529941,53.46527018313
0.7818533782229081,0.8294471584466959,39.91566979468854
0.8495134647645032,0.9401577371307012,34.702510449959085
0.9309577130502599,0.9119813759119499,65.3739673068429
1.0,0.9366527140733,64.14110390606781
0.9010396853837704,0.8053618911204974,25.125432412938707
0.8635998529385434,0.9155745429398895,45.41776970743499
0.890855177944758,0.8406117380041237,66.64192054783899
0.9687438209574093,0.8801338373724319,45.23937442222133
0.8677017910437732,0.9267182449318192,45.09387765973347
0.8600403996674874,0.9045546803127957,47.17240672370632
0.8758628238908984,0.8574230010110341,38.79103026231841
0.8523335695870644,0.9003136578092209,32.95224255771956
0.9061335157997398,0.8234232342378178,60.52547310734749
0.9812339229234781,0.9575133697949149,31.570630937523244
0.9161539636558015,0.8897357990251874,52.47271452108756
0.8873823248936856,0.9559274972127664,58.865794927576495
0.8854094365542228,0.8736734156451978,35.48773701098842
0.8218404595651672,0.8738212005796708,40.757315974049284
0.944155488857358,0.8617906606681077,62.1317918839159
0.8961081401493599,0.9438086965846538,55.3289172022704
0.8909760043204688,0.8645284421335763,43.82714293121113
1.0,0.9322297716207588,62.02249003361171
0.9149376454182844,0.8808773801165355,62.06535723454302
0.8624104474952408,0.8012018350054191,52.69052693015707
0.8786821201897228,0.8714842966106767,40.998397721263366
0.9574222854598378,0.8410445892818575,45.86551296528204
0.9056635205268883,0.9016951361841169,52.8638674395539
0.8280861010841317,0.8404796132162755,48.11405170852512
0.9459614467287601,0.9462987550357309,59.38957178234851
0.8665927957230504,0.8954462069823487,34.70225919890664
0.9936648888108773,0.8911202002620631,35.05736470933761
0.9540024032857325,0.9327946068893792,51.80871111482433
0.8776339052170624,0.9481953467037931,45.08455586193095
0.9640508180867556,0.8989950624115174,43.72951385302259
0.9033927755263702,0.8614399850225355,32.319432808256025
0.942638683756111,0.8113015191943935,50.19545844798182
0.9242366408647238,0.865697512148241,49.472448919992345
0.8576821672504563,0.8691393876676019,56.53478981951741
0.8678225083841269,0.9053528726496148,50.68906133120972
0.9514980408790581,0.8827426559430986,48.67395921759503
0.883261233394673,0.9343966486025714,61.77000636790337
0.8798175768379002,0.8693508364364655,36.8753269655145
0.8522438710325324,0.8971479416573529,55.36389218847576
0.9211799532796731,0.9591993721598445,33.28852835204651
1.0,0.9170912606977484,41.61638119999192
0.8466233542872864,0.8969981229155718,37.87342867376686
0.9012109728336379,0.8699027779032412,57.81942535451918
0.9706110277707715,0.8683384301642512,49.34589766404606
0.8960179304377143,0.8574693373524026,49.86496755407023
0.9226185898124868,0.872949656710855,38.93267012270549
0.8468803235926561,0.9377832919372158,47.00306504067111
0.9214153548603825,0.8889055864353866,42.36534696690888
0.8906427867497726,0.8325113465309385,53.834550148542164
0.9492864997839932,0.9884084646529891,40.08908864668386
0.9593693025782376,0.9159982595572582,63.29794365205076
1.0,0.8296528299743415,33.24419550375906
0.9289816586606788,0.8779075536379588,41.934801675434386
0.9162898158291084,0.9055443191414209,66.77200509966096
0.9097192150788668,0.9852296046648689,45.64861252037966
0.8823416853594656,0.8445943770870565,36.85121335595588
0.9169241921730846,0.9488020359677973,52.19071562537669
0.8852299294930486,0.9699743213486172,45.24607757785458
0.9084230488134807,0.8685672847462715,41.641297443816946
0.965879876780398,0.8861243190569883,39.04129189201283
0.8496728717360179,0.8481845376313115,77.68373605625943
0.9569939280564523,0.8898269429459847,47.48448099815864
0.9658557533669933,0.8981705012828535,30.74432639667123
0.894096573650446,0.9329824999041185,64.93709759005534
0.7939072550495703,0.9545091735510224,56.11070905110571
0.8696089006452784,0.8625951967689177,42.33533568980212
0.9648497273280555,0.8016337467887003,40.668809113138586
0.8988565968850559,0.8989377610361879,56.73472796158231
0.8500348883852544,0.9146768764984321,47.53081672510545
0.8747612539385892,0.9124708843842521,30.74022181554899
0.9420310013252277,0.8836663376245478,67.87239964604669
0.927336678410069,0.9062376049831967,45.66009537784043
0.8880533950415153,0.9757722404176125,64.95571736482427
0.8816587794092656,0.9190867084481255,62.78434957965715
0.8804120925478089,0.8813315787498458,39.98990455517186
0.8538794907750749,0.8749901091452003,60.331898643631476
0.9807687844734722,0.8915073821161135,43.48557450136319
0.8838839765394331,0.981836998091532,31.332994131960582
0.9608579260412748,0.8908349645236902,45.754018339778575
0.9760658025961226,0.8990102827739647,53.97637501776279
0.949915544907398,0.8758843214531848,45.37263352003662
0.8784189843640976,0.9549491678720983,46.92951659074899
0.9201865045168305,0.9979918627372337,61.43566044928613
0.8987902196804542,0.9225306524715694,51.064939802900916
0.8548149069634936,0.9041386451892713,41.56701688715047
0.9162179640860801,0.9018391416587117,57.020303236673264
0.8410480104420099,0.7807846605607127,51.97675566954245
0.9593839694230782,0.9372575432142409,24.78395198537957
0.8767691351350804,0.9067083207997922,54.28352913771449
0.910057982793642,0.9214171025330363,53.91828707716102
0.9141643935773072,0.8644268902958148,50.2012112958086
0.8870547513147962,0.8807771560511455,58.91700581069575
0.9293346900737638,0.8794487531748414,43.276064156734975
0.8762548171688738,0.9510811492036519,53.36499788820901
0.9435648648728623,0.8810620081698454,34.33040628832647
0.8327010159876626,1.0,54.07090383398832
0.9063189789773206,0.9215431209507519,69.53059695539896
0.9969464499529143,0.8362158670002134,40.051436475324586
0.8499834337697213,0.8935726853374022,42.40197868012225
0.8661127514737574,0.8674162438921792,42.89984557108448
0.9256953924829457,0.7902808765089988,51.29998225801595
0.9089790890969799,0.9799735470056895,39.36963727146282
0.917531504963678,0.9351571271110002,54.212473786909804
0.9244593565073832,0.9266603658949657,58.46839945469165
0.9317360734280885,0.9082701830149852,55.34347213453785
0.9554849920978112,0.8308991215653782,32.31584574361927
0.9204909328464257,0.8758191430222282,59.95167665158606
0.8879371172690729,0.9420890387392007,59.3736741425368
0.9336286850601366,0.8474389985108749,58.30161372346304
0.9949940967447608,0.7734115341874593,53.72842248655825
0.8933683126808714,0.8886446996109537,52.201893142051325
0.8512735347664679,0.892912122298623,60.323893981263964
0.9553540334643487,0.9067781708207355,69.23513487603455
0.8939809418023201,0.9364259321757268,40.4695953663515
0.7913665226992982,0.9318802906115604,60.78125395794772
0.9423710838575211,0.9129384902621961,49.13782901992547
0.8732335907023039,0.9597765694043355,48.703269479713995
0.8954733358847919,0.8240515109593343,34.63469309617962
0.9165990165284508,0.9252290907238695,47.15210590484605
0.9095249839889533,0.9313269181668471,40.02735042031585
0.935472590856952,0.838021885695988,45.361455704940546
0.8782256814715078,0.8248564695658805,39.018136162218504
0.9256552899088042,0.86270289367622,45.51091612686994
0.8870226661208042,0.8669229278742354,45.93889642976597
0.9369405240443752,0.9376709731751216,50.967549184388005
0.9307683742006527,0.8692730608154453,33.85250137708669
0.8532280648977703,0.8571825740859398,35.54481852254676
0.9542991058087517,0.8694183131652721,53.619142707305265
0.8732018277442977,0.9559316167077107,42.02561882929901
0.9404028899140573,0.9006521687188477,60.74529790229931
0.9183643656700671,0.8910374487321544,52.252697220150466
0.9919091838397561,0.8944997250649475,56.06762150206407
0.8888267008814074,0.9646030167163262,64.10692320420895
0.8825341601940901,0.8625414136698379,46.90289188193427
0.8990290197056134,0.9657754145470052,44.25513294583724
0.8848410108582863,0.9105248149460752,58.71702585598813
0.9399970950971025,0.8919790309012327,55.095135639296856
0.8191844695781706,1.0,48.12669690178699
0.8473158790426824,0.8472180255100702,63.91457966955942
0.8466098539210404,0.8823157120216497,47.87755690160069
0.9475153795986788,0.8383784380418,50.32773637555781
0.9855306686290963,0.9476230985268085,50.21222650834258
0.8947775390731264,0.984459446682584,40.65406105101529
0.8915589138404995,0.9834961390702319,50.77585389486391
0.9035026081556591,0.9611974376573003,63.96760177398491
0.9580939151304095,0.8901189766102018,54.44968315376176
0.8536323432904713,0.8817379511255077,50.310634263989314
0.9119184491367393,0.8164415113752967,48.382327188343304
0.9487598814891215,1.0,53.30867028406351
0.9250547084969922,0.9234489039074234,57.49766628489185
0.9094790808299372,0.8754021547565258,56.092388308897526
0.9500523046283571,0.9664028444493484,46.68135138178021
0.7648383853500381,0.851361774162,53.247815941101145
0.9338937659765454,0.9203311017111337,54.799397411482786
0.8672962158436288,0.8913685432854583,39.92805012473022
0.8084683551571772,0.9319338569940151,51.68230541183694
0.925560129976249,0.896821323040694,28.38696113697638
0.9686829272581479,0.8274536054444388,54.82533709821185
0.8931275742686154,0.903778818633502,56.603430545626814
0.9476437273601469,0.9524432070937681,57.475461257864595
0.9806139128994323,0.8985391797073008,46.049531478304324
0.9657457226792024,0.9387557560794543,53.09046835024035
0.9819982264685697,0.8477235257162974,64.23953845541166
0.9371063745535947,0.8986869603365074,64.13769648291259
0.9037716819450796,0.8687744772455711,49.70827300773439
0.8199017094051416,0.9373490420052355,51.3931963072956
0.8876968755935026,0.9015745781130998,61.10911144734433
0.8578376702341904,0.9345036838168307,34.99197984737825
1.0,0.9543855213078933,46.769242573229754
0.8912057093783832,0.9345809287560695,63.355704555367566
0.9061602403392243,0.9136559217146822,59.75200541684766
0.9275742688020234,0.8500893870744297,53.69263777649905
0.9021801223186227,0.899860694466655,34.94167594669379
0.9847525520215377,0.8733454798992084,49.50089766958838
0.8688675319132774,0.8827968021647887,44.100846037500666
0.9097303727618622,0.8812732924624874,53.31038902817213
0.8628764707150977,0.8510037212608877,41.906533152051196
0.8339988744389647,0.8021330705433005,39.74276605025393
0.8694115454547358,0.8665928475836117,29.351347223163586
0.8981481601475794,0.9096689725962079,62.21804684976701
0.878534888774137,0.8325911477286255,46.00229488556943
0.8653789510063072,0.9007841118235812,51.57145783702534
0.8296841268164084,0.9950134212155483,49.97761883525819
0.8958447213685653,0.951152827762612,39.325660670395
0.8247639812984499,0.9821770754560265,37.409350885518066
0.9380027981844802,0.9195563938466363,39.94684874002764
0.9041219876467251,0.9583754911493223,42.76831561170607
0.8271224250267535,0.8638017634766106,53.66606247013805
0.8845395461475068,0.8677829866489009,42.04282336479388
0.8623921797204709,0.7630429896931263,67.46490631594622
0.915958725520959,0.959307273702115,60.27151035893151
0.9670225223011573,0.9770161989909943,58.08359549665708
0.8062413765177128,0.8723411377326366,48.8034109752685
0.9057513039573709,0.8873024146801383,65.14280735720483
0.891993360221668,0.8623068943154519,47.81994368878876
0.9335670038225233,0.9191326775738746,49.68738585845754
0.9106598314118844,0.9562466272651621,51.69974539749269
0.862401533413059,0.812861401305948,57.01823040543344
0.8840473032166691,0.9204719265321126,56.369080790029855
0.8601987071598256,0.8861664114140427,45.24874721555397
0.9538003569299299,0.9056697195983345,44.670062805740464
0.9010655824335971,0.9229497000837146,56.39902957152084
0.9950595342876504,0.8905898780613589,57.152365838912324
0.896966959309269,0.894820657329711,46.066488751771274
0.8645796616544769,0.8893062416222681,34.12811930321546
0.8243142803693586,0.9485158100894141,47.92683903991755
0.8098430161872028,0.9209379980063749,56.23525798825859
0.8207932028497256,0.911029176886868,68.0541684641978
0.9133563325505742,0.8364524139453858,38.02042037659338
0.9254362511614967,0.8810710128393423,45.734287471694266
0.8209404648983933,0.9449334580169587,46.10596438474624
0.9447519157038058,0.9018848286561961,63.55805339431501
0.875846947415828,0.932976573479457,49.65058499541367
0.9073396505992775,0.9883255900163818,40.92673440627735
0.9806110314127713,0.9519303034604408,55.58695282921819
0.9448419657932766,0.9046579168849871,45.95361479959054
0.8865734676047085,0.8744505414902136,37.75612726642046
0.8554403887292357,0.7723225201972052,41.072266927238495
0.7924092299335348,0.8915807538763574,67.3404195442262
0.864042334037879,0.8836993752091575,53.84209221649462
0.8894434880586153,0.9195183097197688,51.07760055452543
0.8506410236424409,0.8923047386512657,47.501062641879535
0.8934371516453847,0.8839807470281603,52.92148842118799
0.9038425941479384,0.811030053474639,52.80235946002494
0.8887572009095961,0.8530016085424967,52.92168828207326
0.8674998709588271,0.9238325520400279,51.14845090277753
0.9084327335983364,0.9857953815566347,58.687983383055496
0.9220970324784705,0.8951237308127189,50.231043460007314
0.8454800461278578,0.9163905536787061,40.220611644473614
0.9705466189873135,0.9476239078476403,43.87577109099132
0.895070593385787,0.8594553031899875,30.20981306510288
0.9009424811472424,0.9183407021642721,70.26817116042392
0.9354107211628279,0.8629754946833921,58.62754591952687
0.9116608065631752,0.9432412219245506,41.69929504870763
0.9476568316956623,0.9075701523975866,47.181551506029
0.9143562082600912,0.914922590699072,43.631235257935664
0.8693781312679781,0.8608700701290706,65.42547211374117
0.9180751762603051,0.9353516179805392,35.80122835729071
0.842813689633967,1.0,51.14476058818779
0.9054279852888262,0.8496044152285898,48.914721574351525
0.898338500467777,0.8830120496176238,58.26838630709114
0.889594157136373,0.9115803737084046,48.95990772275305
0.8935731244280535,0.9393203105997908,32.41791123344565
0.8059075477251181,0.8720226857355265,47.48882165357559
0.872563754612952,0.758348485492863,40.27837782056675
0.9046422450570557,0.9679594747082013,50.795795465565604
0.90799281959987,0.9380253059792072,64.34177036520326
0.8486162429537021,0.8128526234756668,32.60574755767722
0.963285392043235,0.8696215604110222,41.99777264600096
0.856691257589275,0.9784091214763664,44.473070462165026
0.9484728600263369,0.9723898209228933,46.18368904586789
0.9213597180935843,0.9469320011339473,57.40125664105244
0.8676886345078099,0.8911943783020069,48.26455582438612
0.9887655446304756,0.9041493709406255,54.15802725720445
0.840318158412176,0.8934537097436936,43.74226956268224
0.9459577086805001,0.9564119891634418,52.299243454179376
0.9500291159021489,0.8562078796752445,57.77797630877715
0.8664689895461678,0.8597100172557898,42.67700450262912
0.9696232650032165,0.9505137293418008,57.813581198065144
0.8874976742700523,0.897781927224422,50.52372768727569
0.9144346814639929,0.9689233677726904,60.45460240482252
0.913016091938561,0.8664243896509727,47.985800999230264
0.8932845629264726,0.8972610819830588,53.81244655162099
0.9405404136579891,0.8538793507578023,49.5939376832147
0.9396744360276107,0.9003681340711783,49.037877379594214
0.812573401338091,0.8260726531500601,52.5893042822569
0.9652170121439076,0.8756183289522519,55.36807469224904
0.8168754005982163,0.8281873067535941,37.50435088075995
0.9516273102170829,0.9346961616595629,64.33633608817878
0.9563352568413792,0.9358294669879826,31.403369594502017
0.8454516784892401,0.8134868634757828,43.15187890261104
0.8794592856022708,0.9666942872750287,49.05730929235099
0.8447147665757032,1.0,54.12355969085948
0.8892539484855633,0.9023003193368171,65.76172527741379
0.884598285790713,0.8679442869887678,31.417085117748925
0.938983026613467,1.0,44.923058716102894
0.9655154373059804,0.8340515750848745,28.731665122007346
0.9697841905394978,0.901005323343455,50.31621973910248
0.8718915986710849,0.9089811136315962,52.716835845000304
0.8895389063127737,0.9672573810226207,65.90795742171252
0.8158280903889525,0.9179869487563395,51.20634760893454
0.8597064966751906,0.8750683052105774,60.440251294423796
0.9482425816548729,0.8524407814806022,55.83837081539059
0.9807791411774116,0.8829089089876933,45.647518029948316
0.8382825564060039,0.8496536319527428,35.910392532079605
0.8703767870423553,0.9023912659892341,52.75002298291811
0.8986797121520537,0.8717901910069757,35.07897982854636
0.9140080579409804,0.8252981103355125,62.95207072669644
0.8595198240039177,0.9627572894187452,48.37937897963176
0.9212030522232045,0.875116373828548,61.95177411511416
0.8763080326464542,0.8365931597512344,45.197855658676005
0.899277386456086,0.891587043275623,52.68850786400992
0.927314212400185,0.903418578298383,52.09348857334689
0.9003211134905469,0.8126766637210483,49.54955881989076
0.8781807054736716,0.9165823833562882,45.673404866034076
0.8945195098037085,0.8476421215654868,53.9245601847052
0.8955818520397333,0.9855514404595395,40.73836736516792
0.8814994485058936,0.9261980256038368,37.905646710409414
0.887060196866645,0.8800050004945342,62.42826893326828
0.9799323585252359,0.8627416114841325,57.27167988892101
0.928045972397062,0.8947516146218188,50.6589160860224
0.885225984098542,0.9306395370791645,66.65142382543782
0.9348477202255369,0.89872529357074,47.32234481275155
0.8833090255121995,0.8891420596431572,63.22703219988979
0.9586562318793321,0.9029185145408948,51.75574084925822
0.9184821096099047,0.8698070534381522,39.7524924992361
0.8946348927997886,0.8828397036578481,68.48040191770849
0.9223858462905139,0.7957103780547499,59.90710846624085
0.8214561923965751,0.9486863115426184,48.78978968990436
0.8436616265545097,0.9149398890160881,57.27171259533949
0.8403037496800473,0.8613272077983285,45.962965660020934
0.9071471547381854,0.994936749067762,58.291490350595424
0.9866257499742547,0.9043508240196193,26.089214347160407
1.0,0.8481928214012402,39.801986663054066
0.9319025550720379,0.942836871073523,59.79259744286963
0.9250422237472229,0.9199024108254632,47.50344461781081
0.809947113292363,0.919728999274211,52.07542294888742
0.872866310013299,0.8787122197674205,36.53214337884565
0.860610812404588,0.9225247861889018,68.47866995702103
0.8689576200874443,0.8869120854889453,61.905296437176766
0.8915928090707606,0.9277970725822922,47.993147816246704
0.8763954711151437,0.804752777299468,45.95304143136674
0.8010350094812106,0.8783063268510406,60.29604361419693
0.9373955128058767,0.9861077548904098,69.82470450168928
0.8463628487130097,0.861646627229985,59.537602558113534
0.9119623432055575,0.8698080851253407,71.71802667396602
1.0,0.8776019330775012,40.77648670938082
0.8540307704206789,0.8392596932055678,41.80613169501209
0.7734856238626835,0.7895859611885874,38.110588819466514
0.8856997889059944,0.8884706800738194,54.4176064964948
0.9550479817499286,0.9067929712040829,51.7560354980437
0.9979173727110298,0.8973747465730674,48.48048876528014
0.8385225202773792,0.8927560719026056,58.09258628123299
0.9248349611618261,0.9021520435425194,62.32328605214664
0.8767344771609974,0.9511420735775382,34.74337590713158
0.8947025822847933,0.8904776907035392,44.030279720988844
1.0,0.8712958711456366,58.2014359412306
0.8248514835802424,0.8859437257555957,45.32261316141418
0.9126869830747287,0.9289673379878388,42.01793923641846
0.9233846585882717,0.9706013439271625,60.18537427650395
0.9542893162469673,0.8685928130415411,37.1049993027602
0.9048991576735448,0.9049466893514442,46.98420192208895
0.9154025269752051,0.916917872096798,53.28644025804809
0.8804175716289104,0.8503710996635588,44.26180086089881
0.9134563470622554,0.9010208583606459,57.83155656013175
0.8828403862251295,0.8267163071328952,44.31123024802631
0.9310785944928026,0.8115474848130301,64.08619493445919
0.8815194831978184,0.9183373203946129,48.742537025042274
0.9188550196951093,0.8808062629334609,56.71270136705353
0.8985368593157511,0.9101140203810609,57.460239529828165
0.9563025125386084,0.8991052511495825,43.724599972559275
0.8974303138205757,0.8511799975668102,29.465134513441114
0.811348376589656,0.8977372849017832,53.60755754663835
0.9630960750356996,0.8383449347492573,50.72288347124869
0.8547133849568691,0.9695486179000701,55.55826027575127
0.867311683067559,0.8322014827570018,47.734725276171616
0.8702169352978254,0.890210736451571,45.69572301199284
0.9687219046585409,0.8478864205976376,70.084730109817
0.7932162893010652,0.9285210586680398,35.27645938489222
1.0,0.8834284314359249,57.33950478364239
0.9528028404533027,0.8740666640189395,44.25398141816609
0.911161945706458,0.9426600772525777,46.64221382259578
0.8972552999691857,0.9014715295838777,46.828971674260345
0.9142777037428829,0.9258322222967984,41.96565725828743
0.926056121418967,0.8509337031741268,55.712242102362396
0.9322607792975028,0.8297591528036247,63.90643595949957
0.9277802233001724,0.9053603981020067,54.700136612466615
0.9044790340627624,0.8840576822252635,51.03381996212095
0.8901330789846337,0.9313217336226972,40.13559500900753
0.8924363358173244,0.8960045773668726,55.16825265824451
0.890254585982366,0.9102537669617315,71.56349631729299
0.9566885048433532,0.8188308735029378,46.193053762049075
0.9296778361140431,0.9944218469807129,46.24016420648134
0.752980568266786,0.8917879007483984,44.38910869019003
0.9327950388264881,0.93487934851696,45.10585765505579
0.9097368097359387,0.8581954164890186,22.547004463276153
0.8990645621777051,0.9154004951108671,54.05035385855713
0.8805740773455557,0.8348577618237627,41.54447823645386
0.9562056359993008,0.9226033919129836,33.897368812082
0.947376323106143,0.8822012957807084,57.53189949732549
0.8613561166088196,0.9014595251967784,39.17982214958064
0.9203526143562267,0.9348987015065049,46.61330946116242
0.8514171632729357,0.838372984438986,64.6644239118858
0.8310190917605536,0.8657754134693602,35.90784201975487
0.8686641387705017,0.9228662140543383,34.67401765402238
0.943119673619138,1.0,52.69306189562338
0.9476562522688043,0.8930958832669259,61.494873640103684
0.9256542710048646,0.9295568058961966,34.25658282268037
0.9362547893423999,0.894651426507076,54.07689736837177
0.925808914355748,0.997112279737815,55.80999539961692
0.8679259202388524,0.8126389166517373,29.408395163076797
0.9215961272336971,0.904731052233468,57.9850133790722
0.9400204762613842,0.818722798321897,58.766058798421795
0.9377145664906787,0.7746714214731641,46.882144267439756
0.9594456685737321,0.9148731026558908,62.52346362298008
0.9354151923600532,0.906974889807373,61.36455574324845
0.9175724103770792,0.88575815311289,51.03117925717205
0.9535075119158214,0.8946902954980124,45.48554609675066
0.898673937037547,1.0,40.27172107417043
0.8559062674386141,0.8870912430984284,49.62436490633809
0.8918466518028119,0.9255062180625038,55.69758919704179
0.8627548677596776,0.867531759019306,46.75823138959359
0.8662410862512809,0.9147616287520302,28.0249899473797
0.8927740664642241,0.8880883162472192,62.6871389457657
0.860379003950002,0.8794740758635136,51.90223221844894
0.884601923518048,0.9909449266100163,46.20375503323166
0.8053192666523107,0.958859248159217,58.57158388423288
0.910664685368647,0.9068373323699616,65.24638596482755
0.9000602737681113,0.7847894032028017,21.980884305121084
0.8591455684465905,0.8819495388373715,54.34263649922072
0.9329622834216202,1.0,35.73350789189653
0.9468785068813279,0.8884669166680146,54.991105067989416
0.8196220067815513,0.955160878602683,51.27927202374579
0.8618637610716893,0.97209712009763,56.3572652644055
0.8615428825106352,0.9109481957927987,45.00752385505345
0.8530048449445568,0.8579089184065924,31.26759888180848
0.9414737420965874,0.7782343834108556,45.496318087433316
0.8903086930613598,0.9342081604304477,54.068476351397834
0.8867742579344695,0.8592621998588226,60.15392328675223
0.7998068817796623,0.9088075225943846,38.28168699527475
0.9317709015104614,0.8375089830205318,60.270604268730175
0.8380370802573264,0.8867381229764899,43.521277103534786
0.9029966315133164,0.9016859527450527,53.624498815945266
0.9138688468979096,0.913429679052215,44.90106047134367
0.9680329297919326,0.8442588906323794,51.82170627712102
0.8345589800440444,0.9598455474380676,58.918776345702746
0.7490243922089588,0.8701552607634014,37.729859227114645
0.9091924772376848,0.8162765269773378,43.20094103253169
0.9900255590755427,0.8945488290018269,51.84962587342087
0.9619473176469719,0.901718765451323,74.01583661030352
0.9104829707637313,0.908029471658588,41.36810287833172
0.8754181907183977,0.968106620184254,70.40133885996919
0.9403561298318656,0.8881775581632071,70.0442330367517
0.8513226900147766,0.8940190187815614,49.026888492984085
0.923817888467811,0.8448407809383454,47.018474738001
0.9252735079583314,0.9410276751443949,43.07934801335308
0.953010495374944,0.9092154532039052,49.31797469667331
1.0,0.8789986136352919,35.93280567440442
0.9196207983589384,0.8047662653267268,49.23760982679402
0.8745518187146251,0.9722206097527544,64.96880273850856
0.8987212843904003,0.8386160017771972,43.889149375232826
0.8115462047555441,0.8704360995315147,47.59275696010949
0.8652643434455471,0.9179172255538002,32.98859525732758
0.8795358780943449,0.8401721035691657,53.740620881310434
0.8737955801032704,0.8253245110873428,52.64481684951374
0.9076177436016861,0.7938026208649668,50.63702359765771
0.85887900338089,0.9360498476452818,47.83172949777857
0.9560515333662236,0.872740687763684,47.07242081227545
0.9000103532459099,1.0,55.01900233700672
0.8995349839430687,0.8502822467184563,49.71183398411377
0.8836052641743541,0.853927448828554,53.14971871555332
0.907759534192949,0.87173035148573,52.149828174545476
0.9412549132333817,0.9121567327569244,61.23427287095762
0.856643489214455,0.8764898330607345,56.76994097375054
0.8670941755462371,0.9306166107001256,51.9286184315019
0.8848136985611668,0.8510705805005673,65.1842203065218
0.8327064538263392,0.8309204140768209,54.20268529056561
0.8590371070139251,0.8100892630295446,63.04962688790419
0.876188956322767,0.7888212916031402,56.069426083866375
0.9437194590356364,0.8740965490262472,31.58080921068457
0.9131280664500963,0.8849509843803389,63.048347633193295
0.9096794955683772,0.8684281486258408,51.35176241342669
0.9425448981083986,0.9621702898593582,49.48045229099222
0.8931314105800302,0.9614015104804068,52.81348347489577
0.9195232424964445,0.8832598506277749,46.55016838042933
0.8948389123533752,0.8103039443404019,52.270288603889455
0.9132681174699815,0.8716647445972474,44.08123933656908
0.8708620671194209,0.8700089303041469,62.7427225873437
0.7780591420861785,0.8671432518860971,48.8641188637895
0.8932860418906848,0.8651140548050877,46.17416157277567
0.971137406804997,0.8673268552137596,40.75074184280726
0.9463107701120796,0.880672919205112,52.68775789148641
0.9482698742295586,0.8682229450592222,51.87107100125092
0.961806536090311,0.9104161254312796,53.88424613677506
0.9044328795480719,0.9180184357952431,39.72748112494871
0.9098657853702798,0.8544677456408756,33.98818801188427
0.8691174052282825,0.9635532663003517,56.255913025065595
0.8841963571986475,0.8509968849079693,64.84641861876507
0.9307885574885572,0.8191099693092332,39.73646377610104
0.9601942218584408,0.9190389035682526,65.89441283561699
0.8930276862159501,0.8591295932792831,52.839110587363805
0.8774905367574295,0.9160645735378694,49.9293709544917
0.9000263979428299,0.7798165699449735,46.02451303454222
0.9300603374464558,0.9696227970741534,36.15481980575004
0.8278072591933229,0.9336146704020202,59.877285159246
0.7851909523431381,0.82497617254185,42.24393638562397
0.8724731575254209,0.8260611438076857,42.201933242623994
0.8389643787042921,0.9836132952048764,59.91926309886955
0.8745929901176345,0.8631310048251021,31.170165533282734
0.8926109840591264,0.8582907575633688,34.764021893318336
0.8773375795488494,0.7866973952925359,49.818657564919185
0.9726233767235373,0.8824610897199223,52.93284429004852
0.916337238230116,0.8886140192582124,54.847346479689236
0.9150237179805415,0.9357746548384743,46.98201506603747
0.9311103572021702,0.8300460785907763,75.3036966864169
0.8430583441109616,0.8239856603879695,47.72107441234166
0.9519555893710134,0.9225481317388239,47.69213847897278
0.896211785673227,0.9503365035613532,42.03013331186122
0.9335240308620607,0.8214423824441058,51.23906816521071
0.8464071383479922,0.9540757043149871,56.149612320467746
0.8223120616991968,0.9018770920743411,62.0357805453346
0.9408944829012514,0.9545902669537323,35.10715735559782
0.9188204763048758,0.8964889819241192,47.54004661644299
0.8548974222821245,0.7738861041256025,54.46703610809144
0.8565168459362653,0.8924016308841981,55.870575345945355
0.9562717392207385,0.9530071909335636,50.065486578045395
0.8405294053566337,0.8553126990458143,55.42423969532102
0.9821336476627982,0.8806017515546274,41.910361070742
0.8549689632676066,0.8911933248224511,65.57905432318357
0.9319195962804192,0.7550243060065759,59.926281029794296
0.8835690762125508,0.9835673787718738,36.55072212934827
0.9301593715541172,0.8549312160051413,39.248969518832446
0.8727942998942904,0.9252867716236399,39.53078249893094
0.8918603546963854,0.8956649431925896,56.77969970896528
0.9020459587697861,0.962880952817968,37.15272233582533
0.8498906272109263,0.920302806121404,46.6897566579192
0.9370412172710063,0.8882537864239513,54.54704396416774
0.8743393216764208,0.8553242453740361,49.338340654535656
0.8885700042329991,0.939892535069107,52.588875157127056
0.8502825312695744,0.8063279348022692,39.341972886512416
0.7718833170602345,0.9322945210137946,55.94854373397245
0.8904486118699916,0.8450477624222564,43.867881075240035
1.0,0.962614183097832,46.75380325602059
0.9392302143949012,0.9080649771331348,52.37731727905986
0.8990369810132803,0.9322061883925055,51.030782215308484
0.8868554585395866,0.904099440691236,50.23980019015593
0.9011232946406024,0.8123811452429501,42.493731780232444
0.9273559557587605,0.856963541830233,47.004505888008076
0.8409593592345578,0.9336194668805692,50.021835908370356
0.9557160847334436,0.9083327908679922,36.24914766832915
0.9357690657720622,0.9590494952652836,45.37467033686621
0.9359092862853967,0.9201637281518587,53.876798790328465
0.9219237869404864,0.8516649054648671,37.22563396154658
0.9009808328846995,0.8601967931139683,61.565816515942394
0.933643061798341,0.9051458695261618,62.69613262599843
0.9295907066870689,0.7842977966999948,37.548494240399144
0.8822979644529488,0.9836720942811493,63.576196330501396
0.871319911355155,0.9220873368188779,48.56418411287866
0.9050928147630993,0.9613517298524437,54.185145591570546
0.9774510075747594,0.8209698029595416,45.033489478717534
0.838044646217305,0.9622282580177628,59.230448272267616
0.826623736712378,1.0,54.06094018848667
0.9082380420618259,0.8339560822311342,41.858467434023964
0.9025443850928009,0.9385700897451884,38.347980000347114
0.9086670832185204,0.9000554972343647,35.39697564790777
0.912197659895425,0.8227783075875879,51.87941776432756
0.8888398872682598,0.9246441985925935,55.72471411779736
0.9744931719301041,0.9416801602418674,56.50965678779441
0.8199548010761742,0.8699436723665577,48.82018905392622
0.8585751487609877,0.9582958260127612,38.43003544335636
0.8948372619925477,0.8166618296605401,43.17925201976217
0.8178405594422916,0.8252621926775178,61.52348638961926
0.8912072797783964,0.9068298697794377,45.153714353999185
0.9830735082864009,0.9012692638986136,51.43417630681476
0.9010443244147981,0.8641713255787947,39.24349516425112
0.9115350452859342,0.9404797217985943,53.36583045459035
0.836991761741371,0.9265447157107974,45.42315438320922
0.8691819295980261,0.9429069535467008,60.467127137757636
0.8812401809838032,0.8938431782323867,57.73557706206813
0.8841142451621883,0.9301290133989171,45.042940534251
0.9640821897501884,0.8777174848485003,48.73335972652337
0.9278845530362563,1.0,44.488837599593715
0.8444271021531484,0.8593727114939007,35.8056680345499
0.9123252389216002,1.0,41.42557570452784
0.9249110874248393,0.9017443973544704,51.982173277208204
0.9570074519260634,0.8312244555215629,53.25259498229582
0.9790270343284188,0.96840396752443,51.48547903592639
0.8492452904086066,0.906295069419748,46.98266946041364
0.8594571244394831,0.9425562049190119,59.330666057209854
0.8371211070542692,0.9611927959271297,50.635419045609375
0.8882990070446509,0.9168977777072513,57.03253828095947
0.9233179187223167,0.8703879577593593,32.26224867797482
0.9493667258294551,0.9487856688834625,10.775997483816578
0.8962024488178739,0.9000377753727298,52.8378802783808
0.8840076238372578,0.934292890930421,35.752343462785106
0.907587899612437,0.792313471310427,47.87548297286944
0.8582428549184988,0.9223490858504926,46.97902958975394
1.0,0.8680707087427485,65.87400602415536
0.8196169486440971,0.9826654818589265,53.99996552943606
0.9092370289447862,0.9311543673944548,51.658590267986725
1.0,0.9119928872924649,58.36991154633674
0.9003399922279999,0.9243154996675111,53.68497586839039
0.8904980482499253,0.8500779573561641,45.42323007011567
0.8821277288594787,0.9811628345264027,60.714759302545595
0.8909804159118796,0.9995685209208452,38.902498721117254
0.9686424237338266,0.9196456755274108,53.23247187533562
0.7894069044335247,0.979520178428682,34.52430205863689
0.9766716850648163,0.8715425900663734,52.03943857515995
0.8288021423774927,0.860144321688751,51.929896417729296
0.8866673835382792,0.9020462374364462,66.76454961914662
0.8785377789850669,0.921747051918395,34.3502610655822
0.929427663488536,0.880300665937844,43.99112824146187
0.8200937824058127,0.9268884095184242,58.226824265741435
0.9231086333040972,0.9153194741036708,53.353172563973075
1.0,0.8500846612354472,51.803050513375034
0.8318412997703595,0.9259396508725861,40.438642970414605
0.9094853083805198,0.9431764121260761,44.09181651908571
0.8669008911101695,0.9085734658795196,62.450410082232565
0.9212943603096518,0.9576324051630847,49.48490806246072
0.9009573888707876,0.8391298103251524,53.753596961444735
0.8679256545477846,0.9233975211065926,48.84811671223521
0.9243936142435537,0.8414859646801612,38.169144847502345
0.9902174054893372,0.8442959320883456,59.338104260749965
0.8904548104136351,0.8684534583131105,55.03232384532496
0.9359878971074092,0.8528969908212878,73.05636837367189
0.8353363521064419,0.8726002090629431,39.84418620349455
0.8521781811590996,0.8892924844644405,58.22572921200481
0.9236203138940189,0.9418577243165692,36.884560339629985
0.9742058014267982,0.8839420480647149,51.57346567673078
0.917780667439283,0.8207187146615204,59.76506589063165
0.8843470984738423,0.9570033923247581,29.27864883903513
0.8999645702711677,0.858145493319248,47.950675257583924
0.8374796133015141,0.8970639786447686,44.3679026595738
0.9302257663177683,0.9223268253470356,42.98042701704878
0.9441166531161704,0.9099805209201391,53.852126522593544
0.877395483358346,0.9547089773760739,61.20685706422596
0.8764978926120249,0.923950157169638,48.66721284770845
0.9132939114826024,0.8569345210151447,52.054864275600195
0.8781640131979702,1.0,51.143087530592474
0.8966933692687089,0.9097166731669117,50.01803506356414
1.0,0.8926329886689247,39.10657362287894
0.8876487149627001,0.9481962711527786,61.08444601722893
0.882082992398939,0.9124725472965036,52.95195368158836
0.8676229097182421,0.9199614096469664,53.94881490002577
0.9372095985749969,1.0,41.93490370974418
0.8909387913390949,0.8862439285872477,45.4077960201076
0.8675313480839287,0.8841119552991302,48.23865802289222
0.9660652016136506,0.9058289256006232,34.65875306551148
0.9709801502256818,0.9535757967790519,33.11965674802322
0.8699788217130647,0.8246732984904801,43.992520693614324
0.8066730024319692,0.8017222054261748,55.225207664423905
0.9503756844918462,0.8706442364689927,43.46862610070059
0.8657685087119998,0.8183038520470357,39.811948024092864
0.9395312799581385,0.8787584326237181,41.8531434676233
0.8014948091144082,0.9251249848064645,45.44657576854687
0.9446298669149655,0.8554625568223868,46.46141037179896
0.839441403535961,0.828658671160933,71.65521452206556
0.9365382059533263,0.9034668580857674,60.546206284873186
0.9007136533918217,0.9431271742307585,60.24774112281728
0.8523030290301677,0.8152513280741693,61.685803642733816
0.879648184353661,0.9410116199152992,40.011791306659504
0.934315922847835,0.9408653101869163,37.776353850127606
0.9052947226557617,0.9477042551078314,38.931297084659434
0.9292206490236242,0.9609240107435844,63.34506133337838
0.9988220292257743,1.0,44.52808211117509
0.8217879194144474,0.8821953975690473,37.486438177607134
0.9808606287484313,0.905478579003893,45.69003799780187
0.9052177968761607,0.8791780783375988,47.61394468285373
0.8550607975838436,0.9000988422377906,52.68413273694562
0.8334843187130505,0.9766436677818157,52.50951020712043
0.8905439804611484,0.8327492758034666,41.71819436126492
0.946082505596223,0.8569475163917213,56.85656392513711
0.8936225439811233,0.968859046825228,43.60806466249842
0.9755577465123674,0.9510018253451045,48.43723663294957
0.8274412154974221,0.8818434176591461,56.86774070503355
0.8993955526076973,0.942720100056036,43.58178596055659
0.837380327779344,0.9170607921246017,44.30648576418862
0.9181815941312484,0.9750137304500495,55.91668049693131
0.944344369504865,0.9037254796913387,41.42266823394981
0.8789619103159474,0.9512816056936292,46.15207976395929
0.7697893071686434,1.0,55.557421780428925
0.9099474073398247,0.9299049577523734,70.54092441435975
0.9218369275866755,0.9024664082897422,56.05404504762747
0.9202147377480849,0.936122349261049,54.72639762990012
0.9617891095911077,0.8817359570898058,55.3080158367273
0.8464473160175475,1.0,39.26809725932951
0.9340108052725224,0.9090035518847991,51.15596738679908
0.9596253756238988,0.8863533339887244,49.702335116635986
0.8110706207996742,0.8582155497489982,53.21584540372756
0.9159825912959488,0.9548610095803219,51.16508052475871
0.8747910084496164,0.943359370641387,53.79699677417113
0.8959238663449177,0.8751322814292953,46.88532805100798
0.9173838241769169,0.9288225672561211,50.58608917371793
0.8756385717943224,0.8245722015893572,37.72171433943008
0.8662145960419194,0.9092485287536578,46.80092721997086
0.9017076208744013,0.9226378176038348,63.908335481766436
0.8456377030568599,0.9853664904779612,53.18808339628256
0.8457087435557408,0.8614590598635655,49.79078962616923
0.9339686641478252,0.8360823685598838,68.96123276254346
0.8425602982420672,0.855228601953748,36.391650216989206
0.9333156250454606,0.833171574984254,38.9054444455378
0.9231295646426976,0.9668328678879492,67.12711411276273
0.8137096635604701,0.9774319647512019,50.45960936048934
0.8661217673832172,0.9160108288974415,47.57416963710206
0.9597054701523686,0.9610647472842574,38.007956749043565
0.8509417234430159,0.9066979190290118,54.47696266395012
0.8767797868845306,0.8952444176149618,55.44459869527462
0.9231030446625949,0.8833481190473119,39.055056391651036
0.9391695254641298,0.8844804504311218,48.59724414449572
0.8874230556977752,0.8226099221845484,46.64484167966934
0.8701244902654179,0.913212738180367,52.55977146418771
0.9711184930849254,0.8979833044892979,38.80749757779356
0.986944983189879,0.9372680362038938,62.51947454513157
0.9489429025390897,0.9046761748219305,59.158237815976044
0.9042659071282513,0.8918648149215455,46.368244412671835
0.8595867139179537,0.8564403484996185,47.835812883616285
0.8584777796721718,0.9036076618410881,48.63577849722384
0.9261257052632879,0.9369118615408081,42.21691446993496
0.9209199110444342,0.842833050445807,45.56570581764964
0.9700799296473215,0.904373687684037,47.29729632325391
0.932522504626807,0.9116521475764742,66.12868370707127
0.8248459849120091,0.8640967608190868,59.466183083304365
0.952597380886146,0.8706071847546,59.34654707336624
0.8500969686342794,0.9115305424383108,53.699256130043906
0.8808014364023824,0.8433289490853688,38.826729910687654
0.9125100103125847,0.9174961857624696,49.58508895422621
0.9997833744891983,0.85523228131704,59.7048845961338
1.0,0.9531426846516609,37.41735370632712
0.9303361529568092,1.0,56.36553206873264
0.8908401690639807,0.856962159914909,73.22609225262767
0.9267252824240275,0.9267103931187337,60.61816645989732
0.9443827712936919,0.863662904755899,64.14029135561988
0.8839666187221404,0.9520477086898895,52.18338750442161
0.9897605677956162,0.8367370795457393,59.6793194876499
0.9115035379595702,0.9240293379213856,42.82146785645964
0.9248871544545697,0.8563505516555324,57.958638123412264
0.9332962126027231,0.8896507705450816,56.54388134060763
0.9210793305307228,0.8484487362426346,52.89911174037663
0.9419470250234806,0.9411175235447877,63.16007419718498
0.8691373406726538,0.8581509822780207,44.61215162152612
0.8720849123026985,0.9275982129665914,48.12942483526338
0.8449922883514153,0.8827950985868833,50.954620413582965
0.9219750615310114,0.8942763814100568,39.70389028910599
0.9389468251756057,0.9073877953700065,52.269319438002476
0.9228886433075943,0.8619087664170576,32.81069587046153
0.9837246216673768,0.9105183556770444,60.46954534428209
0.8997201990585477,0.9765167282177206,50.46637366565966
0.9334370827796257,0.8610952607083643,44.791070960962365
0.8454149561930343,0.9585905071636923,41.65626387704879
0.88064501487628,0.9749048816743893,47.65420970380812
0.9347768878782889,0.8591922505485978,56.88259710772414
0.9424551055371573,0.8272472697454725,55.47738978737561
0.885301652616791,0.9150980450085883,42.94462052721539
0.8964200374070966,0.8726296238616563,41.53960327372366
0.8241063126659596,0.9934301609581502,56.568987063196474
0.8821485399596696,0.9017403770249917,42.776525953849706
0.9445191581759893,0.859890029598241,50.59909774079504
0.9287602508053283,0.8426420244494145,51.23754642524277
0.9250332860690605,0.9544952479545415,53.120621317267386
0.902488684359048,0.8714408012957907,58.582704301818715
0.9003531579314088,0.9021914399730214,37.37037063132677
0.8669839430263276,0.9477901372556241,30.888406747395123
0.9349414210101268,0.8757870824034585,44.32552718771648
0.9210486472194696,0.897703558562992,68.01528407832186
0.92460094239964,0.899171579508874,70.22174100087379
0.873698257866621,0.9341662255758046,68.31177135565888
0.7923328540064378,0.9295372167755163,48.070186322393106
0.9548576355876848,0.8889943134372585,32.178849180151715
0.8760581271995798,0.9031824530748259,26.569608983481594
0.856861211797844,0.8814110494238255,43.859618384505886
0.9346739455956997,0.8261193796540278,48.0192636985064
0.8803993680040435,0.9128800428699065,63.00625401055959
0.9529968192023311,0.9946095880416534,58.678054595424456
0.9308502974788349,0.8558140429654468,52.2740507899162
0.9341784661600239,0.8613485145198648,41.101552290588586
0.8317022144399733,0.8564636114178129,40.3922044175511
0.9605971992693201,0.9362295889361562,52.541276870714356
0.9130625265616928,0.9224242727098221,56.970509788397266
0.8815361430376899,0.8920731153791772,53.918812622455846
0.9071694233671126,0.8540990469180517,39.65402040393345
0.811188238355084,0.9046188395819963,56.50667628792086
0.9204326405740335,0.8217688936332098,54.259109671014116
0.8485314245908965,0.9071713283428747,39.29333593809822
0.8323664857078233,0.9435762193043967,42.15679029699744
0.8238820406891054,0.8374400431683161,56.88495974561567
0.9556344187494963,0.8233740861585168,47.65492464854109
0.8685368303153606,0.978971894584743,65.89147301636457
0.976686385495825,0.8694120180247707,55.011292760645766
0.8732099268473851,0.9567973922971911,45.13368811810731
0.8146321021203526,0.8923001167401085,49.897943996090675
0.8441737780025671,0.8919022591529336,50.63383392637718
0.961790581000347,0.9219206349748322,42.7160968675829
0.8922050911031666,0.855800057162678,40.87411801822373
0.8725856351754699,0.9066248571747823,57.013898938095
0.9080009112926394,0.8809255292587954,58.45273297042095
0.9250891368083772,0.8339753278297485,56.03781469552958
0.9558699407951231,0.91687410373632,65.15318094323801
0.9724249614946463,0.8868346096561042,44.58226763988398
0.8820115677105458,0.8921487585777647,66.7427076607113
0.8336976156958981,0.8394919528292921,40.99078881445847
0.8793267419438362,0.9795700183881403,39.873144366315074
0.9130140253291443,0.9438357093193058,32.4004111785075
0.8518120536894694,0.9482077942085989,45.542046861731826
0.8521424542552479,0.8847277648779159,44.96277663170547
0.9171893940774943,0.813540855524829,55.25937280254651
0.8975673824214775,0.9976458691244756,52.43890941620451
0.9016398497705793,0.8969451245997067,38.07026628980863
0.8620752332649966,0.8625600101989973,46.07273761574182
0.8884799642897117,0.9208400787241557,46.28537978912315
0.8537883427865848,0.9583560394001649,32.240177530381075
0.9445099205562394,0.8988474721957267,40.190532729866305
0.9517624667361877,0.9639287583969688,42.291863693859106
0.8076906068880954,0.9541499969258435,64.33625019820947
0.8535244569903795,0.8461809406298971,51.914507159573525
0.825173537245496,0.8663104947170261,56.621687539475
0.8674988032796551,0.9478768581639884,35.01364502850788
0.895828101510482,0.7643693718094782,61.94214483013992
0.8275177390150735,0.8925272153417506,63.01102063024093
0.8539070093437344,0.8284584399187664,30.01655032855374
0.8498021313959251,0.8761723099283237,42.94683276084152
0.9103633664699472,0.8850589955485398,54.9576557301551
0.9034672168518125,0.8820877811046246,56.44388453538182
0.8639131223331373,0.8723869373943696,43.21505269512778
0.9088410436069699,0.8451428175185594,46.94500536946347
0.8726659957706367,1.0,44.02618938954857
0.8864172444836974,0.9933731002080676,51.1041804694612
0.9836726045149269,0.8418967089871858,61.971785314619126
0.9670230525895174,0.9791058375651784,42.28957842858795
0.8350209381536201,0.8800267254763574,60.008204977684144
0.9414866208939587,0.9064593736665856,42.183279276531124
0.9405698277245796,0.8968363020051542,41.523727875031156
0.8425868355623691,0.8670125679373017,58.18594618343213
0.940938882187743,0.9491926171803073,59.219363780076165
0.9768965959206277,0.9062943265288329,58.51409936762654
0.8438727596877793,0.8761724288390379,36.84202591781859
0.8541248589492868,0.8347705278099764,45.340490219279495
0.9508830733421751,0.855320249314044,58.22988592003321
0.9135747655412825,0.8179309942198951,50.415418405638945
0.9275738137619762,0.9006111774207585,39.26307153802536
0.9170294608200249,0.8401667203857802,54.58317939125442
0.9195347960464072,0.886721974374073,42.851927410085295
0.8336763935844459,0.9685050926805185,67.94524848392211
0.9523658853310725,0.9599649786460793,65.44841462418259
0.9584794996213887,0.8983861552948691,56.040974263555675
0.8885304627965986,0.8956457636928425,63.61006704769773
0.8978261525093069,0.9939937274710504,50.64791350123381
0.8234446248722139,0.9260378060179356,57.654374943750156
0.9257127378008918,0.8836096770061739,64.77720295302075
0.9286028720857072,0.8286990941439775,52.45498681794313
0.8968904491500345,0.9196936609082372,47.44812828485716
0.9562176679935251,0.9414661886291431,32.953780418228845
0.883296138451003,0.8684174237743179,49.16866474278506
0.92823029629468,0.9145601377569017,58.234231845623114
0.8490167830653942,0.8818213352542486,59.4563342756763
0.8988223924562881,0.8907983800400499,55.043650657184095
0.8912822871048582,0.7756088971218834,44.5870090503776
0.911265396102047,0.8889109298141933,30.231784310524095
0.8815236535583321,0.9484684651204027,45.04784901995265
0.8934263702164166,0.8684298722216721,46.956551289460485
0.9413023585720753,0.9026263184107658,46.87071032809986
0.8781617881380891,0.862202464665404,56.18556356977925
0.819671144963066,0.9180220838146387,69.85676411014839
0.987479195210271,0.8891738401231913,51.23529201841093
0.9690727039345244,0.8530379229658996,47.832682108435385
0.8353868652447191,0.9666275733832564,47.407781869959074
0.9344853902622597,0.9464466006766108,51.24384766907714
0.8748512614724329,0.8697546618035913,41.71706239651601
0.913174360766553,0.9248894154708889,51.20198558746055
0.9147112064506747,0.9268706001410191,54.508123363318
0.8882796099841839,0.9321150617505588,52.09686063574488
0.8608117167206802,0.8152872052002461,54.57541934004781
0.865472947384187,0.9503303270516315,54.33747609348535
0.854190404225938,0.8715150518537135,32.28103317753556
0.8584088895884778,0.8821086033279367,56.368701583954035
0.8966410854975323,1.0,43.28985154337546
0.8642120005444625,0.9150936690360506,39.04160836996042
0.934102603285631,0.8806838762276412,38.95548172145004
0.9743623077667964,0.7897352813622047,54.33541610472529
0.8709973379314979,0.9694882066973178,47.77425072775147
0.9119702250267688,0.8327395164595699,33.180312160145895
0.9249842555151467,0.8498280548250249,54.78037815192283
0.9236001135459637,0.8834323850456076,35.60391869201173
0.9037977633958044,0.9708205895850146,51.398213585182106
0.9371341209179861,0.938661999333288,52.38498925673054
0.9241124476340329,0.892108124507987,58.85577081695045
0.8381168788836352,0.9154146031819411,67.81684786466852
0.9434578032194637,0.8699807153564447,36.35323674099458
0.9443645418633372,0.9069826844782676,49.475261439369504
0.8618356947910709,0.9036668372389068,47.236647049557824
0.9018968917723801,0.9484384947840677,54.33749685960962
0.9341664496405535,0.9483589061219475,52.15668770933619
0.8895343090210319,0.9246988691102823,46.4745375726338
0.9536489023883006,0.8818826221226949,45.590978113891445
1.0,0.9370911147195063,38.83549144815952
0.8607006983682509,0.8954015766898477,59.87861582406509
0.8309477698423112,0.8459042815643434,54.592041815995294
0.9151909297802439,0.8798356104044531,59.17768197795137
0.9360781252563072,0.9042263491892163,46.896038635244864
0.8884566813077616,0.9455107891832373,43.4316453130557
0.9726630331660517,0.8908235913921424,39.21684933370772
0.8330697100138376,0.8395400644380198,53.58917583740659
0.9346459311515806,0.902837084164841,39.60206775471765
0.8697069589620553,0.9056728020028276,68.4866306896655
0.9859688953103649,0.9092918814451377,36.9235741890656
0.9996257676584059,0.9459935757977216,52.73660119212502
0.8616671706108326,0.950946162004495,65.66854707213786
0.872522143204571,0.8702894563809167,55.99089759263809
0.9429793943489901,0.8691928270975529,51.75673712491779
0.8806434675105242,0.8479900644522264,40.31516353038104
0.8977294391033881,0.9349407835140239,36.182308114322964
0.9012694210271205,0.9724410054168858,57.70050108917586
0.8040163421901172,0.8842459036045538,65.06147240774946
0.8993081126952882,0.8879284717637503,45.61150009521828
0.8655136112967913,0.9733391278449488,38.60938492383649
0.8753438588800114,0.9252778926607504,25.418305694509815
0.9721816001734407,0.9218117852400528,40.19235156337462
0.8371746552860372,0.8404541747013137,48.8634315750096
0.9406602593373989,0.933936403463971,65.99123240836734
0.8860518534834096,0.8535431829745121,56.73133692232968
0.8860119915752083,0.8432989907032521,53.05085404706753
0.9395185948025856,0.8826614211616645,45.99880338698869
0.9170025647284445,0.8707103638275655,44.16834282744043
0.9285306498609766,0.888920015280748,64.05647597507964
0.948409233026643,0.8279509182737541,52.0073854075839
0.8834345808408339,0.9479408153233837,28.97399308078978
0.8693881632746125,0.9563843147258215,43.264603521027574
0.8457424736721101,0.8026328762929593,41.417839682283734
0.8587294735010522,0.9489228902833275,44.537359908225355
1.0,0.8594735685089187,55.629106602850854
0.9622339790368394,0.9428487768491394,48.925551182057504
0.832446281689599,0.8965776753666792,49.23134592996338
0.8338771021628215,0.9014387782040499,63.13473161325236
0.9240933030859246,0.890745117528939,43.03538910213312
0.9273632398688983,0.9606064602116743,68.6419952588735
0.9274441917658682,0.8380205993737486,43.28692408628914
0.8872522103223152,0.9303920169367504,50.89198196612571
0.893727286999855,0.9550665082444776,47.18796404597233
0.9163939762079679,0.9358170040270205,51.23419133500961
0.9042946503146665,1.0,54.445919950731295
0.7890349813626233,0.8735526618637651,54.338352400888766
0.8885100184712403,0.9478652411296766,42.4688266937942
0.8574296782869844,0.894695468232929,38.77085322552429
0.9087605709454256,0.9616703038176335,75.03171790905711
1.0,0.8996155502139316,45.160156603994466
0.9183740832737153,0.8806062109068765,56.992124386719865
0.8843235156913801,0.9653036101935815,33.92358689476803
0.9460900750988627,0.8754219030490535,47.203872800953235
0.9241343943604606,0.8293637120549722,48.72800616017557
0.9210047245225921,0.8741576558413086,54.72815069927832
0.9303425296607836,0.9309516473294266,22.77545859008061
1.0,0.9696019375793546,51.661406130783305
0.8434555782337042,0.9055564687648257,38.50258544632107
0.9236816038405727,0.9659098533617013,53.24345711194924
0.853680943500923,0.8320912539261204,39.63670803161837
0.9277756323171125,0.8778368267591049,41.44517304074419
0.8540656744256953,0.8855712441422949,47.26372389606732
0.8791316593197458,0.894272028626374,39.476705303968046
0.8852455042881047,0.9042047194125099,45.244655532646455
0.9487908359672355,0.9345455478696096,38.06624231456685
0.9459227221971207,0.8777596580914755,31.668295483012724
0.8377141311776808,0.9069514343476563,60.179570524293595
0.9027467055499925,0.8977438554837974,37.039513071760716
0.8645210072625414,0.8537055048054425,48.21319112392016
0.8370747544662333,0.8943166655459283,57.52891081493785
0.8891491474787815,0.8928170235051441,43.85055897483957
0.884575860577209,0.8917459717498477,41.74834100254462
1.0,0.9015879728290725,52.262380886674215
0.9216479912680349,0.9037836770306693,61.17933822727152
0.8311191249622881,0.8783852410446336,38.30684734913531
0.8717612997914529,0.9636357366985633,48.49852167982561
0.95106916477147,0.8415259685398492,32.67505405032673
1.0,0.8639514945765052,46.0679899631781
0.8207008343881022,1.0,50.34204684538076
0.8060037807430478,0.8481004322505385,41.453753582449345
0.9935482587685891,0.832312266264512,45.430081661747685
0.9194807088685453,0.9367238372500609,35.9177323169255
0.8565853634061817,0.7961440073113063,50.770786113814935
0.9267314543061218,0.888236304501378,60.556942488831496
0.7682126130491561,1.0,39.028561302295365
0.9001687753298581,0.82275320389233,43.77328233447617
0.9163910586421543,0.8009017757130643,55.02546246454182
0.9462135069768915,0.8250409399021151,62.12090719322736
0.8493052023853731,0.9449179784173493,35.068101877910685
0.9042843580701679,0.9562388359992906,48.312152625840504
0.8537287686970206,0.8743705601510746,52.83130822319525
0.9127691877837159,0.9341606202000535,48.97943609371152
0.8552326838818488,0.9695127663755995,25.23207933122913
0.879594958041989,0.9893673207214913,55.01090009308772
0.8502092302604886,0.8876832359410076,65.19336351090644
0.9325568120911829,0.7849264141165007,51.16661751169504
0.9429225558328332,0.8589560538795157,39.68893946705737
0.8882689715021294,0.8786597902532371,44.86872753635717
0.9019118997480015,0.8870530601710805,67.69913067655592
0.8275704292683228,0.8906070299495641,59.09962540860558
0.8850161675996606,0.9559447298965335,56.40026618384329
0.8974897691479128,0.9637214213343791,53.56412583534376
1.0,0.8914163173037608,43.38862887809027
0.8444016487112919,0.954924243802591,47.994288193442316
0.9732088619376219,0.9178830683315545,49.22077264321484
0.9498429386732904,0.9032252986431286,55.495743160644444
0.9140318202245068,0.9453272078554982,65.08918894266904
0.9879310242097566,0.9036126024118958,61.18338136793128
0.9186052736303432,1.0,35.806156442039594
0.9194579597833965,0.828079441660272,52.23994968901049
0.8973439673491228,0.8742414550453992,57.36763345167897
0.9611784441209315,0.8936740551523025,56.188603301446356
0.9548234616905442,0.9219726345228996,43.7076623661258
0.8687161356251893,0.9633980243551544,79.14109215768362
0.8340376402700617,0.8987800716381922,37.22915437668881
0.8898509681302171,0.8288885175246896,39.1681155333395
0.8599980717801177,0.9421256948227502,52.33595081261576
0.8968237712692323,0.9377479383070982,71.16803054963853
0.961871906734207,0.8029070670310298,41.63805149295829
0.8771349172456605,0.89980979331646,47.341716343530074
0.8978588309344213,0.8204929084659851,60.77293673015693
0.9029011367404198,0.8667674451248969,49.82137845112266
0.9424215441102642,0.8548595536518601,46.65396145469705
0.7876555333007698,0.9404632349120993,55.6563290188672
0.8696649852617352,0.9058415087086092,52.725179902295935
0.9105641846139737,0.8357204499621986,60.30438785636791
0.9600039478213431,0.9440032981478671,62.914688890653636
0.8754048776246898,0.8283097088035793,53.07003060005362
0.8061723646979063,0.9165056895235472,52.91732725378309
0.9309855722983068,0.8592994665354222,52.14110982286134
0.8682318805587186,0.881716145873474,54.891305566492875
0.840516667045482,0.9252135374019193,50.55170637871464
0.8687827305143389,0.9260724699529764,49.99391517677711
0.8907737321172076,0.966848453677798,61.966271208272424
0.8697627667730894,0.8958873150164274,65.16116180355043
0.7897216971450466,0.9153225431481671,34.92447055366579
0.9448533098443567,0.8781131338797837,50.10021151740569
0.9637437520639361,0.9090994941311399,43.113055665547655
0.9325760995669753,0.9219743024004257,46.890285335139275
0.8431157164787592,0.8950845076272812,54.02516209735322
0.8899254233026241,0.8098124757953752,56.694383715424685
0.8996739342385272,0.9165735448165447,48.87873556388655
0.9299397194780955,0.9182280738677728,30.86659665277197
0.933417024435904,0.8659913261826024,40.349544194238206
0.8632913100610752,0.8357806481963743,58.964996702001656
0.9040997778206781,0.9737939575251983,22.59573577965069
0.9228640202307621,0.9245722755447201,61.87427151682
0.9727911161073384,0.8885459484539145,55.212299906445416
0.9352253269912362,0.8431483558426256,63.16176081530022
0.9394528343687759,0.8589092585789327,48.0143081311904
0.9041913313964681,0.9651295198393116,29.38594575977095
0.9705229572601752,0.9068830970434023,54.30362641506498
0.920488139797975,0.8724706466499647,62.74653124038341
0.8569456044913215,0.9254844615612329,59.24721805513421
0.9701684985062595,0.8592800906276838,43.37308516511965
0.9348951636269514,0.975042151514019,50.86761075462647
0.8778477989435759,0.9676400267448363,44.671637312200765
0.8760253516300378,0.8766712964398612,41.80733535810628
0.9148287772570382,0.868566487648457,59.55388571179851
0.9231592397633792,0.7690933400653861,38.02467688734838
0.9098646132815603,0.8259209614224317,41.06183569418388
0.9155654336721443,0.8330265112521122,38.95974366527614
0.984997868728819,0.9067595170493693,35.09752476700953
0.9535771576117443,0.883688314777932,51.464142918426035
0.9095317795632513,0.8327332256292379,61.61503048481976
0.9470655290383742,0.8859417978767722,48.15123243754734
0.848373804823623,0.9252668573823675,34.94252199435834
0.9198963524973405,0.9263919674957793,58.39944539742027
0.9904653174866556,0.805016485957056,66.85701754034972
0.8890977052303813,0.8935868259758085,43.53757675853405
0.8576183035690458,0.8308329611514195,45.21445733282282
0.867395555570347,0.9450864348570137,55.15660630083394
0.8455183481328806,0.939207320817675,66.21873747785051
0.8607619045936149,0.8550986386837771,44.80165854274774
0.8814745950704985,0.86169773987998,36.67550219001795
0.8297216490410679,0.8769366474750847,56.31418606272406
0.9007809166974802,0.7873603302634331,57.99068073142299
0.9451138586893324,0.9167984086720289,50.06131450435227
0.854612190992654,0.8863577726829934,44.418667403425495
0.9759641961820885,0.948508754128393,59.94378730992047
0.9255396044263797,0.8450795391018724,55.28036004547964
0.9515290292812029,0.8690438525875034,42.31564483096507
0.8671082723073932,0.8246737370980443,50.490947313056715
0.9427262613533308,0.8497854718252874,36.48292467975353
0.8454033049802344,0.8409009001965891,56.8589045643792
0.9445123750418255,0.9497986839423223,47.37766430617144
0.9085919669896766,0.8650869075624305,45.64289167615263
0.9276625609992393,0.9062087842372307,49.67125514847566
0.8412202697187574,0.8809618298069098,50.40307699330248
0.8552465078861697,0.8365267366993594,58.9493006156556
0.9298614109126693,0.8915849788414179,55.910905313252215
0.85258259978879,0.9299551665931798,48.435907212071974
0.9231603146049562,0.8396120303728324,57.636681497189954
0.8316431096769877,0.940455639536569,54.00737253691613
0.9424087106333334,0.8575139539261152,45.73400363713963
0.8383738342615745,0.875850803696358,48.75281841763514
0.9276149968839762,0.9265341561505024,48.51777111156879
0.9312815466823001,0.8668281921390256,55.05261343174202
0.8651614090785212,0.9018787429667933,46.32977385278358
0.9291013283542364,0.8842654585605954,46.09590813578367
0.9130221131666778,0.9064684003351909,69.68757309433958
0.8730579071903631,0.7809630447238252,59.39735481747104
0.8495722657961896,0.8085159092395958,42.393993355748606
0.8018687154163711,0.9307983503023419,55.70940993942198
0.9174825023649847,0.9518590702824525,51.18350065655177
0.8217598614318973,0.854475664823424,53.915511752600935
0.9047672099720654,0.8877985823914433,51.373413245651044
0.8868275891958876,0.9147359626451151,61.89642645485236
0.9339571387719098,0.9346608800829352,53.45620344651446
0.8848977250255068,0.7986161364164576,49.37911301785713
0.8835276106826454,0.8556979876510812,60.421905769830175
0.9365935352144148,0.8833710310075062,52.33285041087872
0.9167529014542058,0.9351570098618025,51.214785793290574
0.9158077978591389,1.0,53.14022602486114
0.9234633794904263,0.8885997136595142,49.06390976633634
0.8232213938396448,0.8296511268948006,50.09226992995469
0.9378394339993491,0.9201134038600649,44.133054112381274
0.9306234397006802,0.9660497894770356,42.48832780376121
0.8491658435711752,0.905400706048975,40.014296135175606
0.8877959763162899,0.8546675727422853,36.08016713202924
0.8980346356186185,0.947899697074001,41.202826386154435
0.8932751607799134,0.9331772809249218,48.25732965533074
0.9166929983284268,0.8486959577902188,51.03117582445637
0.9715683390915592,0.9190712808767171,47.28703436852359
0.9540883363836414,0.9498632783829437,26.44296509872642
0.8343890403284298,0.9590945021279447,65.74586357762342
0.9311034995153025,0.8966775512345272,60.864801228903815
0.9664466659767705,0.8820960276910341,54.45759851217129
0.9193404260344602,0.9613636911040632,69.07490672553268
0.9545490212592984,0.8394919748509557,40.22635882516289
1.0,0.9219289645460503,68.87625120626005
0.9511854773053491,0.8314986686317786,40.34785923249452
0.9124654297820864,0.9532688136129802,52.38737925291357
0.9522544237042377,0.887097724219442,37.26162674865796
0.9072443916548446,0.9634291617823735,50.14694095544367
0.9011951521642478,0.9245706378177764,53.861664979983885
0.8824292882143134,0.8388389884969035,48.453096688654455
0.9781706679416055,0.9712313866038622,57.13877444090137
0.8590785667029,0.9775622633213865,50.990144494872574
0.9766183862339058,0.9441143246299608,44.77585271622491
0.9249932061870186,0.861920606748189,44.331866821976604
0.8300346912599029,0.8846993022821296,58.109137726156966
0.9183824646495711,0.907271360870288,43.46257970193032
0.7949986746174188,0.8648144800334283,59.15402970484937
0.9312754008415518,0.9846173286231603,62.22711792831931
0.9442615741494496,0.9072163235863019,33.3128613765387
0.8703822022173974,0.7648325976446322,61.32926387301035
0.9061773847977791,0.9169677906378111,70.604226984447
0.9977078716875143,0.8825921301591344,52.52003761201929
0.8747126647869032,0.8962536721940776,55.99084185294822
0.84705462064717,0.881569031710715,60.370053243691586
0.97408317012313,0.9403523208303344,47.24517684820978
0.9981293595265398,0.9559843889276691,51.822802235378695
0.9001847835923924,0.9141526581129327,36.858004703768906
0.9505731517704178,0.8830344406430921,51.38635028530451
0.9670737957765441,0.8979331397595415,54.98111995644542
0.8628757883730808,0.9009799808288814,55.161630229264695
0.8757347082316066,0.8598784980067582,60.6542472359758
0.9615437256577368,0.9289464324285618,42.25197821864471
0.9842507139354255,0.9230021161930233,44.67393243326504
0.9281440430087178,0.9770220619888337,68.95507345991355
0.8560092823248973,0.9627674890144238,48.4967162623629
0.9993530555849721,0.8657162541204935,52.00033787312328
0.8734514551094018,0.9410149187254483,49.32989958274779
0.8832431109414274,0.8524523308452764,41.783191736949775
0.9171168917244811,0.9347966050470425,66.23529210891806
0.9777080210357387,0.8741692900619946,44.72298588079394
0.9426987988276112,0.8488373388312208,38.7271447629307
0.9207432750180955,0.9140022671348702,45.492597226972485
0.9231644265059054,0.7662716435922929,29.982939982744664
0.9021757334321733,0.8124512212797386,43.487125350168185
0.9279069757259253,0.8911254058112859,40.31871402147674
0.7735219961152848,0.9041220883317421,56.17428630927324
0.8851696270465101,0.8815340614920906,43.265857604401276
0.912066096745839,0.8210281850641201,58.87803935578849
0.8424492958190246,0.8591054078930748,63.98483993069321
0.9193161658905781,0.9195604663618697,57.81175336287599
0.8897764389506939,0.9290890885314181,47.84611711139924
0.9877737849157745,0.899188844120203,51.41114496705593
0.9786509862607429,0.9578416890518495,34.7501505985594
0.8767097215440919,0.9198698511729617,48.6622062747876
0.8924581144216652,0.8626272173020894,41.39561531933167
0.8963026217195804,0.8859748973294191,56.94326381149299
0.8774170261920189,0.8298566921396073,75.72752389244474
0.9097512492014064,0.8945930504804291,54.998216359738095
0.8620858965556205,0.955605030961067,30.088598510453334
0.8434692332531237,0.9342645042355484,46.38769807085627
0.9311355611950135,0.9701004662959561,51.22490925374455
0.9314764792110906,0.8848557378100503,50.87357425260264
0.8597842120170004,0.9673049897257129,42.691868743912465
0.94476777153813,0.8903347886776015,52.45291742636935
0.8684211135417335,0.9735792541284948,37.574991630806124
0.9126582619018991,0.8989071626278938,40.55091277314933
0.9410172006306228,0.9353615686902138,56.45797641603711
0.8983193717648144,0.9737556182154928,39.84336769120174
0.9227370456070567,0.8903286185709397,55.38211605492257
0.8741785178056214,0.9109194493772087,36.30536225343942
0.8901766708285952,0.9644431712603151,67.64825883791737
0.889707028455983,0.8933498418034969,42.25730077595945
0.8626710826729881,0.833955385874692,47.763334281965555
0.8911612918442109,1.0,53.30613261090406
0.8225690850568127,0.8765117767831432,44.34650047498906
0.8754423126428947,0.9079378025468772,51.43405961071304
0.8857562253315164,0.9578003334725563,55.75356724520125
0.887191012375231,0.8695753048134399,59.60613232503485
0.887925127706461,0.8496066043388935,57.91497435972957
0.8969117900069936,0.9126868648387417,48.28189536197326
0.9239720759043032,0.8103461801043805,48.533682259563975
0.9437258537066262,0.885604696156604,73.49108558025033
0.8675117386575867,0.9122519332157704,59.49889068249292
0.8398399572305428,0.8865024051587418,40.78176343679786
0.8478977793878448,0.8228274528407127,50.99988163765552
0.8756398539402537,0.9797088978102007,46.64856861221808
0.8824039341091746,0.9051769076974588,48.6466576607689
0.8615001966901271,0.971557605888087,37.70504842291912
0.8351941667875052,0.8869981874909778,45.88076765614047
0.8771939586262906,0.8559994009154618,68.11555773193913
0.9090713310056986,0.9134590460127581,55.79076300875503
0.9297514732917782,0.889210643683589,25.0883859184854
0.872128847344584,0.8411119271004321,62.16723492497947
0.8793501088928283,0.9734892129393748,60.89629522909161
0.8536650845576345,0.8688864888553002,46.40714695693583
0.8984280414812612,0.8079866807602216,57.17263543783215
0.8575785682904593,0.9664083026978667,41.40600789182799
0.9286563906620601,0.8747850992093689,45.297442837336426
0.8107066754032944,0.8696088053692188,64.98546360669853
0.8820185163773769,0.8117306206485013,47.282699601302916
0.9150553669595871,0.9870470743298496,31.30268338045009
0.9091917258161253,0.8355259706395156,49.366967772186634
1.0,0.9029224740352825,49.214116070856434
0.9174900012283954,0.945631016127022,61.98368569373459
0.8497972701578995,0.9210858466501549,50.1433642217576
0.8952267876455464,0.8970172844003904,45.78417688559707
0.8111876833266775,0.8149167070856292,60.45056145231206
0.895970012535162,0.8595137582116358,51.207902325011105
0.8583471971499621,0.9093900169021262,42.49977318434283
0.9457695137780081,0.8606412965006502,61.54997560541618
0.8725229862702233,0.9101679729999385,51.93661764516799
0.8941617042102377,0.9340871704407571,50.029259666794374
0.8682221079297798,0.9481251442900052,51.77908391411654
0.9869425675926666,0.8386910321093658,39.29331628583403
0.8839378616941045,1.0,44.72346223821663
0.9916278521739601,0.9383739672277066,50.03582601832783
0.9407075881059134,0.8999142923165468,48.05336304975321
0.9241033363667693,0.954476829153832,62.72428382816595
0.918436657365876,1.0,52.174058527270034
0.9196898649108126,0.8280639949471565,58.54903922636402
0.8036163710327195,0.8887368678754324,50.093953545758495
0.8860558302924622,0.7810784170063336,60.56288483746123
0.9422578985592162,0.9096325766324013,53.97527756573154
0.8975551408262947,0.9182697120962571,50.13420485388464
0.8297405076598212,0.8980418942278621,49.86716911040976
0.8973797774711265,0.8672733214500845,40.45561373709037
0.9852052758127746,0.7975242741905838,55.069157201363105
0.962344585776736,0.9186766841705885,49.59795265463621
0.8968997995316984,0.9727717241957663,44.98008039818795
0.9475724638529044,0.8704490772133284,61.06461770812072
0.8816746489815974,0.9220029964511572,37.49783974105198
0.814806420658664,0.8215927843289975,45.77504104567566
0.8537767005935223,0.9228606531846257,60.27718748779533
0.9781444384254099,0.8803308851127671,53.15522940920253
0.8863003459085348,0.8618791024698543,49.52141072347243
0.8878308010312491,0.8619818179391935,52.510035431501464
0.885008090186256,0.8803194208983495,51.79414171048841
0.9952068294786504,0.9191216657846268,34.833374537140784
0.9812979457681031,0.8343918399402241,46.50738114652039
1.0,0.8801442334216074,66.16521654513748
0.8920477394799975,0.8979264111000427,43.406758652228326
0.9147812244373548,0.8450480387734071,46.81698985895666
0.8241678725289605,0.9898332600837508,44.58379236690813
0.9738467213059138,0.857325225996933,49.12984776681863
0.8416110224366032,0.8665281543183255,44.16877168675702
0.9108387781881315,0.8510846025088751,54.8674150215806
0.8451348736183578,0.9899240043569059,51.973134122902664
0.8705566586630652,0.927645261429974,57.73547615107018
0.858136878447515,0.8531703996878179,39.49058833811039
0.8696062369662091,0.9553115779429985,46.59659517117097
0.8730438648425511,0.910034934714444,47.74277368387865
0.8725865602537461,0.9128626710555752,54.55646910088595
0.9416666955890154,0.8827761395623773,42.06778802792966
0.844756860346874,0.8625292006521513,59.15653804258344
0.9110270713506934,0.9168883049527301,61.86415590517609
0.960897957615278,0.8727456385002205,40.111276523644165
0.8743401817743303,0.9908377814787552,45.09127105106434
0.8641040554626199,0.8365354447378448,44.68068491707908
0.8884737687409875,0.9768078386427473,76.32386204677499
0.9589862604180356,0.89443405756011,45.700998947921136
0.9097053815476679,0.9149542867010553,66.77625442156135
0.8734392852696201,0.9416578883314718,37.33368004893391
0.924193832559402,0.8684875352497782,40.103490338356366
0.8448853925081788,0.9432124192349318,43.13395468151799
0.9340679755221474,0.7646228072309412,41.543106885534776
0.9204303653850884,0.8640005233389031,47.321012658415015
0.8846095764430558,0.8537968596329467,42.912217972785015
0.8580707100776385,0.837324699381412,41.80658407265427
0.8556659538858271,0.8892522580960525,61.584719964733274
0.9267408668172955,0.9192874984090847,62.23793622513165
0.9614490251244531,0.9351329999249653,59.492964983753154
0.8681346126485603,0.9120438378600204,55.23998955584328
0.9229193351775743,0.8667153267553227,50.927430657795526
0.7956486490698966,0.9184508218912584,45.02969309334091
0.87076911346714,0.9062142847425425,40.468424952449084
0.8984470533564549,0.9468028083968009,53.62995703432687
0.8545158291509083,0.9388468351465759,38.26369607453203
0.8531746812605202,0.9015238206960314,40.06079070824607
0.8666110221765557,0.8551373496919372,61.5291325620481
0.9146096364163186,0.8673524922083959,69.00649041722087
0.8906335490796813,0.8725105320180984,53.93295138166481
0.7880884383337514,0.8842366833041873,61.064571522946444
0.7939649923682467,0.9134025213794877,47.541516825560166
0.8696567411071413,0.935758719506403,36.62325813912316
0.9228843293026776,0.8974440653492312,56.12171618618584
0.7626247578637383,0.9008062393950237,55.69289323270064
0.8750134911924184,0.9071653152500002,50.716685538802444
0.873687607174129,0.874204734343383,47.576245418948886
0.9694168889104224,0.8537303871178522,59.62210578581098
0.8807489094143568,0.8122281051344645,40.14266966572526
0.9191494492370464,0.8652425320961564,42.26219421109342
0.9070628570043732,0.9236572726633894,39.91893493239572
0.79347167600964,0.8648544280980216,50.849729626358275
0.9384103608315869,0.8881096481287031,39.12106987890741
0.9107698252728145,0.9233215643706159,43.15757819484757
0.9254134319837295,0.9260344748211334,42.94244437772802
1.0,0.8460233573916981,47.39391667666042
0.7957943530250706,0.9498529678226821,35.12625553596023
0.9862348324880554,0.9563675044677743,50.87204992037267
0.8856276240299823,0.843507507139072,62.47303650664678
0.9143664452201505,0.8588081565179423,51.35491372316762
0.8977243877349379,0.9595545341573096,65.4132114480132
0.8787881833300979,0.892657323937235,63.33998185876925
0.8715083535880621,0.7890111026274075,57.777350472478545
0.9164754367786505,0.8300159247633657,50.74685842636886
0.8241413151664161,0.8875315187413759,50.225003882454395
0.9375289583760883,0.8418478674857699,57.6379977236326
0.8791902797557373,0.879328811468178,46.083293904959675
0.8434965330479821,0.901619810684179,31.174792485325362
0.8774993571002093,0.9731127302017365,54.9200405410296
0.9628574608431286,0.8854773041886106,38.68931370065029
0.8732332456491888,0.953627089978638,40.378587718096156
0.917922680910481,0.9714380081018386,50.00223947995788
0.8634521862142264,0.9717154834676038,49.0487512244653
0.937896092496181,0.9142377296692784,35.87924393684369
0.9342753869395102,0.8018355426080513,51.6549156413314
0.9924304416648206,0.9230412432701933,59.66139660861048
0.8912218027250393,0.952419994390677,38.71658429734217
0.9334327402378954,0.8959466447282292,62.72483330848759
0.9049033769769472,0.9872291935037625,34.39829174870056
0.9647935890931507,0.9429916780733729,71.17324144370953
0.8640583806195635,0.9284136688576392,45.88739569516516
0.937250265643864,0.954319035560292,51.45616996826892
0.890265135194166,0.916668492563044,31.0796642751433
0.8967905911445752,0.7753594750302324,49.378639335306914
0.9045876242224187,0.8750430524264817,52.28482177718192
0.9126120198213339,0.9598584013623928,49.13837895900505
0.8941885478439021,0.8596204329950852,44.36918922947626
0.9107356591585263,0.8888263747381531,40.53435481472185
0.9789059028781093,0.8477581843048464,61.30526619537311
0.9492724842807609,0.9891961297600885,50.3080713499795
0.9434577296248449,0.9840746228709008,65.40752376516772
0.8772230236988064,0.8558065552429636,44.73517645205077
0.8555379585885838,0.9073649000194542,45.65205306627783
0.9477650279118877,0.8659752976117976,58.15594244596163
0.9438023396264897,0.9307472319515689,33.77025037996436
0.9736335337875491,0.9254841538621165,37.86536639847077
0.8698009687015386,0.9405852785806633,60.97484971353163
0.8885225672319826,0.9165959223853943,38.28066070776805
0.8180257918737283,1.0,31.80948984697452
0.8803764446969564,0.8486038117494631,68.68527188073091
0.9498285255289723,0.8144698322781743,36.06182352125794
0.8766752310385901,0.8803454899649269,51.8411939832817
0.9320239897600412,0.8216005867219867,50.69085192724271
0.8904748447001094,0.8253768864997004,21.89371683381917
0.916202851411078,0.8499342672901017,47.32682976832191
0.8426154305092166,0.8538905547284187,54.4841324947911
0.904260472481695,0.852269094902497,53.543093815188605
0.7504432014549639,0.9259109475222707,59.035206838035016
0.8906551920919008,0.8746905469457332,46.12508685094566
0.818476337814243,0.8910242712563761,57.125044420921604
0.9602997258273408,0.9447116387250468,43.10670931919928
0.9388703676382256,0.8616838737609287,35.89532583587225
0.9233335490983041,0.8867727050647639,37.02271624318767
0.976050311357969,0.9182879993046458,35.37889544804585
0.8525541739587582,0.802921609968989,60.095859678911935
0.987368159895778,0.7807547245524709,34.85426490941443
0.9466095782130193,0.9173058664398862,52.74038840649303
0.8881722356390527,0.924600714028345,47.34075805927567
0.9567810073591473,1.0,48.973514265493684
0.8446853243794183,0.9079047437933405,63.636072951997
0.8587742919236163,0.9409869858629047,45.61572632784726
0.869570513838015,0.8902263678207013,56.116015615496835
0.8735511145967992,0.9148613610792543,50.37563351381112
0.8471721178619874,0.9833628420874767,48.47981094367302
0.9611541533547663,0.7938003590937183,72.99969124386473
0.8870572799815084,0.920680812878584,35.5865825428463
0.917625248417844,1.0,62.89131835437445
0.8714824316793159,0.9141017109604671,56.56406565489972
0.8089698349725741,0.9825286481616424,45.20475005368216
0.9135028679195711,0.8685393925235279,66.29318517441612
0.8043872512290112,0.8983976252918143,31.518898876114633
0.8965682976957265,0.9016762351194294,44.782333427009284
0.8315842480583595,0.7891204460320614,37.91517795730924
0.9993637999615405,0.84159110860749,54.1208346487146
0.9455681361087361,0.8451562460308008,38.869358988128226
0.9052876895635741,0.9411033039016264,54.33063946741319
0.9631853338827334,0.9436076552842028,48.135635841784456
0.8576842011267132,0.9162018221353266,45.20646057343916
0.9271739689335047,0.9412051448427853,53.88647246033311
0.9099905216859357,0.8917925293639113,47.31378376061936
0.9132010040666835,0.9600965834769772,39.11365156940961
0.9636176750053385,0.9004394221316037,78.01372989634979
0.9366246051389902,0.9028932023713379,45.12832816970855
0.9144361831412512,0.8867203683368795,27.823909198479853
0.8172556281885852,0.9342225238818214,41.579013102786114
0.8519976852360268,0.8789400591693544,37.327233116272694
0.8938645533202139,0.9488215688599034,58.26145616040515
0.9046686187138326,0.8433925429641996,53.21652659591586
0.8434898137663038,0.8450541872635903,53.987128017903444
1.0,0.9343713377563252,46.29977534162756
0.9758197027626787,0.8955727892708494,47.206497529430784
0.9301059160196242,0.8773054291923436,46.290688963923316
0.9036018430641872,0.944502886623773,49.1880681586453
0.8893895515049424,0.8696369292956958,58.35333435364835
0.8524040769988882,0.8899899372849815,53.36075412505346
0.9038740259259431,0.969961397503558,55.00112829620867
0.9128876270071375,0.9769571172905326,54.995589082492025
0.8379119712259188,0.9786199105135164,58.844424373817375
0.9167088208622449,0.8858937111533045,52.88150041540255
0.8922370475587625,0.9615351452492236,53.588480726789186
0.8046096221061305,0.8525523586115661,61.888062411931564
0.8569807494610249,0.854654856263897,43.34954081996888
0.8793197233289178,0.782477207368782,41.44257420048493
0.9943843828670095,0.9836434100949265,38.14078400813144
0.927827656226688,0.8568010075461961,51.82914563620256
0.8332259215450055,0.893673371012647,31.462677587808766
0.9243018144708819,0.8544837829035858,54.621540960596775
0.8226348005530817,0.9347582624165071,48.90806905499447
0.9541345526943537,0.881218316964133,61.346396998210565
0.8764437674091061,0.8347591554783526,43.280826895350096
0.8953181905630415,0.922083128209303,47.96681714582493
0.9662898323771095,0.8283134987594886,61.22203333293369
0.8356418215707875,0.8581297137342254,63.831356467781525
0.8301440907443505,0.794655544268696,43.1984763424818
0.8708200336826998,0.8288020943901196,51.8178123258716
0.9519189425509659,0.9089264584860239,52.94418977684048
0.8240326962261579,0.8017731980948538,53.73653405621148
0.7583922200944715,0.8259427137689143,47.37424340684378
0.87744205707955,0.8998815541933596,62.81383398123635
0.927587039995546,0.8728196551953474,31.102965163784546
0.9600130874869415,0.9996018317979655,45.78869765198916
0.8768419318957301,0.9916948273012188,54.47930732772947
0.8794286696441999,0.8566038768624423,54.57224811949344
0.9576950367127874,0.9278568809201742,63.52759030614763
0.806512915015229,0.9374641278439726,61.98225393201287
0.8805739612408495,0.8701260570987799,47.144583746927765
0.9095211944962529,0.8252229231750898,62.99871243530605
0.9224609360642517,0.8993850775345972,42.85958256222545
0.8745096653404559,0.8913577162592945,59.308873827918376
0.9017220505852921,0.8782117751514691,68.10522478420994
0.7755836323293506,0.9221158434082243,62.14944106854969
0.8670875793833076,0.8624635196497201,51.057703835241234
0.9226754356277234,0.8424001226210429,46.682212282278776
0.850885298287266,0.9054541485174916,34.71408703740714
0.9029492110794799,0.9192985046284439,53.10539637914204
0.9223436250401349,0.8411677528049973,38.84782772029081
0.8828725399571118,0.9464045305495541,42.06865336386063
0.9085231885498286,0.8114759431111961,38.092541992633286
0.8518633717357694,0.8710943270642179,45.39607667343345
0.8896694360151977,0.8870995731901196,49.72030585513018
0.9305108084794611,0.8681888143674036,52.73614581165705
0.9078486480484217,0.8717469763224404,43.994933645860364
0.8706734365218033,0.9935537241154058,60.692837063951835
0.9112108202145397,0.8574557955480551,47.91794742010034
0.9357304895318309,1.0,42.12277566734481
0.7975029360711261,0.9218563389865526,52.262922672434364
0.9579537032477949,0.9046027568655997,69.63552833543815
0.8831872630659464,0.9238120176693834,53.35160566535118
0.9212744966620116,1.0,46.37144372626393
0.9598623461822614,0.8503203498034276,34.72538643881296
0.8314163151384767,0.8439791040531806,47.8058767902793
0.8645279498786227,0.8622566901714039,52.349281250881155
0.8855725652062147,0.901607157348228,46.1241910874443
0.8608123239437786,0.8137114437593713,33.346153617590005
0.9867468287918405,0.9011169619659304,41.494346104965665
0.8571613953086604,0.9846773566706837,64.54538460887758
0.8722226610256567,0.9075703695312389,64.34001003730461
0.9102194515801488,0.8853657270512362,41.13360830795402
0.8398925236961956,0.8690919775658187,56.72756787199422
0.8802159644121869,0.9449255852275783,38.214272152298264
0.9158726630625088,0.8587083613380977,64.04316281994953
0.8833569797808745,0.9923197960299625,52.452358478942365
0.8953306570550026,0.9966679873857179,59.49641498616534
0.8735333943775815,0.9128375399330894,32.84906652817461
0.8242764845409617,0.8994242455961677,56.776371019248884
0.916079660566962,0.951532990412078,49.92325936315496
0.9877466535823621,0.9547399251113663,58.519290707908425
0.9009200815391719,0.8597004134470293,59.1486779809785
0.9112632058623775,0.873672243343165,50.65784689474749
0.934636137755843,0.8338826282658353,43.991703609040854
0.8365334751726651,0.9204532469167028,57.796961821794945
0.9851257329064803,0.9333313941728446,49.398455005948726
0.9101164398211401,0.8325037181069364,41.27215046472357
0.9815928449544554,0.8772400547591921,40.798477685423144
0.8633483502238005,0.8326373041209325,35.22835583687618
0.9909030961278913,0.8550600094878081,44.89708840436937
0.9387577747017392,0.927550853011315,61.02692046074378
0.927652004292618,0.8633258966660861,51.778297997054345
0.9117012227176574,0.8849587021983851,44.70232294076959
0.8875735690962776,0.8186344136026342,58.0485593818008
0.9600265829236937,0.9093495104862332,41.675233782766114
0.9070179934924024,0.8977863340077675,50.95350274332779
0.8016465148206424,0.8635520374983419,48.20369627274485
0.8441406769146499,0.8905492851158763,57.791306255883526
0.8907077123903626,0.9090147440251722,34.22771629080499
0.9154999491582778,0.8592565925545328,41.498022541853445
0.8971705755550052,0.8261868727999111,33.61754340905466
0.9609485394896832,0.9902787216343408,47.4040327819073
0.8024449067980688,0.8683363647644864,62.1142750363243
0.907179396825258,0.8951619948406555,44.94552790346473
0.8091010387306423,0.9505419867510158,44.893160618043495
0.9379856147742085,1.0,58.717244241841364
0.8952770642778999,0.8377756775055567,60.685495584552996
0.9209804986012059,0.9224913606863255,49.1142893273121
0.8568058519705117,0.8646223857352947,56.84714854049892
0.9639732465828876,0.8730604847711645,39.230454591220536
0.9520862332029426,0.8639893989496605,63.77974333925414
0.9291772151505944,0.8437172516099708,71.48706293937052
0.893524137656828,0.897935431910767,55.212157911887246
0.9289928642647566,0.8262748656475882,29.156683786571996
0.8646553716006325,0.9473403783255936,44.417697376022154
0.9427777829510356,0.9027501468016688,56.12825321669321
0.982474044716196,0.921121748645072,45.785170028336374
0.9535305279989593,0.8766905694026889,62.721985542500974
0.8635198765096296,0.8816398032894126,55.88157264435865
0.9180708658636552,0.9143781952583664,42.935244992342035
0.8353429228120677,0.8417974683797087,50.32264810771253
0.9286195155587839,0.8821004782793332,41.0616677936091
0.9225301706431269,0.8570193243060773,48.17415121587558
0.8065091830233918,0.8554715594704493,44.45406759567448
0.8419108078043819,0.794508087968718,61.747618002330384
0.8858430551628117,0.966966329474,71.16012056830995
0.8849570126429587,0.8656730623423116,35.68811666764248
0.8395261532290598,0.9581688027581775,30.76783713790248
0.9194489364676093,0.9534396160697146,47.54827578148614
0.9125736804470256,0.8357000146741753,34.81584301171318
0.890286543401074,0.8455794382163577,50.46211603670917
0.8622104249920819,1.0,57.489361138059266
0.9524353563208282,0.9875462970963572,64.94141897266825
0.9827703556544148,0.8984240743335948,52.01394558715281
0.8758219258076732,0.9128686553208675,48.06844775150421
0.8693916541422589,0.8684576798526406,30.216150834269158
0.9245603832705999,0.921617635710017,50.26185149185798
0.8820985310126507,0.8641409049638764,50.71287260549462
0.8930301399668383,0.7983823117850808,56.38956814212745
0.9369826575862336,0.8339222106744475,42.91511898470909
0.8045321956246354,0.9010546373925293,45.6494739976414
0.9659151162426335,0.8434466382248706,35.219977446958154
0.903634026216467,0.8966361267543232,27.087071931159347
0.879425342771891,0.8462669480283569,38.91502909203217
0.8955382922889276,0.8608823038749004,34.29674185746983
0.898121467751026,0.9426582653206597,53.36712295420611
0.8134399348277538,0.9123740273820052,44.818659433331426
0.9747469113726618,0.8995167789343327,44.61762869925211
0.902066281613531,0.9439481986535326,40.15586953824788
0.9221501065223687,0.9240304296673674,17.674345674875664
0.9475774885287022,0.9723281645625684,65.0831074874755
0.848941877121985,0.877007036884243,39.99729477223212
0.9236735949517615,0.8785182510736246,45.87579930150093
0.8866179454550603,0.8349445366804328,35.45107834710689
0.9423385387608247,0.878550964131379,59.71930343440634
0.7936386289824252,0.9482384947151223,51.43428937037324
0.8950452849879366,0.9649993686131068,41.73634714734132
0.8698589672108019,0.9480152584043334,46.07770388655976
0.9216131475317078,0.8102904066725282,66.7817992212487
0.9235022093684101,0.9541572606330367,49.27030568118722
0.8646187052588987,0.8080740688363964,48.18266462384094
0.8643913067911978,0.9449058662061174,40.58618513860735
0.8944667315721335,0.8816107736714472,31.05418849527697
0.8551678886342396,0.9351266656966928,48.39961326420656
0.9420991847726063,0.8333775826052717,53.254851123246176
0.8815396399776277,0.9585583816353074,60.9958446432767
0.7546505890339179,0.8267512626947555,27.515034655003447
0.8812588971689097,0.8665772544573411,38.74903672976971
0.8480728089578013,0.8500952686115483,44.1925890944355
0.8184362092269527,0.8122857573588751,49.96519151426798
0.8381286680888714,0.9047263783794235,48.54966308471577
0.9054704235916485,0.9903044558918481,48.7831131431273
0.9664320414124116,1.0,54.080960585699444
0.915659223693249,0.9048577893543124,40.96706889220891
0.869674830589213,0.9558340637533761,59.341414422336946
0.9227952097585351,0.9116047318964269,54.33452441699481
0.8770454844890504,0.9249441597384107,46.8016773587192
0.8652699815418428,0.8828925674436381,66.00907991888916
0.8422818665883508,0.9097538462711301,65.56416035571768
0.8124085596624141,0.9268739352303215,59.328953551938085
0.8805038146720278,0.8710770135561835,19.814432294322074
0.9079026744960066,0.8961252850053506,65.78945092717976
0.8951688164992555,0.8970784940501256,57.94758522471934
0.8792016536026321,0.9413201658665262,70.06408637712937
0.8527126969651609,0.846698391418616,62.374645917335386
0.9304123095842485,0.8974228895696175,65.78342677497285
0.8341434040026707,0.9956002734526349,58.78654850180379
0.9388013956921738,0.9582030076292969,63.48693198645512
0.8498891490536638,0.9674589524444352,69.9412374073444
0.8623782381323483,0.9012215920089017,52.165547383782055
0.8266607404692161,0.9160498781843012,34.2776945592187
0.8749298926557182,0.9501118083351463,46.92539099984858
0.948765622923899,0.9780127764765466,53.899455993834366
0.9257814044221978,0.8024198543558557,50.74887584371558
0.9489211056014017,0.8342279346475078,37.53438033840573
0.9261071272966969,0.9654722050701324,33.689323748050214
0.8448165085734816,0.8861555322115598,42.58837331365171
0.8834605387836222,0.8664139605370962,58.07739555984151
0.8609900435441269,0.8372919506502198,65.8033977082297
0.9665287452019521,0.8722491649227946,59.16567613777701
0.8401605676786844,0.8298815358288087,60.57427287114136
0.9446848844694555,1.0,49.19184426836442
0.9446476935054385,0.8988781974009713,32.57917542294036
0.9914810100858044,0.8971024729118642,45.447794191172946
0.8795156703685252,0.9294038337583916,47.41235588127621
0.9356161079790082,0.9481172584633285,45.029475131643174
1.0,0.947294407827732,50.54694865374626
0.8691179161533152,0.9536810971953786,54.414197598929505
0.823247987623382,0.8684577224604572,58.53015188243498
0.8059994983046118,0.885106659752157,47.21880135633666
0.9356356014430666,0.9384515827721138,30.962405943554067
0.8058424895970708,0.873630546918019,45.171222807088654
0.8813840473531038,0.8997446683986388,50.43710396991984
0.9218656593519481,0.9199381882212407,62.228079221334085
0.9092587768414957,0.9392592541155188,44.32192157815894
0.9212722432092086,0.81111595188149,55.12543628399402
0.9111144927900428,0.9357372824944473,52.90087899635432
0.9639432906656696,0.8883137971074138,50.439005331233886
0.8523841809630601,0.9353728855432191,59.305333193245914
0.8661502430770734,0.9388465846177415,43.39158803247419
0.8613670277364588,0.9803957530559579,44.24813550356484
0.9415095905931306,0.9676726823810602,49.88099176905772
0.9450199294197532,0.9673285831305148,43.598534949063
0.9225612659659255,0.972183515958312,55.080122910545995
0.9591746833444964,0.9145689492407973,42.868076956338676
0.841097956631181,0.901609254351842,52.263042077451345
0.9833612055775569,0.9436408541589167,48.998272312132436
0.9761619310856129,0.9366040475716512,52.14925964776706
0.9367810998622874,0.884546688163087,45.40258604936961
0.989089945438553,0.9202411704404134,46.609117054731726
0.8171688396161113,0.8982451766607703,50.9600926799705
0.8737775931868674,0.8573033545769972,52.020745061613134
0.8632348269659024,0.9645230370688175,49.95798084608844
0.9360739661878672,0.9027599621265044,67.05362356513083
0.8474929630198927,1.0,40.09263081258716
0.9378747574668743,0.8187253864900084,49.357962050472864
0.9685268071998357,0.8721610613578317,34.263709778830155
0.9347601450042,0.9016319418345436,53.72081478667386
0.914187551183075,0.9568690548814457,38.847534636231856
0.8506063329549626,0.9199734686301093,47.21689744123424
0.8576574516937318,0.9155236377090376,46.279356746686744
0.9624809452648334,0.8436368103722927,52.80891126601171
0.9389674501952666,0.8421529301385264,44.4720908245482
0.8980490240311229,0.9161252330144952,44.04694302306018
0.8791045227117055,0.8317947003090821,64.35856464085899
0.7987096063444312,0.8734061124855336,52.84566790474526
0.8464573790657781,0.9250458664542929,44.38949147977732
0.9955709543569862,0.8508837863861612,47.49166328188769
0.8359772214498766,0.9802677981180904,66.45354952270745
0.9094739910610541,0.9611968172118945,47.64835121748903
0.95037219865976,0.821429000083085,43.10723376847612
0.8372538665998854,0.8533814378409007,43.15003849873607
0.9092355237390541,0.7857111377752525,44.508735190104225
0.9468957768755327,0.8608704318725934,44.05502277573277
0.9006249660953626,0.93831942382862,37.20352151650757
1.0,0.8793052528862572,38.75799903053022
0.8165700370560902,0.9230398621807984,41.7067962563863
0.952936426494194,0.8238832840859128,55.91571018453098
0.8913599131301768,0.9398987627290953,46.18762712727126
0.9385960077418338,0.8722445386035825,47.928383109059595
0.9220653575849623,0.9006084841141453,62.70088025254897
0.8633421901445002,0.8953562749303474,62.95007149938418
0.911449819622967,0.8364225739553858,47.178750568622654
0.8071049274300857,0.8423457834130109,43.69136489316591
0.9301623750285697,0.9483897234501714,41.35569686326462
0.9149079232995263,0.9199496078750848,56.92775769708238
0.9319330084321551,0.9525024520776714,47.95292766477712
0.9529059162543575,0.9162329117751259,46.135051096772095
0.9183809920104856,0.9071495317404609,41.863354248624475
0.9074044709899138,0.8136994690666617,42.303335909886115
0.8559465831669354,0.8864816651619415,53.20058191493244
0.8643889618175474,0.8986307839798128,36.84561734112738
0.9593367310088666,0.9976553599136287,59.94868693787939
0.971816770285299,0.9343478316049338,44.661553561850816
0.8880944781843974,0.9768030590854765,48.50364055748207
0.9023001373626637,0.9298768852947364,36.630220418594455
0.8547692812503117,0.864434838652526,49.87634061757635
0.9586378422633722,0.9058562108074926,46.7167905730944
0.9332708411845889,0.9118111823132117,49.499194011435335
0.9970608718231875,0.8530422215114659,64.71708898361891
0.8560838461410131,0.880780631170354,51.7769804579024
0.8810996050490891,0.8897116503161414,42.05340815854196
0.9115722961262787,0.9802809916282559,42.88680089453432
0.9323244768862885,0.7959629737304511,55.95131185913768
0.8892166181226184,0.9602909210358022,62.98693290993424
0.856351945477315,0.8531602382520309,52.8191802075105
0.9440703764461785,0.8313960406365193,56.8871274455477
0.9360567681272791,0.9589971065019233,56.09737723336705
0.8541862949718138,0.936594903461719,64.1906441335752
0.9677721400552748,0.9627259351190596,30.50409827273967
0.9585099354598302,0.9400350973772789,56.67218939304528
0.9067148248623896,1.0,59.837360439035635
0.9039798931188019,0.9279361918472243,36.612762938644266
0.9277028885557954,0.8921761311938421,41.14331815993584
0.8569148464871871,0.9171463188660671,41.492172513718465
0.9015015739582042,0.9621734564172982,42.712098036226166
0.792380822769541,0.8610312337369942,45.18282949064474
0.9438227822751468,0.867405570873431,52.42602813054941
0.8219253388779071,0.8845519992701046,58.656746511673695
0.97517099142145,0.7947708600617334,60.813169577685365
0.8834939953016775,0.9069039204208774,41.62176938832218
0.8894166509034411,0.8056935648024487,41.55297001297017
0.8686133046957747,0.902652965646631,63.15821840016223
0.8855980563038962,0.9432644878067625,56.467439354186446
0.9709265672574019,0.8761561769678082,50.82864841868996
0.775609567173246,0.9838557935093436,54.73336675554967
0.9638482693044094,0.8269749550290756,49.70196218148559
0.9169011740550854,0.9595630340815916,55.24584683047615
0.8396489176071392,0.933756852820346,46.639333034942595
0.8462343803475382,0.8141983375844656,52.68804934439231
0.9838196513604102,1.0,34.894539496305036
0.8527246560028635,0.8968127357248017,43.12215705174569
0.842332474470202,0.8561257988922184,43.22988823209656
0.9568657271182365,0.8296456402607991,46.25609966793086
0.9169276438142957,0.8889990986170163,40.73486745220252
0.8531037211731801,0.8936296563805021,44.66456374176918
0.910831248770231,0.9051322764269832,34.85585937601879
0.8487123658179861,0.885110192188802,55.487004763949
0.9550410699211302,0.9316612655057547,49.174864810886056
0.9530685482436567,0.8806185083668377,32.94792392223983
0.9266003099410972,0.8032517941379764,41.65170089453327
0.9180830530623508,0.892531925217518,53.366014275621666
0.9880594062433687,0.7816261173313361,44.569780536142105
0.8999843163694113,0.9176885315445695,43.03058539861903
0.84090629372896,0.8510349884858682,49.254073229919236
0.9224736956416154,0.90816801774579,53.43597535178216
1.0,0.9657037490762302,35.636475429608396
0.8492620253407074,0.8525625652366,55.501284812178795
0.8819268616653008,0.9530628129256059,41.997067183926234
0.9208223019050726,0.8783305216656924,49.820720317502015
0.8973047575497131,0.9876597401032793,49.645798593084905
0.8508848209811343,0.8817423693400893,44.72933881760226
0.9560928928115235,0.8579753507246655,39.76340253869286
1.0,0.9343619225197645,47.143134519077364
0.9098065729511954,0.8782105135188182,66.25330309075196
0.8547965855132,0.8579275242935496,36.38324969536369
0.8225519737473262,0.8761080074648104,66.92313019104876
0.9128987990610591,0.8977696733908499,47.40278828923468
0.9551938671658129,0.9671090065622427,50.35371417088639
0.9237583873247691,0.8032956127270212,39.13289188615273
0.8998798079540573,0.901154032947521,42.28730583322519
0.8705364174105347,0.9312451797327022,44.97090349961981
0.8453918183640955,0.9096724287495899,39.54305029122088
0.9417375663162442,0.9654932584716768,47.91082042629128
0.9456885810692793,0.8962827335120738,45.92984108193229
0.8227135106654634,0.8907724278907028,68.50781142435734
0.9794919489090342,0.9296164773506672,38.34025814319539
0.9287035610447001,0.9049656907475675,51.02690516748587
0.9699797322572897,0.8804795630859765,52.47846281901825
0.8328936125757442,0.925807201979319,39.29679451348163
0.8317087922292281,0.8673735853391678,56.86827495452839
0.8925515345116352,0.8694411423990337,46.01672987118372
0.9251392213447598,0.8736002989117193,25.076103484169327
0.9898180411463482,0.9676534580083204,56.59849612104565
0.9353039456907566,0.7389491822007144,38.83059115897636
0.8878659361593984,0.9197799417381471,39.52225053860901
0.8486815396167054,0.9017135907100111,56.879020828923984
0.9615000286359575,0.815956477038094,46.5283851758155
0.8517647287124642,0.9154863389568001,59.177721505515
0.9814234277386161,0.9237875995915766,62.10166095365319
0.8857807675196746,0.92948196156787,43.55071539677702
0.9795291036308925,0.7674085968477525,57.9326249595503
0.933946564502964,0.9683194705927219,42.44539198607118
0.8931502255278772,0.863113164765758,72.33115917132177
0.8740301814086937,0.9343283873376589,43.070429954687846
0.882954606132696,0.9370536890341143,60.26087440960004
0.9214158346187619,0.8561651457190353,58.43790025881575
0.9038578248108858,0.9330229976175776,53.160878221089334
0.8703094295965648,0.8807253379543821,43.294568385833166
0.8917184294841184,0.7964311410330921,48.48602508058591
0.9039288514859575,0.958387096276389,28.46411887055448
0.7935632952792594,0.861247751849188,52.2442003838225
0.922908405739435,0.8572753268630973,53.49615331028386
0.8510139387641596,0.8798467065981639,51.33499419061371
0.8423333798397128,0.9136118362663694,20.266938287074424
0.8156327826444645,0.8971364794588949,37.34363554910189
0.8103053751066055,0.9274033462353586,42.519090171513376
0.8322276248443855,0.8330255316735671,52.916589331890464
0.8645489521184755,0.8628806814784633,52.89338905642985
0.9976629568763284,0.8942001463839233,48.29776208028821
0.8737060162052398,0.9948943646329353,56.352455366039564
0.9088875053134016,0.8943093730793121,39.737576246971
0.9200240693253164,0.9542611131830816,56.10235005693996
0.9065532593107924,0.9019277584392159,54.74742104839891
0.8961278269637003,0.8758170681281215,53.775547328379105
0.8402353118200377,0.887663778794278,48.17959568914344
0.9725463774139607,0.8915790143985559,68.30743824831262
0.9903598321818943,0.930182286948037,54.93195688489879
0.8158670652938658,0.9687305633788278,40.31664136746441
0.8487985704556811,0.9179840423843161,52.483054757359845
0.8860094828811497,0.9593538839370878,57.524833770742184
0.8517731102544904,0.8517605131185157,44.1189140107569
0.9252982776727933,0.8792684745592985,60.89272246931099
0.8635863898796694,0.8637848732896167,53.82033705716011
1.0,0.9157222295437426,26.575216623346527
0.9595274297171799,0.8820520807410294,52.99671977337926
0.9106287015316108,0.9364886468517098,45.93970845587285
0.9513493131659866,0.8534499144183779,55.37179814541736
0.9552950212178655,0.9021515486660641,59.44214840251814
0.8718026255970879,0.9343428955506128,51.95162047141818
0.8591891377729017,0.7967348612479696,66.65252233944696
0.9039071531484824,1.0,48.212931154365045
0.9430818062248972,0.8858424057560063,56.248178230538755
0.9069530199326709,0.7987480043161914,58.04942573637347
0.8211501758904501,0.9079046949288393,49.02654031107267
0.8598587778024579,0.9016721733986576,57.78774307977782
0.8963013568202811,0.8959052810213753,44.053270128378315
0.8962167197837085,0.9495595556463333,45.774315809787815
0.9986271088394905,0.9373722485713528,36.87511309663687
0.8307006028800501,0.9148938095511923,52.41409116370047
0.9252794620917938,0.9225077816973324,53.25251675854344
0.9744556554164145,0.8947820775280957,61.79263158579229
1.0,0.9887745424620025,57.911400043558835
0.8797801288408019,0.8260401990821117,47.15204443352567
0.92457147263601,0.9069825837107949,38.21820312665723
0.9284880178599324,0.903251231559439,54.32850402519974
0.9097740865776646,0.9406640203032297,61.10753172414642
0.8950577399380347,0.8578073061287551,57.55184973803944
0.9217987694750023,0.8128163698801733,60.84477524857287
0.7733876957390158,0.9078411508049097,47.88110468801757
0.9341034745031316,0.9140615246109303,45.33381031824354
0.9063088951830984,0.9744799704723824,42.63098647768201
0.8888762551610867,0.8364818976837457,49.44103533386404
1.0,0.9577346883358361,49.214092040311805
0.8662532990604724,1.0,52.06677628539116
0.8798462005467484,0.8811117556238761,48.70702542964492
0.9995776651102367,0.8354528890253388,48.66372270273229
0.8583969347575072,0.8796512816813314,42.23305947027856
0.8724942358531731,0.9007002483685691,59.41619013551491
0.8926487288284575,0.9281893937503457,50.765180622437114
0.9420367241064775,0.8704302635080976,48.25556065714718
0.9103901253676657,0.9777599267073671,42.52570746750795
0.8353687326423869,0.844273384249597,36.68086889608914
0.8733915718436406,0.81303974239136,63.07964192549344
0.8696322783393895,0.9553355212143659,55.54638708131807
0.8961389477388477,0.7862689484396901,33.76082157430033
0.9212921829314915,0.8897935115563642,57.63142300709657
0.9209102877943987,1.0,59.22481170233109
0.8111994122975799,0.8993978223520035,51.243761223009294
0.9531970493780428,0.8439616174651875,65.98110895751759
0.9126284422998312,0.8971301268106603,52.16719642122883
0.9692266023796954,0.8974599605690233,35.831764720508104
0.9222099163645336,0.9080324970176559,53.65169001048321
0.9550661478867881,0.933113149107981,52.448973017127294
0.9233272655725063,0.8480444415816131,43.96703151221845
0.9673112878101374,0.9843774027618397,55.73558836877425
0.9261125318008889,0.9122557142186309,33.32334733809138
0.8951042376778549,0.9363397023200902,59.905668274427896
1.0,0.8685925300122179,41.21878296394547
0.9444518561139946,0.9643191068497767,40.150538748829675
0.9286872210502207,0.8871473795593467,48.86175227692523
0.8361847791730832,0.9138776256746766,54.32972928043636
0.8355846191268231,0.8533446961406446,51.63924063593429
0.9146357741070927,0.8501534186798937,42.57340834227622
0.9072760598884121,0.9344102653226442,44.939107088081116
0.8692938717495842,0.8778196584896307,38.66957652622538
0.907049134980603,0.8573088456247812,47.7532009837013
0.9794313464021798,0.8678408328986486,60.750212145109096
0.934770123727515,0.9349476535858711,49.95737062356124
0.8429495745123631,0.8685481069398194,58.59414254759454
0.8944245586428529,0.8941172534198918,64.55401337726191
0.859751675957372,0.9007513875143549,44.11981480963033
0.880615004179572,0.804132555699485,48.13426746944635
0.8793192167185179,0.8264436797313242,71.71192861062495
0.8761177208697998,0.9168138944623782,64.44343411979945
0.8372432314013303,0.8631485319423652,33.275954741876475
0.8936172659240905,0.9528362455640209,53.87148316060907
0.8719696181576345,0.9483403552125272,50.00559992339696
0.7535275654998866,0.9359584333177718,58.264531108587626
1.0,0.99098858936563,42.550212325149445
0.9544384827108336,0.8958455336128409,41.60391627959328
0.8811849637537502,0.932444096295192,43.23929284706391
0.90094095248703,0.8707799511701985,44.28071453801567
0.841417282634122,1.0,58.15324166809014
0.9847861438905433,0.999181682621801,38.1879882685112
0.9948644347386556,0.9005940217258896,43.77386100040681
0.9078346864123262,0.9193293114952596,32.10987609498559
0.9511765322092672,0.9679648799682403,60.071178234123735
0.9087643389466962,0.8926430247592947,62.7103009943114
0.8331637280562035,0.8671687964600148,46.72926569136214
0.8794088315518171,0.9436994875503442,47.02050635186777
0.9065963983385978,0.9039219623041835,54.532219022828976
0.8772726140628279,0.909149722482263,64.74482007378256
0.8890673361282482,0.8582864328466018,54.086107475639174
0.8954300221245443,0.8141163925818302,43.024580575248855
0.8959560751067269,0.9118071204939551,33.811774280135594
0.9026129245248742,0.94524810207471,38.848737373365125
0.84696974668017,0.8887096625461979,50.73219450312465
0.8641491925436032,0.9718214759779433,43.44672476799206
0.8357707867150016,0.8648041837292227,51.949677059907586
0.94889077748431,0.847264777251704,44.47075983763766
0.7947176529079838,0.8966384846401935,39.418535687055886
0.9576795171658463,0.8958703712324355,38.22968368546929
0.9693174698631423,0.9384984365667611,65.62354509373229
0.884890970650869,0.8612518587968008,58.88987749183643
0.7698431456086351,0.968404711840745,67.30517951827959
0.8819344719016355,0.9983458481254127,55.39950900755103
0.8967907919355591,0.8980427986515829,45.70008591385161
0.8494700890035544,0.9624855210092159,63.23340922489938
0.8742390803095879,0.847175146468737,49.66931998638232
0.9765097599431676,0.9537610770590959,52.20841770290353
0.933246358115087,0.9523638204279732,49.57175620924481
0.8537717942810951,0.9431718640094939,20.530957807159854
0.8201200415202284,0.8992218455564853,66.04735012294853
0.8836491341195115,0.7522875529378985,54.91003945957753
0.8893271610324781,0.8679136428173936,53.2982306086851
0.9248099593681658,0.8687041991157699,49.38223937729439
0.873234164371617,0.8510872530969762,51.63427820386131
0.9255749787680931,0.9061121502273534,44.02721064153752
0.9967577020030115,0.8790518277239383,56.16579352307271
0.9407750511222132,0.8587693995117489,36.929016556008676
0.8975955746334614,0.847059992587609,51.86068432470547
0.8908424764473353,0.8642243507257386,55.61573470571105
0.8821663432910064,0.9560749605924964,48.01330866177097
0.9590320456226072,0.8669487472686254,53.708677924710244
0.8686343277024349,0.8742530646783364,40.086656077657494
0.9022611354499992,0.8771651192488377,40.34173229104036
0.9025598950940543,0.916949675690471,52.36717121026393
0.8749107903594234,0.9228124744264267,56.78549654621052
0.831376722605795,0.7477671730378419,31.25134344498289
0.9161487251808834,0.9510817606913804,55.22020635110766
0.8969498014072308,0.9718184017121877,44.56798499623663
0.9250120234718285,0.8474906731319165,48.07193912692588
0.8733199846780417,0.8513850877632583,36.604820764349626
0.9610410649406524,0.8774873306110864,41.48382759813292
0.8561613109394077,0.8621997990271698,59.66125325530311
0.9856020142008947,0.9111963436973304,50.32863373980213
0.812618174508587,0.8026737356820568,46.17221598290442
0.9217385032278446,0.844103619598163,48.83511647368965
0.9237715341263312,0.9769598600087454,54.892118246643015
0.8602221466029559,0.8535890016325991,54.404944961633376
0.9212196968930506,0.9621714139051463,49.24972999603199
0.9639759334880079,0.9177669097795069,60.92959110896668
0.7891590580322968,0.8095366142705871,59.70462636906666
0.9251372403745407,0.9317664597608103,54.13372029130396
0.7753364589834961,0.8941166348903573,50.5461178291007
0.8517167598238397,0.877226647187513,56.57321095119539
0.9814583182450473,0.9122478546586003,53.142674218011834
0.8709108983303974,0.9237316742783396,60.60800071805948
0.8413060017795514,0.935379591098731,58.99561376738308
0.8901031135507659,0.9589126423774001,39.81746098582271
1.0,0.9204067956389178,39.140368292582934
0.8084158876396987,0.8312182955606819,42.987504555959234
0.8474345044180328,0.8763177271174405,59.76138690066921
0.9748715841589813,1.0,34.23691003228755
0.9928851171768867,0.9362245530190864,53.947573891079934
0.8948284387854858,1.0,53.625430910929616
0.8380473648736679,0.9697717041099593,61.62648058686193
1.0,0.9120901035777874,51.80338690663888
0.9797221195874599,0.9150703534890559,36.567906094160996
0.9339473493881116,0.8981709980061577,40.406450393518774
0.859379882553129,0.8131097692076751,38.180044781021756
0.8975485329580982,0.9009023626234113,44.620560336668596
0.8919819959477585,0.9605337276271099,48.17098432576073
0.9165425652307789,0.8700180002589398,38.34558473778943
0.9725500719065668,0.9205976499530905,64.70661990652289
0.9439708520568701,0.9425795522946598,36.74718628047559
0.8461311961507622,0.8545159780343763,63.461034238624805
0.9688248225009769,0.8774348567828167,61.851630314393404
0.9156566070006578,0.8491044254761421,58.983025496890356
0.9343532897929459,0.8588917196655297,43.0623339250325
0.9733270429639301,0.8356197358173469,53.424508791769014
0.8444209875243225,0.8549775769310987,37.22628866449382
0.8982087210646769,0.970972784039892,59.10907035033749
0.8734272724320392,0.8542261485454854,49.26015218463731
0.8216070287317272,0.9063229609530346,45.906797854133146
0.917335498880246,0.8748565623164523,37.76255153343731
1.0,0.958943296851847,25.224938813709837
0.8079961127747124,0.9655581148301808,39.61459142964244
0.8983859694475265,0.9432034991069473,61.12798195612906
0.9320271467537387,0.9153067276551378,45.97166571525196
0.9061539100828091,0.8884470231579551,48.306711428849525
0.894343597374213,0.8404062647904376,56.555543582884525
0.8350391818277088,0.9971764440561098,68.05668878116265
0.9116393371470082,0.8620163491123723,63.250046549456385
0.8621618011492037,0.9331823173516421,40.276649961838125
0.7905039147510724,0.9529782786311699,30.574294285625935
0.9597296110256865,0.8722359751547335,73.59614259100104
0.9479192909921021,0.9519006263657981,72.68991611659453
0.902583048842554,0.9382106601669428,51.88453596429283
0.9114537344102851,0.9863981917690883,37.295117544181785
0.9537159006357782,0.8765326766786644,59.63226533893939
0.9112169828389042,0.8357067991360143,48.9201631398739
0.9452008777380657,0.8747255122277745,48.87018876893389
0.8851258899563075,0.9104426771267166,58.94458843105129
0.9655991869286974,0.9029106363542528,53.343747468732985
0.9160392862966342,0.8803281051862725,38.141850889850545
0.9097025971802937,0.8045401270511379,46.75258064918026
0.8364969455643985,0.9235241498064554,56.61152928661346
0.9143477927150855,0.99861722395411,55.10252222405018
0.8584022541252775,0.9232125619061502,52.62016574358476
0.8680858636735753,0.9304567759526757,59.33422954475864
0.8592312185841939,0.9286222653077552,46.382830121827354
0.8466882534050387,0.91985233349412,51.78669775219072
1.0,0.9465832983434047,16.244208998224
0.9665669530994202,0.9197686840592834,45.50349806157186
0.9960183751072131,0.8843661415173362,57.63902908575644
0.8388552490222219,0.8602005544995623,46.09605532882858
0.9035626874955447,0.8875513172359663,45.33772608282888
0.8353246187397952,0.9157064748225333,39.585470482251814
0.8652152561401468,0.8841958519438513,60.033658927291455
0.8540936508291713,0.9157169341565715,55.484632735405704
0.9619792003220781,0.9219575066850209,58.25414597823085
0.880188516094912,0.9416589715635091,32.737860380421104
0.9534189666847008,0.964139748441949,48.39549956734366
0.9302060444794259,0.9039003709239429,47.19888992249994
1.0,0.834611171742617,47.194282934014474
0.8260277888430139,0.8827447951590405,43.839724562820436
0.96296166198934,0.90220312837033,46.538957282199846
0.9573220435200364,0.8082115621911455,58.49644782706652
0.8513310580986483,0.9694332260051242,30.871486466521706
0.950356666823658,0.9071188956255234,67.77294768030454
0.9168072481513114,0.9190676417290142,54.83841125026461
0.8886261870023296,0.9682763231263133,49.57668104339787
0.8588032256514,0.8684928584928827,59.06834146372926
0.8640445274275407,0.9287020965442015,35.48165254831565
1.0,0.8945067938449033,43.35299094848986
0.9000341409478742,0.890795656649204,48.78924567609446
0.939106500076573,0.861390380609781,63.65560370432178
0.8604550309166223,0.9832801606843264,49.53503418873442
0.861007352688918,0.8812249979962214,54.50054671185146
0.9540992404624972,0.9349732123447851,44.104210040638726
0.8325211894224234,0.8062496306264032,54.86842068967491
0.8792393116047365,0.9589994264844893,66.77239592974456
0.9017013705536117,0.952610557797853,59.95526691674114
0.9055686300920026,0.9048717055148652,49.18544012222121
0.8910453357491922,0.8886528766931038,56.7549084726547
0.9197909890547962,0.9200000002806783,55.77516954607212
0.9346427877908906,1.0,55.06587671697276
0.9367318772729665,0.8118381650548258,61.11953360860409
0.8507098095666087,0.9391013693787064,61.04477703837466
0.8857922451035601,0.8544191348923049,48.728414031251155
0.9597381430938469,0.8990040801850134,56.41879061477769
0.9447323593786936,0.8876059940460669,46.16905078840206
0.8313570274259469,0.8785840871101123,40.769276036844225
0.9175739950176101,0.8994767435473635,47.305062442960136
0.8010887375312595,0.8432914427361105,49.23721848260417
0.9023467451030185,0.9514590218063984,33.38419010822008
0.9948883508372989,0.81029282444007,58.6033255941672
0.8526053641365507,0.9269882256414171,22.326745773976022
0.8582838477254209,0.8836732073732715,77.14816939486322
0.938201489078643,0.8414537553096273,65.0187913379632
0.8228599242395177,0.9101191685299348,47.389912758276864
0.8683622485057481,0.8221524456646762,50.094263605637735
0.9298220568790877,0.9019856910859818,53.029718735872834
0.8682857076155298,0.8288561546094223,44.108396120110584
0.8882015006394515,0.9230636042158916,51.926191475869366
0.9372092855157518,0.8537821333184813,48.56000022298339
0.9210773041768281,0.8774502991485346,49.05727282769034
0.9133409198147702,0.9146974693971581,51.814610634806385
0.8830438860364981,0.8613728944078882,36.86472201646006
0.9185030557634478,0.8971018000165849,50.39569724133648
0.8938133659950122,0.8243084749377574,51.63447746617477
0.9228902804962893,0.9315437801798078,51.28849621355914
0.8751533987441011,0.9882456902775386,47.84169244563846
0.8908715512810229,1.0,61.37857775969372
0.8505021103723993,0.9045584073333219,46.46347445118449
0.8982496194996882,0.9394102070398593,52.2732590682319
0.8594499568185577,0.8109687163546255,62.972975339255456
0.8442976774919003,0.9751367163152794,49.206238599796876
0.9129330573927694,0.9388114252362053,52.14463267467551
0.910636988792883,0.8758033277524384,49.036153636851026
0.9391436867474287,0.9618590400144504,62.373697935635995
0.8784437215212451,0.8872761961677329,47.42275438413705
0.9204026423418378,0.8770987408492722,62.833545772882054
0.9275398786136831,0.9237667462713746,48.964121053529354
0.9222386903915798,0.8468322750084841,41.40540276551983
0.8587173158598929,0.9510812382199975,56.79373170574121
0.9074681741135595,0.8472005094036579,46.95332166244344
0.9182070148027331,0.8474972605088407,56.20500899099163
0.9003589233453971,0.8545155105795833,22.70595615076266
0.7956761170814458,0.9379750018758062,50.05205261894946
0.9080244811986741,0.8691612319240146,45.4039470124252
1.0,0.8326002107816416,39.36741313468722
0.8819980365621509,0.8697160000032101,44.467589981602
0.8635961451072339,0.8983978814659757,44.262968557073485
0.9186674279855699,0.8409513758167807,49.52014205149419
0.9156189105233286,0.8424159445482828,36.32673538715044
0.9596367582708207,1.0,53.162737802597135
0.8371065922045556,0.8569717298093057,63.66214785205788
0.9365690126287497,0.8838478815613496,52.80928496947826
0.9295211030625732,0.8816381499600358,58.08988609229009
0.8928926731529727,0.878932159611478,60.94562454613796
0.9169343658960845,0.9310673369984551,62.36489512184177
0.9514728740799179,0.9474071475236026,68.70138692821305
0.9436157690014225,0.8847022784234204,45.0079800172407
0.8428490343963135,0.8381760856703826,42.815160148388834
0.9410079093377742,0.9637220113924452,57.83465648324734
0.8967655697483742,0.8952329454401659,57.082662196574
0.9036437049007757,0.9865160907428585,57.75675299615689
0.9036598495500847,0.7877207051217419,68.89282454250252
0.8924878505600871,0.9097701610641661,50.11369908798494
0.9595853748553532,0.9959303166938104,54.26156559646185
0.8958141020075394,0.8823367932280921,40.19611748516525
0.8440226935808416,0.8887253288332683,71.35321123975957
0.8803235072015135,0.9147755845795169,46.63455078790889
0.9089347358405238,0.8720602090557521,46.9178407183917
0.9614607392148525,0.8843964033973634,46.532501089917574
0.9301547342474417,0.8831092452904299,43.55104141355662
0.8574732360626478,0.8686289632786813,42.705629511523505
1.0,0.961442827510028,44.762957171104745
0.913238765548899,0.9230539016148218,36.342040719490555
0.9637695368999508,0.9125314116051652,42.14682079736762
0.8924142783211385,0.9404285503445059,69.4896311144762
0.9266679622352725,0.8867822083398267,57.35655143641369
0.9419734252259203,0.861289809082355,59.25904176727718
0.9609097355877129,0.8698687847692721,61.772087874169145
0.9528684152689113,0.9000891520552304,68.34134564362391
0.9436098500036489,0.8470394145813549,32.28577448556156
0.8842456634402945,0.8749869491706662,37.701168847134596
0.8714126979021969,0.8741941679064282,41.962763391053144
0.91663037551621,1.0,45.302702035104026
0.9466564036170535,0.7613092530033042,46.99430609414751
0.8888639649611697,0.8910190139297184,45.53022447193959
0.9532585982857193,0.9862846896407386,52.19308913132054
0.972630837274309,0.9060922232066227,50.35295390745216
0.8541839540463291,0.9376708736710546,42.771652048217504
0.858153964810186,0.9049913157549884,28.2445122301243
0.8929812470547333,0.866633330939176,40.07131294621302
0.9153806334094599,0.7879042032745543,44.50761346687425
0.8737716493116475,0.9102727843518151,47.52920563192281
0.9676101339433573,0.8612196697698805,38.70332540689463
0.9212033430759226,0.8599832296917348,45.0919353350358
0.901972352412037,0.8750506372010445,38.69012611514414
0.8282045238065736,0.9872430703311748,48.74180648451667
0.8342092091786246,1.0,39.26908671637385
0.9140504625140904,0.9108603968764201,41.51095343629535
0.7933702186922582,0.8767616388044136,36.91315869010861
0.9506318704822037,0.8411386791274394,48.46499304430216
0.892092307781384,0.9234270080773035,41.335522300476015
1.0,0.9891452800032572,59.067842666754295
1.0,0.8876329806487422,54.05850266692899
0.8909275465376242,0.7810501979623388,49.30148131816357
0.8946831498734342,0.9335024835907763,42.025145026562114
0.9497790757001016,0.9492699855725025,53.80520305316303
0.9851586304959019,0.8207077179807076,56.90700889348637
0.8180985471281992,0.9088242091831477,51.426884122016304
0.8106812267322657,0.922561300806805,66.0370185546693
0.868898259722281,0.8963446348995531,54.59637318074816
0.9291368791586933,0.8604614540457324,59.13607217568034
0.9248436795253798,0.9507968611781779,51.335654155359784
0.9534885727491925,0.8798310127015659,56.756644532569766
0.8400151235817346,0.8257406918650034,42.03218767330825
0.7841928068515562,0.797526275716516,45.41601636787206
0.9429007097651073,0.9630424759999655,53.493635534823795
0.8585901863517383,0.930833198823556,53.42099481557381
0.7990756067805681,0.9043986773564585,55.076118229432474
0.9072531872979691,0.8779862681574598,61.00392892278729
0.9396587844109339,0.8735500792898436,35.750288281845876
0.8938971433939361,0.8462131675779194,40.255474523897036
0.8771075806908756,0.8784272177720058,52.29572641074253
0.8920318883927046,0.7939956392439913,42.75636368196539
0.8814708618799609,0.8631968173265743,83.77768241289363
0.8325976444029917,0.8844531241824454,55.15719619170136
0.8642659661504785,0.930494002359521,49.216691510698425
0.9260639952506907,0.8980036768313319,44.84530726916141
0.916083927068825,0.939746155693778,45.198377168069555
0.908402990298341,0.9674567552556715,50.30140661315178
0.8502425759073311,0.9529085046912051,51.11981932621258
0.8909248418932166,0.9235254923689279,45.43300855306487
0.7911467476778573,0.9005931339590393,47.26847753480098
0.9089238331942695,0.850960599579322,63.44284575234597
0.9714428853906784,0.9369972025689658,63.845049626510345
0.8262933933978948,0.9839873691110765,52.52033979934877
0.8707036163341123,0.9171053019825209,36.58740272763262
0.9164553389355065,0.9958629574213061,55.38503156639044
0.9626421317213743,0.8237214145969458,65.54282441611026
0.8775887691849925,0.842291830761023,63.697811019623785
0.8653874835367052,0.9427600753874131,57.344258528096674
0.8015538428791958,0.9132145105076626,64.22422955285822
0.9051719064654054,0.9656891088285904,50.53384272479022
1.0,0.8992264179636631,56.28102969833705
0.9138679230982338,0.8566012288735835,43.192244336748196
0.8988860510408143,0.8893203378897478,52.922654561557124
0.9161041155383493,0.8233658014538133,63.295342439705244
0.8994453998025699,0.8435704663451483,44.10576588513109
0.8593492813869935,0.9486221998959006,41.38556570535714
0.9411639957838853,0.9436393707234805,50.97488939023697
0.9112880761555877,0.9181502142403039,47.73337796276
0.9008806625966829,0.8139461239519765,56.491477210704204
0.8512316986360875,0.8820798212243556,45.467404740529574
0.965175396596738,0.8387500055669975,67.18439615602715
0.9332351372666555,0.9588266626893883,37.103239020389445
0.872353958131635,0.87081389332187,62.53734786219734
0.9500912426840968,0.8457126144609225,42.35150771691897
0.8751214580807397,0.9014898082560713,32.04017265415977
0.8608998253744482,0.8679922771582694,52.37875156348868
0.8620148441259856,0.9741871955101854,47.45392013986116
0.8114465723455955,0.8632594551232905,38.90390632096969
0.9235771190209103,0.8300385870387684,33.18623108284736
0.8084427560830825,0.7923543242121243,49.916392127285434
0.8385778084367119,0.8984606748793292,59.758368916238176
0.7962205995460734,0.8719034943071037,55.84953493086444
0.8956965153604554,0.8285547696744137,50.567066488392655
0.8924839769864065,0.9594613230627893,54.78847573217735
0.8836651893406818,0.9333622573714622,49.72785867622143
0.8478711152664712,0.8985891060531386,35.70275756969629
0.841388312328168,0.9682163122085433,35.79106014776557
0.9232184931773287,0.9331268016699307,47.96831471015321
0.8724724034145757,0.8588572049240784,48.393467136339254
0.9158179160768073,0.8480389918004617,58.50982678506765
0.8557375656937889,0.9408990772226931,57.57304223774747
0.9090531371385542,0.9198183478233676,56.0513301575895
0.9651639018658033,0.9084873883985332,47.19717286922819
0.9293082900196392,0.8576751098565546,36.193478298898604
0.879379309089176,0.9303973783502877,54.12071137066024
0.9128599485177964,0.8622250558433026,55.25169313262168
0.8879667412734894,0.8949006672703161,26.11468537522314
0.9003940092347364,0.972347207319349,41.65661813417337
0.8837194473925748,0.8669582882094927,43.08945622606104
0.8917832397057305,0.821350537146357,51.18350201123436
0.9106046676537088,0.8473726404064945,41.96639567234306
0.8503320650209025,0.9497149413343812,49.618654311753595
0.8492060586505011,0.9127365568690105,47.89465059647007
0.38408505284622724,0.11440667128115631,1.9995212819314945
0.3283605706299254,0.3486287304740895,2.0341438933402123
0.3361014945933323,0.18936558429228909,1.4870257560321882
0.29197329402193073,0.3101655761566029,1.5564784001628849
0.4380067440573832,0.24557255670754616,2.072249134236203
0.45711026285913686,0.19222560650696563,1.4378376580652728
0.3229382049874661,0.21956384982373828,0.5779415028320689
0.5520640096017044,0.3225788034085521,2.215031942943456
0.36853985525579513,0.1718509027131175,3.0733665824449723
0.5530185623796561,0.22511883289764226,2.8695725186534213
0.3357872826168397,0.3663273381264478,1.1902645326101884
0.19734222234005647,0.5602479874874313,0.7487720846223243
0.44021978249123517,0.34775888195530047,1.7158121178452215
0.42485451051189876,0.20827383578227124,3.567791509795664
0.4034393795307583,0.26328858299276886,2.6455980789595457
0.3357767521556011,0.3031589006152578,2.7039646767942336
0.39654277745141814,0.26505750493642927,2.889856951785495
0.3488740542130473,0.3903058166736933,2.4207665625185864
0.369765043366825,0.32174734830142243,2.1206085476135788
0.48416322557650754,0.390785238490987,2.662306896647968
0.4184217229530094,0.26855562097023705,1.4538338957819803
0.46099513873319775,0.43255002197212566,0.5855369886336792
0.37681314933742105,0.2833514415718454,2.722996934624323
0.36579826541952254,0.20288101308620082,3.237738105749225
0.28465174691113565,0.5177320381042221,0.8817680606439686
0.3629963387431803,0.11750222530388829,2.8219214824159002
0.06788854444108612,0.22612612746950722,3.68076571338819
0.34097780336943656,0.23729721481696053,1.997753798242879
0.3918125822809161,0.5508306273056564,1.1819978152582538
0.45636736542701567,0.48068588841465115,2.1230186735267558
0.3731322122475043,0.44939281436421974,1.4494660317992987
0.43476735422449997,0.2669341337623668,1.3832698900435982
0.18202113386097546,0.5426178003841775,2.4331840672715424
0.39431631477930507,0.3368352003840971,0.39627052497010506
0.23204972070865967,0.39772633703031224,0.5560710775077728
0.2791696484340667,0.3179695381106207,2.019290880373943
0.3812834452136139,0.2950533428676748,1.9776914610875689
0.5276263987873555,0.27482213260736205,2.343554577039936
0.4371206763470059,0.27903600065808376,3.8752253884833885
0.4018230997137117,0.3608491648678079,2.104514036075821
0.3980469610532898,0.33671997987753877,2.5981721503347943
0.3286371106795533,0.2968528629796316,1.0244670643853682
0.3456016586627317,0.45095239926988545,2.7679376635165367
0.4427376045470797,0.0033246931259269088,1.4736091348893225
0.2614639481555506,0.3509887247921195,2.0714208325810928
0.45930540502830214,0.37177387066589795,1.891151374930839
0.36114929328811474,0.41469628682551696,3.0329742349140307
0.48255570748695653,0.29351285589466386,0.6900234456250005
0.49610934572320836,0.32079200673839575,0.0
0.23269159874942597,0.39859483833147213,1.7865673029120754
0.3418419236772782,0.449116640428018,2.4685312569051243
0.31444723120593765,0.2699464014821232,2.1522693758075
0.2187272034926857,0.32669757831275603,3.232204237413911
0.29674667237905894,0.4678573964348757,2.4373726741796684
0.644125584526534,0.08759729241211486,1.43615166814014
0.46095098962124403,0.23099874001854145,0.0
0.5917287968605754,0.4465835978602963,1.7626877658047817
0.48290984400183357,0.4092537833608303,3.027959002257798
0.3258156838991525,0.3522445210926694,1.6079522173328855
0.36182288033259574,0.255140312689088,2.0283202636777644
0.45884361802403073,0.21181815010145805,2.4213602543067085
0.44375062034730367,0.24087843807576262,0.9847076257501841
0.34226579842916666,0.4548008220818692,2.6232358966388176
0.24900068294207933,0.23715573108446536,3.637121790001706
0.7287761187388739,0.3101422964239658,1.8271866481065937
0.38588503276571945,0.2246292355138254,0.8709355781676984
0.367426110681738,0.3842774030099027,1.9333989729780263
0.4113334463905302,0.24612737196535586,0.0
0.3757271410688971,0.29024061098455856,2.336903263976616
0.4122728907705484,0.13166178669571743,2.4522743776485787
0.5286947286116419,0.138663176379506,3.675636293845562
0.38754515203135764,0.3007673193321506,1.806005207433375
0.28372895606722387,0.1674842844802238,2.40848533814647
0.38383562055213893,0.5105086639334502,1.1387118976140993
0.3535598218590089,0.09384768878877503,1.6435728794749214
0.5423898937246852,0.21998247013358957,0.47481456333780203
0.517111906473757,0.30167008672675505,1.8052103787167644
0.4107525000430799,0.26348670622042153,1.6946908464814352
0.27212641451807434,0.18958545433360807,2.299199766088896
0.2774107736560054,0.20420721605047318,1.3764031196673603
0.4015123261584554,0.20093459225007612,2.083345350975092
0.4336322969321281,0.2713278305179937,1.6666199443923344
0.36253771806739454,0.4951929089517424,1.6685006117004857
0.3519830415792766,0.30779372965582097,2.08036232596303
0.34072007668213533,0.4182900489387524,2.04052294231701
0.3976606039756054,0.35069763458281417,2.761174039051639
0.16172376479269351,0.41138623979822203,1.8793569658701652
0.28986733712302903,0.020003569740641432,1.650114650876997
0.33729491545526497,0.26955419788517704,1.8191925549127739
0.520750319495192,0.43071354231507136,1.2853358831590076
0.3186186358071071,0.2428264177250666,1.6400889064333284
0.4180468141831207,0.4762473164869612,4.031158713073231
0.4226542750930996,0.44838901537677617,1.087321239304133
0.5297916505660762,0.2530869283872538,1.7213436661206907
0.5262577406964151,0.2496836480953643,1.6125113367303097
0.3942497031205084,0.1986394157645531,1.7528283877556006
0.3524515258810557,0.2370405768136202,1.668760691121605
0.33361668971743097,0.17674109358310847,2.2792401012209997
0.3758936777534219,0.34288111804330057,0.2898248986082057
0.35659666456764,0.15439535066535665,3.0371714725320045
0.45536274093582324,0.36037330161902215,2.632582799642197
0.44203098174852046,0.3628078696900249,0.7571284139368653
0.4591801191145016,0.13387955948160774,0.0
0.5259283711436169,0.45498186063283397,1.0229278538585989
0.5862869121400177,0.3513609294415222,1.7573335385728774
0.4124663393407557,0.3749698021444869,4.580291898690775
0.5099463771395654,0.2241334798457228,2.5432569649742733
0.3648339816165785,0.36223791184731186,0.1924103508185424
0.5185006983583016,0.41263934497220656,1.3103444950990562
0.5061509157175844,0.2901391600995323,1.9467875637270167
0.5008415969942992,0.5001922459248361,2.253683554298097
0.4094069841191524,0.30440646349129374,0.6852511396895771
0.33316418360091116,0.41407858004524745,1.8650097720229386
0.26054715621345237,0.3293008807258655,1.2823608623894593
0.3959962792478901,0.35855215328568674,0.8962414373976835
0.5533012542249183,0.1328667732365228,2.259595646698954
0.3690155098635927,0.3371053738215363,2.773877173442822
0.4785126585460055,0.22650248987427338,2.841041276961619
0.48439514005189316,0.2153601694222312,2.5743863511338763
0.37163137790728273,0.47441031844659787,1.5026304668597372
0.531634483751952,0.2786229751937651,2.714549761463506
0.10913392555194963,0.1996698169024503,2.3090544381042877
0.2777249721261825,0.2640868371891125,2.133941882952013
0.30843677036415407,0.1699549771078086,1.3883068782982018
0.318028497713261,0.44338844681962697,1.5031238726584717
0.4336262951185896,0.2304319255833485,2.073886936124554
0.4290037803053902,0.3529299933943669,4.4398744669855015
0.43939905721750083,0.4356106714210325,2.30124248009139
0.4596081494132487,0.24998473187852704,1.388811497749714
0.30498954308543513,0.3532022432272786,1.1676105550305573
0.27818239331926814,0.196991394509557,1.5082333873437972
0.4396319682007863,0.5445769569113684,4.177293447549066
0.3369767926353561,0.3936380134616622,1.600743354054038
0.24295249546320297,0.28073935612391937,2.906870534610285
0.4971344284541482,0.2227166269111036,1.6240717545286436
0.5395101906502298,0.28860034471603735,2.2611845412796288
0.5557160889698659,0.2660016277648481,2.791745274008722
0.41870077214747203,0.49529445539995065,1.428097150190076
0.4625932095972903,0.17744652777850975,1.3588883458472303
0.5369868223361911,0.31348014232902033,3.65886969445533
0.3358584209976566,0.29816619333662897,2.9845928948957967
0.5110677684054092,0.28825896996551303,2.790672318690728
0.4275396234143209,0.2891383345061658,2.787276293122914
0.4913711652342591,0.28839291898795166,2.4595754883110654
0.41860930208759356,0.38730660663321,4.017775813175065
0.5296256709748002,0.3608984446492435,2.0439083018771567
0.4223523762541537,0.34189116113727863,2.5772623672009196
0.25160209405325823,0.0,0.5490870714059874
0.5451926632314722,0.3299794874163164,1.1750393134087591
0.30524692590278885,0.13443606398299174,0.7991810001649595
0.5253058210243915,0.36463201631358255,3.274063583516149
0.3909757118559678,0.44744973675705146,0.0
0.5176010985197707,0.2073760887411449,1.5976899772472772
0.5134768614866765,0.27382192776572933,0.0
0.44301429743153714,0.24006442949470028,1.16871210451811
0.4508535317627131,0.42354317757568005,1.5090510502681336
0.4422628617192566,0.3095027885272073,3.384871093794044
0.19861752437189223,0.47283293805663335,2.396627939221457
0.41183302188982024,0.3413754202947388,1.1668584766710337
0.2883935823928105,0.3242450180635819,3.065963719731826
0.4171187143745663,0.30682067826028364,2.0178322545297576
0.2857057453616785,0.3817992099257337,2.0375668587072524
0.2815048058773925,0.12623138017546565,0.7973284922280082
0.5604934501753902,0.308534395552051,1.009986286096861
0.506944738812419,0.2929953556272035,1.1749027000544756
0.39958574150558457,0.3725418827157766,2.04646127315419
0.4184768650249024,0.2812298394125963,2.077885726980675
0.3752083974256991,0.19612655658373299,3.5440926635240455
0.4569876375979523,0.3007350674919699,2.3850551679378342
0.3323945633451196,0.19171594711316564,0.0
0.4993740262867958,0.10747377874125144,2.2626419878716906
0.37469131589858895,0.3727122481485493,0.5499836438324672
0.3580153004168771,0.35790615726946706,1.0340290753884638
0.4021713018484843,0.34670909439935743,1.1878305282736703
0.34088531700743896,0.4302928421945811,1.3366616764876982
0.4328682349496483,0.23349681096960748,0.6248506079596969
0.34626374106866004,0.15688858572287448,2.2034820034522875
0.44685236028188363,0.29299702231919555,0.5891977149090408
0.5216006538911476,0.2652499700294089,2.3566676072498467
0.32806783131918266,0.21577042832299312,4.23697107706163
0.3869424542704829,0.2920150846512204,0.6706409410659362
0.4461330713035422,0.2388394853795415,1.715489695660778
0.35641426450185937,0.11639947166431686,0.0
0.4464320560826665,0.25588233092062396,1.6990647070298668
0.45553988606517404,0.18636248332961425,2.642717152631484
0.5083261776294304,0.32316480716109225,2.7206392313572674
0.3394009953915088,0.23439652417593448,2.077363730284097
0.30572247597695257,0.41116314741410515,2.8892634247589757
0.3692422610436256,0.46038660672678655,4.546054535942792
0.30322476604529,0.3679381373011906,3.7123046874375993
0.45644982040474974,0.14489738180166797,1.477479070590363
0.2838248699823589,0.45051959988790397,0.5488960135332617
0.6333016418252688,0.4575720450373765,1.5938485834261964
0.529592786157375,0.30187905113079405,1.0530172343826518
0.40125757696003145,0.4322926160335532,2.4513475478646325
0.4867394492997976,0.24483248619533218,0.8188064605705021
0.23631981356892084,0.11337540651504104,1.9271775674096578
0.6523373331399558,0.22397155613784062,2.8380140545363104
0.34097853877995105,0.4729300866044756,1.899304127182823
0.38795025861006405,0.15089200763885266,1.0536861772522035
