zone_risk,income_band_value,working_hours,platform_tenure,days_active_last_week,zone_disruption_count,expected_weekly_loss
0.3745401188473625,3,31,45,2,20,777.967680389328
0.9507143064099162,3,14,22,7,0,302.599204000342
0.7319939418114051,4,59,39,5,4,900.0
0.5986584841970366,3,51,9,2,20,900.0
0.15601864044243652,5,32,35,5,6,900.0
0.15599452033620265,3,24,23,6,12,497.77861475986606
0.05808361216819946,5,40,12,6,12,900.0
0.8661761457749352,3,18,24,0,19,511.06465352711496
0.6011150117432088,5,52,40,1,20,900.0
0.7080725777960455,3,34,9,4,5,791.7924760973954
0.020584494295802447,3,34,13,6,19,900.0
0.9699098521619943,2,58,40,5,11,900.0
0.8324426408004217,5,30,42,5,7,900.0
0.21233911067827616,5,18,17,7,8,569.53671349533
0.18182496720710062,5,57,7,7,17,900.0
0.18340450985343382,1,47,17,2,10,347.25028710668926
0.3042422429595377,3,31,24,2,19,859.2751058428455
0.5247564316322378,5,52,2,6,10,900.0
0.43194501864211576,1,32,35,6,14,262.7734547542403
0.2912291401980419,2,58,28,3,8,770.3745170954344
0.6118528947223795,5,13,19,5,2,376.03700627548557
0.13949386065204183,5,38,33,0,16,900.0
0.29214464853521815,1,24,21,1,16,233.02418401491025
0.3663618432936917,3,10,10,1,2,157.15438809557895
0.45606998421703593,2,39,46,7,18,632.1461635206562
0.7851759613930136,5,38,45,1,8,900.0
0.19967378215835974,3,29,9,5,16,810.8167318067475
0.5142344384136116,2,42,38,2,17,673.6558992677601
0.5924145688620425,4,50,6,0,14,900.0
0.046450412719997725,4,53,42,1,0,821.6360589391129
0.6075448519014384,2,45,35,5,9,645.3861028176376
0.17052412368729153,1,31,18,4,7,192.99369596134815
0.06505159298527952,2,22,19,6,9,296.7647674293388
0.9488855372533332,2,16,5,3,1,225.7155839255763
0.9656320330745594,1,17,25,3,18,162.20147340214967
0.8083973481164611,1,37,11,1,13,371.5184170274931
0.3046137691733707,3,54,10,2,7,900.0
0.09767211400638387,3,52,17,3,18,900.0
0.6842330265121569,1,18,36,3,0,95.51019686848173
0.4401524937396013,4,34,26,7,15,900.0
0.12203823484477883,4,25,31,3,14,741.6535274705442
0.4951769101112702,2,19,32,3,19,360.7583588282484
0.034388521115218396,5,20,21,1,4,501.15883758009306
0.9093204020787821,2,40,18,7,2,573.7785517857556
0.2587799816000169,2,21,18,5,16,374.8891909885776
0.662522284353982,5,40,1,0,9,900.0
0.31171107608941095,1,23,14,0,4,142.02248135644774
0.5200680211778108,4,60,8,2,10,900.0
0.5467102793432796,2,53,2,5,5,790.5073765237013
0.18485445552552704,5,41,15,6,3,900.0
0.9695846277645586,3,59,34,4,6,900.0
0.7751328233611146,2,26,36,0,18,481.5633621968005
0.9394989415641891,4,44,1,4,6,900.0
0.8948273504276488,1,10,21,0,13,100.95471933837882
0.5978999788110851,2,38,42,7,16,643.2811917133331
0.9218742350231168,2,60,1,0,16,900.0
0.0884925020519195,5,13,32,7,12,457.37761857796073
0.1959828624191452,3,32,20,7,0,507.8653143377626
0.045227288910538066,3,37,47,2,1,475.5299540832502
0.32533033076326434,1,25,36,3,17,253.10418376875688
0.388677289689482,4,21,39,2,3,441.3854886549726
0.2713490317738959,1,30,30,7,12,254.82229092562613
0.8287375091519293,2,54,7,7,0,721.2140852110833
0.3567533266935893,2,26,22,0,3,314.4576828332576
0.28093450968738076,3,49,45,5,1,692.7694406250992
0.5426960831582485,4,22,10,3,3,583.9079375419844
0.14092422497476265,5,41,8,5,15,900.0
0.8021969807540397,4,46,27,5,3,900.0
0.07455064367977082,2,59,10,5,8,791.3873999250176
0.9868869366005173,5,24,14,3,16,900.0
0.7722447692966574,4,21,46,5,20,743.9800467007225
0.1987156815341724,4,58,11,3,19,900.0
0.005522117123602399,5,24,6,4,20,900.0
0.8154614284548342,2,43,21,7,1,559.2131538438659
0.7068573438476171,4,15,33,6,2,356.0305180921794
0.7290071680409873,5,26,19,0,14,900.0
0.7712703466859457,2,57,39,1,6,770.7377864832828
0.07404465173409036,5,58,24,5,3,900.0
0.3584657285442726,5,29,18,2,11,900.0
0.11586905952512971,4,18,35,4,0,353.5796373471734
0.8631034258755935,2,14,43,2,16,249.23513166494402
0.6232981268275579,4,32,37,1,3,745.483581716839
0.3308980248526492,1,42,19,3,3,239.0865639988991
0.06355835028602363,1,47,24,1,8,292.43011772734917
0.3109823217156622,2,23,34,2,20,390.8808205018244
0.32518332202674705,5,26,22,7,9,900.0
0.7296061783380641,4,28,4,7,18,900.0
0.6375574713552131,4,42,10,1,18,900.0
0.8872127425763265,2,10,2,7,14,195.55436808392122
0.4722149251619493,2,22,8,0,16,446.3579675042561
0.1195942459383017,1,55,33,1,6,288.6764918656544
0.713244787222995,3,36,38,5,2,615.206394008248
0.7607850486168974,2,15,43,0,4,170.03037171603492
0.5612771975694962,3,15,28,5,15,426.0188344821494
0.770967179954561,2,42,10,6,6,667.4503510853675
0.49379559636439074,5,39,45,6,15,900.0
0.5227328293819941,5,55,1,1,8,900.0
0.42754101835854963,1,44,34,0,0,215.50686769288845
0.02541912674409519,1,32,3,7,2,138.37486706986658
0.10789142699330445,3,19,9,0,7,375.7852548116831
0.03142918568673425,2,60,5,6,17,900.0
0.6364104112637804,4,28,42,1,17,900.0
0.3143559810763267,1,60,10,4,18,622.2640268866729
0.5085706911647028,4,37,12,3,6,900.0
0.907566473926093,4,32,18,3,19,900.0
0.24929222914887494,2,13,21,3,5,145.94868985916736
0.41038292303562973,3,29,21,7,10,633.0298078716788
0.7555511385430487,2,28,1,0,4,457.2788210451657
0.22879816549162246,1,51,3,7,11,427.3208309916295
0.07697990982879299,4,36,5,6,0,734.6935173438834
0.289751452913768,2,43,25,3,18,777.9202959445755
0.16122128725400442,2,13,8,6,10,183.55075127088145
0.9296976523425731,2,47,17,0,14,900.0
0.808120379564417,1,16,9,6,15,165.3231459427479
0.6334037565104235,3,57,32,4,2,900.0
0.8714605901877177,2,16,6,7,10,332.5868845076378
0.8036720768991145,1,59,40,1,10,464.74195921024415
0.18657005888603584,4,35,21,6,9,900.0
0.8925589984899778,5,35,7,6,1,900.0
0.5393422419156507,1,28,7,1,19,300.1094456279096
0.8074401551640625,5,18,47,0,4,531.5617699136258
0.8960912999234932,2,29,39,0,7,420.2467045477806
0.3180034749718639,2,51,27,7,12,749.287080140149
0.11005192452767676,1,54,8,6,14,452.4211848967262
0.22793516254194168,5,59,9,4,1,900.0
0.4271077886262563,2,25,28,3,11,395.6212717329896
0.8180147659224931,4,26,15,4,7,827.620167519629
0.8607305832563434,3,31,2,1,20,900.0
0.006952130531190703,3,22,7,1,18,589.4744267487341
0.5107473025775657,2,21,47,5,0,200.4255017159988
0.417411003148779,5,19,18,3,7,694.5726093860212
0.22210781047073025,2,10,22,6,9,151.9939563321456
0.1198653673336828,5,41,10,1,12,900.0
0.33761517140362796,4,39,33,5,4,900.0
0.9429097039125192,5,17,7,0,8,771.6104287801148
0.32320293202075523,2,30,3,1,9,489.7712326887324
0.5187906217433661,4,31,14,2,13,900.0
0.7030189588951778,1,27,44,3,10,172.41386324410118
0.363629602379294,3,11,46,5,13,258.8476020568951
0.9717820827209607,2,57,36,3,2,761.4253022705216
0.9624472949421112,2,53,13,3,20,900.0
0.25178229582536416,2,18,16,2,15,316.1262888329669
0.49724850589238545,4,12,16,4,19,510.2750187982155
0.30087830981676966,1,35,5,0,16,349.72070933036355
0.2848404943774676,5,30,25,3,4,851.7012621926126
0.036886947354532795,1,39,38,1,6,213.12054709712072
0.6095643339798968,4,37,38,7,16,900.0
0.5026790232288615,2,45,38,0,19,824.6482659662336
0.05147875124998935,3,35,39,1,10,665.4364583991666
0.27864646423661144,2,43,48,0,11,578.4429888198232
0.9082658859666537,5,17,41,6,1,485.8510313360874
0.23956189066697242,3,19,26,0,18,485.12245471431305
0.1448948720912231,2,57,13,5,4,700.4325097632174
0.489452760277563,3,52,44,1,10,900.0
0.9856504541106007,1,59,26,7,18,583.6899349054568
0.2420552715115004,4,23,1,1,6,661.0562786376881
0.6721355474058786,2,49,8,6,20,900.0
0.7616196153287176,5,24,4,0,5,900.0
0.23763754399239967,1,26,21,3,10,194.27325520152715
0.7282163486118596,2,27,22,7,13,487.1953800185483
0.3677831327192532,1,41,37,1,3,215.47505561721948
0.6323058305935795,5,47,3,6,7,900.0
0.6335297107608947,2,32,19,7,8,504.3461913159739
0.5357746840747585,5,55,1,2,1,900.0
0.0902897700544083,3,32,29,2,10,618.2457866830555
0.835302495589238,5,44,23,0,19,900.0
0.32078006497173583,3,48,33,4,6,858.4335507874075
0.18651851039985423,2,24,41,0,3,257.79141472572496
0.040775141554763916,3,33,23,6,13,695.588193987817
0.5908929431882418,2,37,5,0,0,464.54203406091773
0.6775643618422824,2,25,7,3,11,467.87137204898403
0.016587828927856152,4,25,6,3,18,900.0
0.512093058299281,2,49,22,5,4,620.6362319018449
0.22649577519793795,3,48,13,6,7,900.0
0.6451727904094499,4,15,12,4,10,496.2485756800143
0.17436642900499144,4,11,4,7,3,266.28900791680184
0.690937738102466,2,22,8,6,14,445.03985658322756
0.3867353463005374,5,53,37,6,19,900.0
0.9367299887367345,5,56,31,4,11,900.0
0.13752094414599325,4,18,37,6,19,616.2542128375045
0.3410663510502585,2,43,45,4,20,725.06407217346
0.11347352124058907,5,26,26,4,9,866.9195463495596
0.9246936182785628,2,36,43,4,15,655.791228396226
0.877339353380981,2,38,8,6,7,674.857109032183
0.2579416277151556,4,46,40,6,19,900.0
0.659984046034179,4,52,33,0,7,900.0
0.8172222002012158,1,31,45,6,5,215.1193608177957
0.5552008115994623,5,60,29,0,2,900.0
0.5296505783560065,5,33,5,5,7,900.0
0.24185229090045168,5,16,28,2,9,546.4534698849786
0.09310276780589921,3,43,40,2,4,648.3477337686913
0.8972157579533268,2,57,17,5,10,900.0
0.9004180571633305,4,21,23,5,3,592.2377564195369
0.6331014572732679,5,32,45,1,16,900.0
0.3390297910487007,1,24,9,0,2,158.61652869059512
0.3492095746126609,5,42,2,4,17,900.0
0.7259556788702394,2,22,32,7,7,345.7346874447395
0.8971102599525771,2,32,31,1,11,535.7809459214885
0.8870864242651173,4,47,7,3,20,900.0
0.7798755458576239,3,41,30,0,15,900.0
0.6420316461542878,4,54,3,6,13,900.0
0.08413996499504883,5,59,9,5,20,900.0
0.16162871409461377,1,44,10,2,15,399.12193223377244
0.8985541885270792,4,10,46,0,3,252.35174908411054
0.6064290596595899,3,56,47,5,0,824.7404291774542
0.009197051616629648,4,54,26,7,0,900.0
0.1014715428660321,2,14,1,7,14,237.19643131948226
0.6635017691080558,5,22,30,0,19,900.0
0.005061583846218687,5,14,38,6,19,587.9878273299421
0.16080805141749865,5,41,15,0,2,900.0
0.5487337893665861,5,60,25,6,13,900.0
0.6918951976926933,5,30,6,0,8,900.0
0.6519612595026005,5,33,18,3,18,900.0
0.22426930946055978,1,27,1,2,7,211.56255162012425
0.7121792213475359,3,30,3,0,1,658.4057579211867
0.23724908749680007,5,19,17,5,3,539.9680075347136
0.3253996981592677,3,33,48,3,0,415.0559623712918
0.7464914051180241,5,49,8,7,10,900.0
0.6496328990472147,4,56,40,1,4,900.0
0.8492234104941779,5,30,17,0,1,900.0
0.6576128923003434,2,34,25,6,12,568.882759879459
0.5683086033354716,1,32,41,3,16,233.8957578160354
0.09367476782809248,4,31,12,4,16,900.0
0.3677158030594335,4,13,29,1,17,469.2647169201581
0.26520236768172545,2,43,25,2,20,790.8953308758183
0.24398964337908358,5,15,36,0,8,493.605690053089
0.9730105547524456,1,37,25,0,5,310.0826403433526
0.3930977246667604,4,40,29,3,19,900.0
0.8920465551771133,1,44,11,7,2,312.4048758593008
0.6311386259972629,4,48,4,2,7,900.0
0.7948113035416484,5,51,14,4,2,900.0
0.5026370931051921,4,32,46,1,0,621.7762728004964
0.5769038846263591,4,15,38,5,19,571.214740914895
0.4925176938188639,3,25,17,2,12,639.5361795458592
0.1952429877980445,5,11,2,0,20,560.965039995625
0.7224521152615053,2,33,8,3,4,496.1996102671734
0.2807723624408558,2,26,36,4,15,423.8034195825899
0.02431596643145384,5,54,10,3,20,900.0
0.6454722959071678,2,10,7,1,15,194.2584234887364
0.17711067940704894,5,15,36,6,11,531.5169149304659
0.9404585843529143,2,14,16,6,12,256.4081648104574
0.9539285770025874,3,54,14,2,3,900.0
0.9148643902204485,2,59,16,3,8,900.0
0.3701587002554444,4,38,25,5,15,900.0
0.015456616528867428,5,21,41,5,0,409.2298165640879
0.9283185625877254,1,48,4,6,4,385.66308547732376
0.42818414831731433,1,56,29,6,20,583.3459323936112
0.9666548190436696,5,12,6,3,4,527.3367651095188
0.9636199770892528,3,57,1,7,18,900.0
0.8530094554673601,2,10,39,0,8,134.87055955015302
0.2944488920695857,3,36,1,3,7,806.7995155661196
0.38509772860192526,1,57,40,4,18,481.9776795929548
0.8511366715168569,5,33,3,2,17,900.0
0.31692200515627766,5,53,1,1,14,900.0
0.1694927466860925,3,28,1,7,3,542.4485959162936
0.5568012624583502,3,17,39,5,14,370.1290559512394
0.936154774160781,2,53,21,7,12,900.0
0.696029796674973,4,56,45,3,17,900.0
0.570061170089365,4,11,30,4,19,406.7395725014682
0.09717649377076854,2,39,32,7,4,442.921024843473
0.6150072266991697,4,39,33,6,17,900.0
0.9900538501042633,1,58,48,5,7,415.4655875186979
0.14008401523652403,4,48,22,7,0,900.0
0.5183296523637367,2,54,30,5,18,900.0
0.8773730719279554,4,41,46,1,16,900.0
0.7407686177542044,5,10,4,5,1,361.96566529213044
0.697015740995268,3,47,23,7,18,900.0
0.7024840839871093,1,22,44,4,15,178.9981232115032
0.35949115121975517,5,20,25,5,17,860.8143250558761
0.29359184426449336,5,19,12,5,1,542.4327825647359
0.8093611554785136,2,57,17,3,5,871.4389425081233
0.8101133946791808,3,35,15,3,6,823.68385841781
0.8670723185801037,3,29,10,6,5,733.06594357023
0.9132405525564713,1,26,35,2,5,151.75643933282768
0.5113423988609378,2,26,29,0,8,323.7100334283219
0.5015162946871996,1,13,12,4,7,83.18962480874052
0.7982951789667752,4,14,1,0,20,682.6110091119007
0.6499639307777652,5,32,1,0,8,900.0
0.7019668772577033,1,55,10,5,11,477.0125049712661
0.795792669436101,5,19,18,7,17,900.0
0.8900053418175663,2,55,47,6,5,722.4233322408255
0.3379951568515358,4,37,2,1,3,900.0
0.375582952639944,2,42,8,7,6,615.5061016415233
0.093981939840869,4,52,22,7,17,900.0
0.578280140996174,4,35,22,1,19,900.0
0.035942273796742086,5,59,26,5,4,900.0
0.46559801813246016,2,57,26,6,17,900.0
0.5426446347075766,2,38,9,4,9,581.8134720397188
0.2865412521282844,1,36,21,0,7,231.90021438637623
0.5908332605690108,2,27,31,2,0,314.16676998072376
0.03050024993904943,1,49,43,6,14,334.9966742644999
0.03734818874921442,3,19,6,0,2,326.4032834723204
0.8226005606596583,3,51,14,1,14,900.0
0.3601906414112629,3,14,33,0,13,327.2171506522023
0.12706051265188478,2,19,7,3,0,208.07556259020907
0.5222432600548044,2,59,24,3,20,900.0
0.7699935530986108,1,30,9,2,7,265.7794400516189
0.21582102749684318,4,33,11,4,6,875.8834094947746
0.6228904758190003,1,47,23,0,8,417.36455738634834
0.085347464993768,3,12,48,3,17,215.37304522763907
0.0516817211686077,1,49,2,4,11,409.6024880882179
0.531354631568148,4,40,15,6,7,900.0
0.5406351216101065,2,50,35,6,7,636.0379595432836
0.6374299014982066,1,46,36,3,5,285.32053683998106
0.7260913337226615,3,11,28,4,2,213.15576495437213
0.9758520794625346,3,11,39,4,1,225.0243596186064
0.5163003483011953,2,48,44,3,13,748.8507109646272
0.32295647294124596,1,58,4,5,7,457.9999765790379
0.7951861947687037,4,51,10,1,5,900.0
0.2708322512620742,2,53,6,4,3,683.4357240322387
0.4389714207056361,1,43,30,6,4,267.23671270939496
0.07845638134226596,5,51,46,5,20,900.0
0.02535074341545751,3,29,35,0,12,574.5106621520615
0.9626484146779251,4,42,43,5,8,900.0
0.8359801205122058,4,13,10,3,12,499.18539172198655
0.695974206093698,4,54,32,5,8,900.0
0.4089529444142699,3,53,42,1,15,900.0
0.17329432007084578,1,20,42,3,11,138.87750819845385
0.15643704267108605,2,51,3,2,1,579.3351851581028
0.25024289816459533,1,56,26,0,18,489.5676449946154
0.5492266647061205,2,14,15,6,15,289.5404526184407
0.7145959227000623,4,34,17,2,12,900.0
0.6601973767177313,1,58,27,5,4,377.7697650723107
0.27993389694594284,4,46,18,4,5,900.0
0.9548652806631941,5,43,19,5,20,900.0
0.7378969166957685,4,18,12,7,16,735.6681128854469
0.5543540525114007,4,15,24,6,16,497.96596551912364
0.6117207462343522,2,27,5,6,16,554.7018909178562
0.4196000624277899,5,23,24,7,2,626.2148970448058
0.24773098950115746,4,28,27,4,12,810.6214342372028
0.3559726786512616,4,23,48,2,11,577.3975734531306
0.7578461104643691,5,49,30,2,5,900.0
0.014393488629755868,5,26,15,4,20,900.0
0.11607264050691624,1,44,47,1,12,269.3176603877473
0.04600264202175275,2,38,38,7,13,528.2353106922902
0.040728802318970136,5,51,44,0,6,900.0
0.8554605840110072,5,26,34,3,4,840.1390039606094
0.7036578593800237,3,52,27,7,13,900.0
0.4741738290873252,5,17,20,2,17,804.6758497446195
0.09783416065100148,2,10,41,0,3,88.74257756081813
0.49161587511683236,4,54,32,3,0,900.0
0.4734717707805657,4,45,4,5,6,900.0
0.17320186991001518,4,16,5,3,19,650.711483658674
0.43385164923797304,4,55,8,2,12,900.0
0.39850473439737344,3,14,22,1,3,247.2889266566416
0.6158500980522165,5,33,42,1,12,900.0
0.6350936508676438,4,37,7,0,3,900.0
0.04530400977204452,1,52,22,5,2,276.80041248614117
0.3746126146264712,4,26,46,0,7,626.2739391273332
0.6258599157142364,5,46,30,4,19,900.0
0.5031362585800877,4,29,37,1,7,795.418214747537
0.8564898411883223,3,12,16,0,16,366.41575908945606
0.658693631618945,2,46,15,4,14,844.0984212611643
0.1629344270814297,2,35,5,5,3,414.832340268279
0.07056874740042984,5,24,3,6,5,821.536975132268
0.6424192782063156,2,60,23,3,5,802.925191509273
0.026511310541621813,2,57,10,0,9,782.9421545385558
0.5857755812734633,1,17,5,4,3,91.32550259916648
0.9402302414249576,5,22,23,1,8,900.0
0.575474177875879,5,57,15,7,15,900.0
0.3881699262065219,2,12,18,3,6,160.9790575142037
0.6432882184423532,2,10,25,0,13,133.51695635647775
0.45825289049151663,2,18,8,1,5,267.94546304016006
0.5456167893159349,3,40,31,6,0,669.760761220949
0.9414648087765252,4,50,21,3,17,900.0
0.38610263780077425,3,35,2,2,11,900.0
0.9611905638239142,5,26,22,1,14,900.0
0.9053506419560637,1,43,8,2,0,303.45039975436623
0.19579113478929644,4,18,23,5,14,572.0461360326063
0.06936130087516545,1,60,32,0,14,452.5018629588847
0.10077800137742665,5,22,8,6,15,900.0
0.018221825651549728,5,14,4,4,20,672.8436186493971
0.0944429607559284,1,50,30,0,0,216.34799472483147
0.6830067734163568,1,22,19,1,2,161.53405112529407
0.07118864846022899,1,10,23,2,11,41.72916788600193
0.3189756302937613,5,34,18,7,6,900.0
0.8448753109694546,2,56,29,2,4,781.349468504057
0.023271935735825866,1,13,23,3,0,68.12128727301155
0.8144684825889358,4,45,33,0,0,900.0
0.28185477477339993,5,19,47,0,14,657.3739683092331
0.11816482762165625,3,37,18,1,7,696.4532266603409
0.6967371653641506,3,15,44,7,10,307.05018147381554
0.628942846779884,4,36,33,2,13,900.0
0.877472013527053,2,21,7,1,12,389.5398820306759
0.7350710438038858,1,57,28,1,18,550.4624991894992
0.8034809303848486,5,12,1,5,11,564.4878055096416
0.2820345725713065,1,55,39,2,18,422.7244222334621
0.17743954377972282,5,42,34,1,3,900.0
0.7506147516408583,3,19,39,2,3,339.5471402541312
0.806834739267264,1,40,19,1,2,275.88734551210257
0.9905051420006733,4,24,31,7,5,677.7129252017163
0.4126176769114265,2,16,13,4,4,195.54501315784518
0.37201808579278317,4,45,24,7,10,900.0
0.7764129607419968,2,23,5,7,8,452.75073234010256
0.34080354025301784,1,57,23,1,2,280.9027651823525
0.9307573256035647,1,23,19,7,8,190.117128425307
0.8584127518430118,2,12,1,7,11,244.56285324789778
0.42899402737501835,3,58,33,7,2,900.0
0.7508710677914974,5,55,33,1,19,900.0
0.7545428740846823,4,59,32,6,16,900.0
0.10312386883593261,4,12,28,4,20,426.51933646820106
0.9025529066795667,4,31,37,0,11,900.0
0.5052523724478571,1,28,41,2,17,258.4109161858187
0.8264574661077416,4,44,12,6,3,900.0
0.32004960103061175,5,21,9,3,9,800.1887084326312
0.8955232284962005,5,14,11,4,17,778.8984346625023
0.3892016787341631,2,19,33,6,7,224.4901499837302
0.01083765148029836,1,50,19,7,8,319.35101045898017
0.9053819764192637,5,42,42,0,18,900.0
0.09128667678613356,3,22,34,1,12,428.9830412132795
0.31931363759041487,1,44,7,5,5,306.9127681480386
0.9500619670508049,1,60,31,0,6,430.1564041329649
0.9506071469375561,5,41,2,4,20,900.0
0.5734378881232861,3,20,19,5,5,427.08092135369486
0.6318372121697993,2,57,38,1,10,826.8258976064595
0.44844552197831977,5,47,32,0,16,900.0
0.29321077169806453,3,33,10,3,18,900.0
0.32866454536991596,1,44,41,2,11,308.5503767310893
0.6725184560770384,3,28,8,2,20,900.0
0.75237452943768,1,15,26,4,20,161.44268027518564
0.7915790437258485,5,49,30,6,12,900.0
0.7896181427945539,5,54,11,1,17,900.0
0.09120610304869037,4,53,41,1,6,900.0
0.49442030470258147,4,51,20,2,4,900.0
0.057558760016644284,4,44,20,0,15,900.0
0.5495288823237355,5,13,9,1,3,434.3176692524046
0.441530501373377,2,42,8,3,0,497.78026298329036
0.8877041827582998,5,22,15,3,3,833.1187879769479
0.3509150125520787,3,45,34,1,2,723.6759697759954
0.11706701642760586,5,52,24,1,3,900.0
0.14299168205283586,5,28,33,2,0,648.0199302379177
0.7615106317174722,1,52,41,4,11,409.550324456044
0.6182180633162611,1,21,41,2,12,138.8415147628393
0.10112267612279024,1,20,45,4,1,81.69885341955572
0.08410680611499743,5,15,40,7,8,434.0493037122666
0.70096913145912,2,21,27,3,6,313.7431513891295
0.07276300636419353,3,36,21,4,12,803.6098413133514
0.8218600592903562,3,50,5,2,1,900.0
0.7062422271564962,2,34,35,1,0,381.957470666242
0.08134878064189976,2,51,21,4,17,877.407463363519
0.08483771408519192,3,12,4,2,6,219.6309618697142
0.9866395785011755,4,12,48,3,17,461.33184594430435
0.3742707957561203,1,29,16,5,18,237.4805243736638
0.3706421470668909,1,37,31,7,7,269.11725646355643
0.8127995672575026,3,32,26,4,11,816.0888390748632
0.9472485773838587,2,57,35,3,10,900.0
0.9860010638228709,4,12,6,3,8,447.9673325148344
0.7533781852589416,3,51,33,0,3,900.0
0.37625958553091576,1,33,21,5,6,230.84465666716943
0.08350071669866876,5,52,16,4,16,900.0
0.7771469159274368,2,49,47,2,10,701.355144185955
0.558404249735805,5,15,39,4,1,421.94887405502277
0.4242220092469763,3,29,34,4,17,722.8357657477347
0.906354385094736,1,20,42,5,11,158.1443867447196
0.11119748230615134,4,41,15,6,8,900.0
0.49262510429085915,5,36,6,3,10,900.0
0.011353644767419069,4,30,2,3,4,725.3878094611514
0.46866064199412627,1,53,24,3,6,349.9379820974004
0.05630327568183735,5,57,28,3,0,900.0
0.11881791626807192,4,59,1,5,4,900.0
0.11752624677710488,4,22,1,2,5,608.0046768944864
0.6492103021160636,5,31,28,1,12,900.0
0.7460448792654233,1,44,36,0,10,307.100734225622
0.5833687650971596,4,56,20,6,7,900.0
0.9621725484745419,3,31,48,6,19,860.0187620530435
0.37487057952370406,5,37,8,7,1,900.0
0.28571208628186073,2,30,1,3,14,589.4856625765897
0.8685991281894603,2,55,26,7,9,880.8673546670439
0.22359583851945264,1,27,43,3,7,155.70327847962812
0.9632225394406113,3,40,25,0,1,782.9074884615194
0.012154474689816341,4,55,10,3,20,900.0
0.969878826707639,2,46,12,1,14,900.0
0.04315991195057611,1,30,41,6,5,128.90918528693328
0.8911431136980711,3,23,7,4,4,559.5927590453218
0.5277011090862999,3,34,12,0,2,661.6881030282739
0.9929647961193003,1,36,47,6,10,274.43219768564967
0.07379656473539886,1,49,40,2,10,311.6207958079038
0.5538542844013208,4,32,17,6,15,900.0
0.969302535619099,1,40,5,0,2,342.1334473789333
0.5230978441701488,4,56,14,1,8,900.0
0.6293986381352625,4,38,34,5,2,893.334424423048
0.6957486889846172,5,56,48,2,18,900.0
0.45454106476777323,3,39,17,4,10,900.0
0.6275580800840634,3,60,35,3,13,900.0
0.5843143119231002,3,35,1,0,1,729.7471256209051
0.901158010490989,5,29,36,2,6,900.0
0.04544638034145787,4,47,15,0,9,900.0
0.2809631895922303,4,28,19,4,9,773.821730930294
0.9504114840765587,1,36,42,0,19,386.0807877958965
0.8902637838909163,5,34,5,7,0,900.0
0.45565675278571294,1,49,19,6,5,323.95676148733617
0.6201325978015367,5,47,43,6,20,900.0
0.2773811829811327,1,32,39,2,13,249.35013377056868
0.1881211597237613,2,38,5,1,1,408.24324765433505
0.46369840493998216,3,24,12,5,5,491.6325095626185
0.3533522280260528,3,12,19,2,0,197.67094736104522
0.5836561118508721,4,19,47,0,2,383.32349731261286
0.07773463696498484,2,24,12,4,3,264.63682165936575
0.9743948076661665,3,25,36,6,12,669.8573934687385
0.9862107444796029,4,26,12,3,2,787.2749939011522
0.6981617140197451,2,28,18,3,14,524.7166482146828
0.5360963663441204,3,20,48,4,12,430.2122799525071
0.30952761628632774,1,57,43,0,10,362.42933105729804
0.8137950197069487,5,14,34,5,3,492.2017730075328
0.6847311725538793,2,14,48,7,16,211.70455576918505
0.1626169393448913,4,23,33,4,4,496.36910644046503
0.9109271844938425,2,59,18,0,20,900.0
0.822537242923169,4,35,29,2,7,900.0
0.949799913291924,2,17,45,5,20,348.1315480639783
0.72571950838836,4,14,5,7,9,494.2703368052697
0.6134151959357899,3,16,25,7,6,343.221925435519
0.4182430362906189,1,25,24,1,16,227.57406207426297
0.9327284833540133,3,23,29,0,6,475.59045907726284
0.8660638895004084,1,46,38,7,18,402.86405925740763
0.04521867010618941,3,50,33,3,8,878.807822262561
0.026366974497252005,3,13,10,3,1,185.7227674852706
0.3764633668780496,2,45,37,6,19,760.2108214619797
0.8105533307818329,5,57,33,5,18,900.0
0.9872761293149445,4,26,23,7,5,802.4646057757183
0.15041689110352818,4,56,11,1,9,900.0
0.5941307153521351,4,45,24,0,12,900.0
0.3808908566310215,1,15,24,1,1,80.97850098392794
0.9699143978146032,4,25,7,6,9,881.0831533528008
0.8421189231357087,4,38,21,2,9,900.0
0.8383287047111379,2,45,20,1,4,657.0252360801605
0.4686931597949703,3,47,10,2,3,900.0
0.4148195023376652,4,46,25,3,1,900.0
0.27340707193070624,5,57,47,2,6,900.0
0.056375496650927115,4,57,36,0,17,900.0
0.8647223762550532,1,19,48,5,16,144.92708113696077
0.8129010091300776,1,50,47,5,10,378.96728671451694
0.9997176732861306,1,45,15,0,20,560.5653948435329
0.9966368370739054,4,38,44,0,17,900.0
0.5554317056026274,2,23,40,0,7,283.1578077426371
0.7689874151805105,5,13,40,4,11,506.7417729236664
0.944765729882428,4,53,6,7,0,900.0
0.8496473906774115,2,51,37,6,19,900.0
0.24734810174319766,2,45,2,2,20,900.0
0.4505441353100935,4,59,12,7,11,900.0
0.12915941515149498,4,54,4,0,5,900.0
0.9540510272587224,2,22,23,5,2,338.0252265720007
0.60617463445088,2,55,13,1,4,802.6858376235532
0.22864280550346272,2,27,17,1,13,396.87404401932764
0.6717006844058567,4,42,31,4,11,900.0
0.6181282404578958,2,30,16,7,12,556.5921125001636
0.3581627180328405,1,25,41,7,12,234.60906986023952
0.11355759219962902,4,24,26,7,16,789.4667429262989
0.6715731955927996,1,14,28,2,14,115.19708731341358
0.5203077009037933,3,15,1,2,5,317.9016302211706
0.7723183917356393,4,47,47,6,11,900.0
0.5201635011119934,3,12,12,2,1,236.2406639233898
0.8521815003185401,2,57,37,5,3,715.2116194487805
0.5519068387744855,2,21,20,5,19,416.6420689375133
0.5609379715353863,5,45,2,7,20,900.0
0.876653602658345,2,42,36,6,11,695.6558834555294
0.40348286621239704,3,45,15,7,2,794.7824341447671
0.13401522845064073,2,42,38,4,16,622.8721819969443
0.028782676313338973,4,40,22,2,5,867.1879415200897
0.755137255673619,2,30,44,2,16,530.3463047059091
0.6203095513534647,5,36,32,7,16,900.0
0.7040797680992236,2,36,20,7,10,609.3873554157401
0.21296416150891073,3,17,36,0,6,322.54057325728314
0.13637147558676976,3,46,33,7,1,648.6401156771376
0.014544665667881929,2,41,15,2,18,721.0736227082909
0.350587558806597,3,35,46,5,1,499.20343986146213
0.5899176868546331,3,11,3,0,12,309.2420581050291
0.3922440450997323,5,21,29,0,15,898.4888228296301
0.43747492202372906,4,31,47,2,16,900.0
0.9041586944937484,5,26,27,1,10,900.0
0.34825546702330035,1,16,5,3,8,143.73894435170374
0.5139894891598108,5,52,31,7,8,900.0
0.7836530127411431,2,13,22,5,13,209.47271425066586
0.39654278232127016,4,46,35,1,12,900.0
0.6220867002278735,2,47,7,2,10,828.6929469083456
0.8623637087467452,1,41,6,7,11,399.6234107450771
0.9495206236576421,4,20,26,2,2,568.14908114836
0.14707348092903794,3,10,1,7,0,148.88583069424385
0.9265876251614944,5,34,19,7,7,900.0
0.4921162930795382,2,51,7,1,18,900.0
0.25824438829895835,1,33,36,2,12,204.4512192742178
0.4591357562382613,3,52,12,5,6,900.0
0.980032575285477,5,26,20,6,12,900.0
0.4926180939928696,3,17,23,7,5,318.7701773810273
0.3287516102875082,5,54,25,0,2,900.0
0.6334008543167258,4,36,30,4,5,900.0
0.24014561877819307,3,27,29,2,2,449.14949539186875
0.07586332810866392,3,36,31,2,12,749.8837899015399
0.12887972191064923,3,31,18,1,12,709.4649595091448
0.12804583895777244,4,25,41,7,12,637.5748734079717
0.15190269351229435,1,11,19,0,0,73.47114848793703
0.13882717264941014,5,14,4,1,7,494.4555292101156
0.6408747448032146,3,27,1,6,4,624.044362649383
0.18188008439914483,4,12,41,7,19,423.1775962807361
0.3456672833238632,1,36,15,5,16,316.35754165776143
0.8967884099060118,5,26,8,1,8,900.0
0.47396164026287235,4,25,15,2,12,856.1370477416325
0.6675577385210272,5,15,15,7,12,652.0708371655666
0.17231987120162984,3,60,39,0,4,900.0
0.19228901880867078,1,16,22,5,13,134.18448527892807
0.04086861626647886,4,59,18,2,10,900.0
0.16893506307216455,1,23,16,5,13,209.68645303109975
0.2785903390319586,3,47,2,2,6,900.0
0.17701048427674682,1,49,36,2,16,401.8561279502661
0.08870253375705561,1,24,20,2,3,142.2136463192011
0.12063587110060081,2,56,16,7,9,766.7392286443829
0.46077876803272577,1,56,3,4,9,444.9632207471129
0.2063337184057925,5,57,30,3,14,900.0
0.36426986104807546,4,42,2,0,19,900.0
0.5034172708548569,2,52,35,6,11,793.8765376984268
0.6903948286293653,4,36,26,4,8,900.0
0.039312139841098936,4,38,5,3,2,852.9247654189641
0.7994103989090426,3,46,2,5,14,900.0
0.6279003894909078,3,14,20,3,11,366.42871000902204
0.08175903194887191,2,38,34,7,14,534.7234272966487
0.8735786241067772,3,41,34,7,0,714.0976042134554
0.9208724005318132,3,15,20,7,14,435.3457862104326
0.06107795985486375,3,11,25,3,10,207.67223500062306
0.2768776481472037,4,15,20,4,4,330.52203951912827
0.8062012797930613,2,55,25,0,6,815.9708889358654
0.7482596903836584,4,52,14,1,11,900.0
0.18452101935637732,5,13,47,3,19,533.1241914486611
0.2093493233367103,4,38,44,7,5,821.7872529796622
0.370472102791382,5,34,43,1,2,881.9726192784315
0.4845229851910213,1,18,43,1,9,133.965424419743
0.618254771530296,1,12,39,2,20,118.18310791145612
0.3689136395697724,5,35,12,1,3,900.0
0.4625347161331479,5,57,48,5,12,900.0
0.7474709381337565,4,52,5,5,18,900.0
0.0366832028905979,5,36,2,2,4,900.0
0.25243694434402075,2,45,16,0,17,831.8802183138486
0.7133495858845524,1,41,30,6,0,261.2082513623001
0.8952068376871993,1,10,47,0,20,72.98087294346291
0.5116774421156661,5,25,43,5,20,900.0
0.5321134852653157,3,60,38,6,15,900.0
0.10717201133977605,3,57,45,2,15,900.0
0.44741236682345464,5,20,42,0,15,776.7093695308539
0.5326172664550232,2,35,24,6,18,665.5741398510905
0.24247050363472966,3,49,30,6,15,900.0
0.26924323094938096,5,10,37,3,0,208.66173761006564
0.37728416310462265,2,35,39,0,19,634.7104974738323
0.02007119777772637,2,37,11,2,19,667.7437252893374
0.3220791655831783,4,18,14,6,9,501.00426384743787
0.21144800699654465,2,53,23,5,1,542.2936840113163
0.32749735217791465,3,31,16,7,13,809.8908576783672
0.11976213181925122,3,17,21,3,7,333.4991688738965
0.890527280739895,5,58,4,1,5,900.0
0.5935924535540487,5,51,33,1,2,900.0
0.6791023191444896,2,36,47,1,15,572.4148394007726
0.7891712386073383,1,48,14,5,16,458.9333228367166
0.4984421989290573,4,28,19,7,11,866.6575280505394
0.08692028808742369,1,34,5,6,18,326.05396564406254
0.5371065418185478,2,47,36,2,19,881.2814144952388
0.5868411180208791,2,30,31,1,2,360.1147858057077
0.74543947418433,1,33,45,0,12,264.7335269217009
0.4316595462296794,4,33,18,1,15,900.0
0.12758030279556376,1,28,44,6,10,177.34122156145895
0.28377590579872447,5,59,31,4,19,900.0
0.3630822963986351,3,56,30,5,15,900.0
0.6459172413316012,5,11,21,4,19,599.8761917708118
0.5707783046689119,3,23,47,1,1,362.97353761294494
0.35609672589784624,2,41,30,7,3,443.9528201693131
0.9865152487929797,4,51,41,6,3,900.0
0.6057748193568872,1,41,4,1,16,447.53135514297753
0.23722679173599448,4,37,5,4,0,786.3307311905935
0.10178247262040374,1,57,41,6,0,275.1823650170284
0.15285913918433203,5,48,45,5,4,900.0
0.24595772838450813,5,49,10,5,11,900.0
0.16068137325955567,1,51,27,1,5,303.1777931766025
0.18656702405130576,4,56,16,5,5,900.0
0.2850951686938471,1,49,30,3,16,401.0263657394115
0.17337359529475482,2,22,13,6,12,384.7660712479461
0.8967654246264252,5,21,36,7,7,788.3449348188622
0.08023374566164221,2,17,21,6,11,223.8722100233004
0.5245113895702547,5,24,45,5,14,878.0706989545066
0.4103968269896615,5,35,40,6,18,900.0
0.9823786169086064,3,21,45,4,20,608.1401672556585
0.11203890216805235,2,52,15,2,19,900.0
0.39785559904574164,2,60,20,4,16,900.0
0.9694704332753689,3,55,20,0,8,900.0
0.8655071258939803,4,36,45,3,20,900.0
0.8170720709492799,2,27,5,2,17,609.078083571667
0.25790282704493983,1,54,32,1,1,297.23837953617686
0.17088758739006582,3,45,6,6,10,900.0
0.668643219924431,2,58,30,7,19,900.0
0.9293759891275858,4,60,26,0,16,900.0
0.5567628930139298,2,36,37,0,20,669.739258834984
0.5716126894698998,5,18,13,7,17,871.9979404546123
0.2799790936602842,1,48,29,3,14,385.5305107033906
0.7694929331919369,3,10,5,2,6,283.52761749801465
0.18704374855752337,5,16,25,0,15,645.8811880813066
0.3236792364042437,4,35,13,7,0,728.5403765187807
0.4254364386164168,5,16,24,2,17,726.6821866186617
0.507610378684455,5,16,31,2,7,517.8119100182079
0.24240973241508024,4,17,20,5,6,452.160799197233
0.11483682473920354,5,25,8,0,1,674.9483472562637
0.6106200424416326,3,12,9,2,11,315.5095915783634
0.28863055324025577,2,54,21,3,15,900.0
0.5812382214226123,5,19,20,0,8,718.4949837967724
0.1543627152742023,3,59,15,3,19,900.0
0.4811401018548175,2,16,26,3,10,226.84265066226445
0.5325894325515859,2,30,42,2,14,438.25678613733413
0.05182353682242691,5,46,11,2,2,900.0
0.3366042781939206,3,40,37,5,20,900.0
0.13441467693897424,5,32,41,7,12,900.0
0.06337497047276774,4,36,11,6,20,900.0
0.9899602323899452,2,31,27,5,12,568.2093277507863
0.32235384497472297,5,48,30,0,1,900.0
0.8098744458546349,2,36,19,5,5,505.6617439386831
0.25464065476376385,3,58,34,1,5,900.0
0.6815027222239293,1,13,38,7,11,107.46228981088402
0.7602278598896866,5,33,23,0,3,900.0
0.5956387406078443,5,32,1,7,4,900.0
0.47157618855015837,2,57,3,3,7,900.0
0.41184091414726853,3,28,3,5,5,565.4058153952718
0.3488682665429953,4,51,28,5,20,900.0
0.9295291442478258,3,12,14,6,2,299.87367074502157
0.8306194077877291,5,36,30,5,7,900.0
0.9650269106665126,4,12,5,2,18,543.3884452380038
0.12429722348554473,3,37,15,3,20,900.0
0.7308674752036443,1,26,38,5,10,197.5347812990941
0.9383404568210378,2,40,14,4,17,855.7651570678329
0.18123306616566015,3,19,14,4,9,412.1877906343543
0.0664962673667775,3,58,8,7,19,900.0
0.741120649290059,1,31,8,3,11,265.4295550494188
0.5744731131799119,5,39,19,5,19,900.0
0.8418287767582721,2,58,32,6,7,842.5695508167948
0.1397723766262895,3,30,31,1,18,749.2630893420029
0.7952673118598902,4,45,29,6,20,900.0
0.20162732004774453,3,32,41,1,15,723.3317017861418
0.1636559428657045,2,47,11,0,20,900.0
0.16426579793099294,3,21,45,0,17,463.5672139273068
0.8145747202313821,1,34,13,6,8,297.2566180491705
0.6651972206962001,3,29,27,5,3,567.7152610328584
0.5230654247691193,3,58,19,7,8,900.0
0.3588304841235025,4,58,26,6,1,900.0
0.8772005408131083,1,51,37,0,8,361.54574494795986
0.3924451074226354,1,16,48,2,8,107.0903690469793
0.8165994394715771,3,38,9,1,17,900.0
0.4391349085702184,4,57,28,3,10,900.0
0.3769444294249076,3,38,32,7,12,805.2478760913509
0.46267978566960644,3,22,3,6,5,454.78148369878755
0.3013778741641421,2,12,32,5,8,138.76676608892427
0.7476093801762511,2,11,5,5,15,249.71253716453714
0.5027203900924792,4,25,8,7,3,686.4150541102803
0.2322126951468173,5,39,14,4,1,900.0
0.8995745732745685,2,47,3,1,6,824.6514202513259
0.3838912213732114,5,15,24,7,14,642.0945107941878
0.5435528611139886,1,54,13,7,5,380.9591629266188
0.9064721109645469,2,16,43,1,10,217.63888568429974
0.6242379959139921,2,14,29,1,19,266.6173978541301
0.11689804070836407,4,16,8,6,16,568.957690949362
0.9398321236134751,5,43,42,0,3,900.0
0.6277080530714179,2,41,31,2,18,774.3306633518956
0.3349056146570861,2,58,26,6,6,746.07292366403
0.13927207266338726,4,22,18,7,10,637.3831229450939
0.794025189270296,4,39,18,3,12,900.0
0.6200727559285135,5,34,7,0,20,900.0
0.5334610919763215,1,30,48,6,2,152.2207216851897
0.8938925830509576,1,30,38,2,13,258.81467656776476
0.7885972112245307,3,37,48,7,1,601.2503461623429
0.15167487973275118,2,57,16,7,17,900.0
0.31172206779554823,5,29,33,1,4,847.5693660111065
0.24848913981446574,2,43,3,2,12,689.4284135536786
0.743946292572677,5,14,38,0,12,576.5895867552623
0.03353243473577938,5,27,4,6,13,900.0
0.5698896848713165,5,48,36,7,11,900.0
0.7624586857406905,2,52,4,1,20,900.0
0.8767656367617495,4,20,42,6,12,614.3367783613364
0.34208174871590746,2,26,9,0,17,485.5039876641559
0.8212573046720129,5,57,40,3,12,900.0
0.11063173695520723,3,54,17,1,3,888.8918907584742
0.8464522917345182,1,31,17,2,9,249.58754437441024
0.12748866233198242,5,46,33,0,4,900.0
0.39728729056036727,3,29,20,7,17,837.9843174571511
0.7972953657795536,4,57,14,4,7,900.0
0.14991742734877378,5,57,22,2,13,900.0
0.22925139523264149,3,57,27,7,1,878.501319096142
0.7222525683930663,5,55,43,2,7,900.0
0.7200365365460744,2,15,3,1,15,298.59292927550734
0.6411476328852973,3,43,24,6,6,900.0
0.6939484444671,2,23,30,5,2,267.9179673511052
0.5427244433475962,2,57,8,2,3,769.3641270767258
0.25179905890695276,3,32,22,0,6,584.9449784091815
0.34569599350391944,1,29,25,4,3,165.54056315521385
0.18159771680142567,3,22,10,3,8,437.30940788252207
0.9084505613336283,1,56,29,4,16,535.6588411070726
0.5833917947661205,5,53,40,0,16,900.0
0.4008514167636399,5,50,1,1,19,900.0
0.4620058036441327,3,41,21,0,13,900.0
0.9472833396118153,5,35,39,5,13,900.0
0.1533514031160802,4,59,24,5,12,900.0
0.5862298320167972,2,23,9,5,3,348.7691300233389
0.505888678884466,2,45,44,2,12,599.823371363814
0.6114542354346478,1,17,26,1,20,153.82463847772044
0.01811018382084051,5,49,9,6,16,900.0
0.8721239089441515,1,31,20,5,14,307.18719901648427
0.9321182824836124,2,31,35,6,17,559.3250352895013
0.5651331835892089,2,25,36,3,10,345.78430318188964
0.6966508238768923,5,36,42,3,3,900.0
0.9224993811772957,4,19,36,6,19,753.0431684179559
0.7072386343133986,4,34,9,7,10,900.0
0.15253904291426135,5,40,22,0,9,900.0
0.5762883601668132,5,30,1,5,12,900.0
0.6067150463828559,1,36,5,2,7,294.0373516527255
0.424130671302386,5,26,9,7,12,900.0
0.7364442356247228,4,42,37,3,8,900.0
0.9343670147690148,5,40,38,4,0,900.0
0.9255685129067763,1,59,19,1,0,421.413496606068
0.4508393714041321,1,51,8,4,14,427.25309804225924
0.11323804584075525,1,35,42,6,3,145.23184358065234
0.9848411989623346,1,30,43,7,19,283.05980965590453
0.8388980864459341,3,45,32,3,0,818.2798653292192
0.12466268120326685,5,10,13,3,11,316.9771130496395
0.9208418826173723,2,13,20,0,10,228.8067636542796
0.8698963620621283,5,13,36,0,18,638.1115910330934
0.5188380571260721,3,35,43,5,14,827.4159294671108
0.5912754357449292,1,13,44,6,20,102.4422391261848
0.39900270387013026,3,58,37,1,9,900.0
0.05476163882203133,4,18,30,5,0,302.05556816191825
0.3351972416459009,4,39,10,7,2,900.0
0.8028534485980114,5,60,31,0,13,900.0
0.004632023004602859,5,54,25,2,14,900.0
0.3334991716911442,2,13,29,1,0,138.3717549073027
0.3981686935909433,2,14,24,2,9,205.79949899065693
0.5373956029379229,4,54,39,7,0,900.0
0.9198556164127605,1,32,21,5,14,313.5819499291704
0.34634599436596125,3,25,41,0,2,393.651471808128
0.3469532018962277,2,31,9,1,20,661.022027673789
0.7375012481097484,2,46,42,7,19,807.7996443842192
0.45221794088980716,1,17,42,5,11,102.17952435708801
0.22460482293998196,1,57,2,3,18,563.1436062464571
0.4524395161326934,5,42,4,5,15,900.0
0.14085702037979986,3,47,8,6,7,900.0
0.1763869865062233,1,52,32,4,13,397.8619323462456
0.49836777273947974,2,25,14,3,17,527.6592209467765
0.4189254495045479,2,14,13,2,0,162.04190978170735
0.9148459010681,4,25,21,3,1,676.2585910079516
0.3623938991166331,1,16,24,5,11,138.86539035099213
0.5805883502780435,5,60,18,7,16,900.0
0.6322642879195304,3,10,45,3,1,159.38224054409093
0.013094456588333636,5,18,40,4,16,669.9377186952504
0.6635373720167106,2,27,26,6,20,534.8693843993403
0.17803596686975143,5,54,32,5,6,900.0
0.9610703174694551,2,56,44,4,5,752.1816451333334
0.14866272775311296,2,12,33,3,5,131.48429399639252
0.41462412372702373,2,33,31,4,7,416.0834228123311
0.08534966807864386,2,37,18,3,4,460.3318421420587
0.9968742518459474,2,19,35,1,14,335.03109186826714
0.5021950103312426,4,18,12,3,6,501.8182087195148
0.5953850173200438,5,22,25,0,2,670.7670934112234
0.06707647738842748,4,57,45,4,9,900.0
0.7499604703991778,4,44,31,7,2,900.0
0.20990559309558576,1,32,10,6,13,276.4647034761445
0.8980542894407137,1,56,47,4,2,314.3714025124373
0.20513964048200717,1,26,34,2,0,148.72105253207454
0.19068772066366657,3,55,3,6,0,900.0
0.03654966784809488,1,16,46,6,18,139.11976114727352
0.47206694510999925,5,25,39,2,3,704.6513035287375
0.5648411332626164,4,49,8,0,1,900.0
0.06570863942835237,5,45,32,4,10,900.0
0.7755276166950106,1,29,43,6,11,210.73775715136355
0.4532888347480276,3,33,29,4,12,800.0111954542376
0.52439026932758,3,56,22,6,15,900.0
0.44076274693822814,4,14,20,2,15,473.5947941198352
0.400763060875326,5,54,6,2,18,900.0
0.5596403313082179,2,15,43,3,19,253.94244849606685
0.1552402459307125,5,37,29,5,20,900.0
0.18192813049527112,1,14,42,4,19,118.56210671530324
0.8617856210135173,2,58,17,4,8,900.0
0.9461154621336327,3,48,31,6,15,900.0
0.37330931627975295,4,47,34,3,6,900.0
0.27074467314355377,4,11,38,7,12,319.5405739757939
0.6439995432390158,3,52,37,4,3,900.0
0.4087341710980964,1,48,4,6,12,432.62942453574817
0.02538635566034486,3,30,2,0,7,635.0091247324566
0.15615259736619036,1,49,12,2,1,218.25277840070027
0.7159722288473975,2,46,35,2,6,645.1507763945945
0.6589239419101514,3,27,6,5,10,687.9230368582921
0.02709599250348349,1,57,46,2,16,422.549661988334
0.22197216193294944,2,55,8,1,13,900.0
0.2310747965880714,3,21,21,0,12,459.29945346191636
0.6718927435987284,4,26,46,0,14,829.0983118102404
0.019710537754364155,3,46,35,3,20,900.0
0.10410858198457384,5,55,48,1,8,900.0
0.7999160853731894,3,47,15,4,2,900.0
0.1785446620543336,5,24,7,5,12,900.0
0.6527461078518747,2,16,15,0,12,261.0214729776148
0.23818278104672652,3,23,45,1,8,384.9376010827118
0.09944139275934516,2,59,6,1,17,900.0
0.24317219099945409,2,10,47,6,4,81.78390362062717
0.7222669318556592,1,47,17,0,10,408.72100931166244
0.8556964681062857,2,12,4,7,1,203.59782424231915
0.8302198645669916,2,46,22,6,16,900.0
0.3971835296184548,3,53,32,3,19,900.0
0.6680851365706462,3,40,22,1,20,900.0
0.20498429541582097,4,52,27,2,3,900.0
0.29314773026101326,1,22,46,1,17,192.93451028016878
0.8963358185211198,2,57,15,4,19,900.0
0.013001923510736035,1,27,44,0,7,159.92589805631593
0.08550853085446808,5,26,22,7,18,900.0
0.20788625514602732,2,26,28,4,11,375.43318264449823
0.026532203873819715,1,20,42,3,10,107.88943214103054
0.18143543508979731,4,29,38,5,15,886.6606495270049
0.5830415609696922,4,19,9,2,4,563.9297354722084
0.42142455059249795,2,38,34,0,2,435.5049296583026
0.8926717110769748,5,57,36,1,11,900.0
0.8174435617384409,4,43,9,2,14,900.0
0.34181735169787597,4,26,15,1,15,900.0
0.2594234334312925,5,51,45,3,12,900.0
0.3796924081672669,1,22,20,5,6,167.98181000147903
0.5902949425148077,4,53,8,7,14,900.0
0.26806364082287626,3,56,28,7,2,897.7720449877708
0.624148907849134,4,48,19,0,11,900.0
0.4094116521912404,1,36,16,3,7,277.1582868615518
0.5520471808519802,1,35,11,3,11,286.3124761321969
0.4361265291353167,2,37,42,5,17,620.1999994245575
0.29446575954191767,3,22,8,3,2,372.1372847636365
0.9484533069621567,1,21,33,3,11,198.10238997263372
0.7636057941597608,5,53,10,1,20,900.0
0.14011317576645255,3,37,18,6,1,550.0574257980845
0.8684679758979128,3,11,35,4,13,297.54347923116217
0.48743119824951364,5,46,43,1,13,900.0
0.8945522268940914,4,43,3,7,3,900.0
0.7998552559473152,5,32,40,5,16,900.0
0.42521350446923345,5,54,27,2,14,900.0
0.022469308320117398,4,38,28,5,15,900.0
0.2686773593849461,4,44,46,5,4,895.5395951858741
0.5416342146608669,4,20,6,5,16,830.8408181191797
0.6334782198261473,4,57,47,5,6,900.0
0.2578876854332023,4,42,14,3,14,900.0
0.13935607407282413,5,60,7,5,16,900.0
0.8349302367992991,2,20,10,2,11,363.12335640411516
0.9844021807035521,2,18,15,5,10,327.93174434839415
0.5256901823026858,1,23,31,1,18,201.94887324602095
0.1716792858483035,2,18,29,3,10,230.63050894000543
0.27230732651936895,2,48,42,7,1,412.95957492134323
0.018390676547466733,5,57,17,1,14,900.0
0.914298806560499,4,12,29,7,4,314.33574567888496
0.11775108289014113,4,38,44,3,17,900.0
0.5765164755142536,5,28,15,1,20,900.0
0.274055220687206,2,45,26,7,20,826.4594075229064
0.5541780025157934,5,41,12,0,15,900.0
0.6514203883518642,1,16,25,4,3,121.4326813085009
0.8297418037072016,4,37,41,4,9,900.0
0.2064212717606032,3,53,5,3,1,899.7320778955647
0.010995828658480478,1,27,4,0,14,218.38932539199683
0.13688563006880727,1,14,44,2,3,61.889418199653775
0.9000186418481051,5,32,48,0,15,900.0
0.8738900775625152,2,31,41,6,6,444.99100498542913
0.5974131021703083,4,35,31,3,11,900.0
0.6005168604336534,3,51,3,0,2,900.0
0.6650366745462555,1,21,3,2,16,192.48174133756842
0.1753712786234496,3,49,26,3,8,900.0
0.9144119459249598,2,28,17,4,7,455.92981974874385
0.4187705248920731,2,56,10,5,5,751.7555858586298
0.38313852824949746,3,10,2,0,14,292.4840086241179
0.5189177052828375,4,12,24,4,9,379.61306037938317
0.046965966775055046,2,36,11,4,5,424.4773379863661
0.1662833687560794,3,27,24,1,14,649.923907285912
0.7380336164263704,1,59,35,2,13,445.67652580549696
0.08279866792512647,3,39,23,6,18,900.0
0.6031521094663882,3,11,32,5,12,289.4066197953953
0.24534910968132095,5,14,23,0,13,544.6125578779363
0.38929561404197655,2,38,34,4,2,371.08765180544276
0.28869373677069987,4,42,41,4,3,850.3875150988966
0.35567271646494913,4,51,19,6,13,900.0
0.7190459051842455,5,29,2,2,13,900.0
0.297121715623175,4,39,2,5,7,900.0
0.5664046402968972,3,51,15,7,9,900.0
0.47605040219909966,5,14,21,5,8,511.7220732121825
0.6636711653626481,1,59,35,6,13,509.52402003580755
0.936829739324758,2,30,5,4,7,540.3773213706393
0.7325720972102503,2,24,43,4,10,360.7617237810773
0.21494037859075676,2,29,27,4,9,413.9945394626361
0.031183135061284672,3,17,24,4,17,410.8633727452845
0.2622640442998251,1,58,7,7,3,333.2872475314833
0.5950779307002548,5,40,6,1,3,900.0
0.05142581348425035,5,21,46,1,11,639.6987775126663
0.49636624720123634,2,30,33,6,17,528.3818966199334
0.5968428489168892,1,39,17,5,7,281.45299422839327
0.3342438908169608,1,36,46,3,2,163.28599497154386
0.7709122037458219,1,53,42,7,17,484.9271817025108
0.1065982531337718,4,35,30,7,6,824.9060962700493
0.07513778173580876,4,42,8,0,0,852.3720217108113
0.7281887562036033,2,35,40,2,12,565.8056579774141
0.49549131620619846,1,35,46,3,2,192.98931817458782
0.688402396427736,1,45,7,1,2,316.20263976374923
0.4348273386037462,5,49,6,1,14,900.0
0.2464020332391068,5,10,4,1,20,544.3907260706217
0.8191023176741997,2,24,1,3,18,544.0463993204908
0.7994158789689793,1,59,15,7,3,430.2761382644451
0.6946964708544268,2,10,31,1,12,148.4706659345146
0.2721451372299627,5,20,25,3,12,746.3457680320454
0.5902306668690871,5,11,47,1,14,414.99929691414764
0.3609738969400268,4,10,33,4,18,331.36255285994895
0.09158207332663415,2,40,35,7,15,608.5680786084606
0.9173135754622428,2,53,5,4,6,881.8252100291564
0.1368186309189614,1,25,5,0,2,144.38447778924566
0.9502373538208024,1,31,36,7,19,310.88274577215566
0.44600577295795574,4,51,17,1,1,900.0
0.18513292883861965,3,27,14,6,17,722.8471824130609
0.5419009473783581,3,56,29,0,10,900.0
0.8729458358764083,3,26,8,3,0,546.390020341945
0.7322248864095612,2,39,34,0,15,680.8994536933842
0.8065611478614497,2,19,40,1,16,348.4364113270845
0.6587833667107174,5,44,1,3,15,900.0
0.6922765645178525,2,30,29,6,9,460.9825276409157
0.8491956515653193,2,25,36,3,16,461.07563166517633
0.24966800885918594,2,15,37,4,2,168.2759496162011
0.4894249636431405,4,12,29,3,17,416.3206412214756
0.22120944181960223,2,50,5,3,18,900.0
0.987668007996647,1,52,32,0,13,454.8354166386496
0.9440593396866133,1,30,24,6,20,319.6639620964778
0.0394268113685059,5,22,19,5,1,560.9745328409322
0.7055751725156885,4,27,12,3,11,900.0
0.9252483174156658,1,33,1,2,10,299.59202635248164
0.18057534512733353,4,36,7,5,16,900.0
0.5679452305526295,4,13,17,4,5,372.3874296597633
0.9154882975880418,5,31,34,6,18,900.0
0.03394597858579884,4,33,43,6,12,823.2469049363561
0.6974202672468399,2,49,7,7,6,806.4917800073172
0.29734900737255077,4,54,17,4,10,900.0
0.9243961953765304,5,19,3,3,6,843.5817712764847
0.9710582451653678,5,11,29,0,12,515.4664987378723
0.9442664891134339,5,49,22,5,12,900.0
0.47421421665746377,1,15,38,7,20,118.10500569982764
0.8620426509893134,2,57,43,4,0,634.7878503629609
0.8445493985350704,1,27,29,4,18,246.27600274948276
0.31910047324325563,3,26,42,2,18,636.9681054731784
0.8289154741506773,2,47,5,3,14,900.0
0.03700763471549262,4,54,30,7,13,900.0
0.596269878482053,5,32,23,5,2,900.0
0.23000883728770305,3,55,21,4,20,900.0
0.12056688577727881,2,39,26,6,19,691.8739676803625
0.07695320162920916,1,30,47,4,3,97.05672168411752
0.6962887758781398,5,19,21,4,6,709.5349025646445
0.33987496376806614,1,52,20,4,0,308.2179239749548
0.7247667715287615,2,22,23,7,18,380.2755948820546
0.06535634079894237,2,21,4,0,2,246.8928183277237
0.31529033783061033,3,18,21,1,19,506.12528357325414
0.5394912923753372,4,13,21,2,14,441.3639118074117
0.7907231648389635,1,48,1,6,12,492.5149175600113
0.3187525029320699,3,33,15,0,13,862.6622691521575
0.6258913764370091,5,43,17,2,6,900.0
0.8859777482361871,4,48,14,4,0,900.0
0.6158631881823046,3,50,19,7,12,900.0
0.23295947475363377,1,14,34,2,3,76.47502541738393
0.02440078155653802,2,24,6,3,11,381.1436368208128
0.8700988739009299,5,59,45,3,6,900.0
0.021269410850387138,1,13,6,1,1,61.06535834404252
0.8747016726841994,4,60,5,1,16,900.0
0.528937134027212,4,48,7,2,0,900.0
0.9390676985128962,2,17,33,0,13,323.8704034698254
0.7987832357736654,2,58,13,0,20,900.0
0.9979341105333375,5,54,1,4,0,900.0
0.35071181545171015,5,33,13,0,2,900.0
0.7671882889311269,2,37,43,1,10,527.06716810232
0.40193091360924216,2,52,27,0,6,707.1422084485044
0.47987562030390885,4,36,7,4,8,900.0
0.6275054632183701,2,10,3,3,2,128.58373731582367
0.8736771141863388,3,43,25,0,0,846.5941327916072
0.9840834691992951,1,26,33,0,18,259.5710883563929
0.7682734138645182,2,46,40,1,1,579.5501024988523
0.41776678216733376,5,47,17,2,20,900.0
0.4213570022770702,3,35,45,3,4,585.4936701573099
0.7375823015888915,5,33,14,7,16,900.0
0.23877714576830233,3,48,37,2,18,900.0
0.11047411313139466,2,30,23,7,4,343.48007984091055
0.35462215764077654,1,39,24,4,20,370.8037747367019
0.28723899165408173,5,56,29,4,13,900.0
0.2963081204559901,3,60,38,2,9,900.0
0.23360775104990994,4,57,27,1,20,900.0
0.04209318963636188,2,22,38,5,6,213.22435254663998
0.01787393473341381,1,46,40,7,7,214.4267691938681
0.9877223897360315,2,12,45,1,7,172.48762640551436
0.42777313373586234,4,41,23,5,6,900.0
0.3843266471596817,1,44,31,5,12,351.6792546854136
0.6796472826930698,4,28,36,1,13,900.0
0.21825388786506417,2,23,17,5,18,457.76055931411133
0.9499611839502253,3,57,37,5,10,900.0
0.786345014415552,2,31,3,5,1,402.31607183993395
0.08941100231225951,2,26,36,3,16,349.64918696246764
0.41758077578492836,2,13,5,4,5,161.2778628534555
0.8791183075621647,5,54,46,5,8,900.0
0.9447320222914103,4,49,15,4,18,900.0
0.4674015112498697,4,28,6,6,4,788.0054232926107
0.6134113892107077,4,46,10,4,8,900.0
0.16703394609207523,5,11,32,6,6,297.59048152207856
0.9911686261369765,3,24,23,3,3,533.8531567795383
0.2316717013834434,2,11,48,4,17,175.1231385709424
0.9427317741351257,3,20,17,2,17,620.000176230584
0.6496466489923685,5,54,46,0,19,900.0
0.6077367948788591,4,32,20,3,16,900.0
0.5126885110165086,2,19,44,0,3,200.74515904806313
0.2306698117177587,1,12,41,2,15,131.20873937782798
0.17652803200550826,1,14,15,1,4,93.87042988351268
0.22048620907017535,3,12,44,1,8,230.5439428704363
0.18643826214425452,4,47,46,5,1,854.5598657004425
0.7795844735667533,1,22,22,7,1,127.94617999190822
0.3501252591667301,3,51,6,1,3,900.0
0.05784267656339637,5,28,4,3,19,900.0
0.9691026301408113,3,49,23,1,19,900.0
0.8837858849634257,3,59,44,3,16,900.0
0.927752283195213,3,44,45,3,19,900.0
0.9949078226464353,2,33,19,0,20,762.3077392698223
0.1738952492194873,3,33,45,1,18,767.5869955938141
0.39624201890265875,3,26,31,4,2,417.9712903723434
0.7582384757040913,2,49,44,6,4,617.0294733701483
0.6960206180537922,2,19,3,1,9,330.9939805866567
0.15389590633985506,5,11,28,1,5,307.2617835173943
0.8158331249906178,4,53,3,1,2,900.0
0.22444057183666066,1,32,14,5,16,293.80758565797186
0.22381761482262308,1,15,18,4,9,114.3972290933704
0.5369744228934136,3,11,27,4,11,252.27860360867462
0.5929399348417032,5,30,10,3,0,900.0
0.5800862078378112,3,44,15,4,17,900.0
0.09148683739775487,1,58,19,3,18,497.560670465346
0.8774608626303804,2,38,9,6,19,837.5098405489355
0.26560004258870606,4,16,4,0,3,421.9496562978895
0.12951492128280417,5,38,15,3,14,900.0
0.8887480798689772,2,46,48,1,8,649.0106115313076
0.9556514982297534,4,32,8,2,5,900.0
0.8621276172654506,5,42,1,7,11,900.0
0.8095160747248781,5,17,7,2,17,897.2446551037877
0.6552419806390217,1,21,31,5,14,181.29628641040298
0.5508573706091393,2,55,18,1,18,900.0
0.08698675991141014,5,57,12,7,8,900.0
0.4084532130706987,5,19,48,3,12,680.8005565207845
0.372688517012314,4,24,30,1,15,740.3051261160849
0.2597537837603262,1,33,33,7,12,260.7349215367851
0.7234201136885849,3,35,47,5,0,562.7198745873734
0.4958757350787708,1,56,7,4,17,575.9982273631512
0.08104621590764793,3,51,28,3,2,683.6321217334389
0.22018320194981134,2,48,3,6,16,900.0
0.6832587636595959,2,12,43,1,4,124.69280555564927
0.07613085949030018,5,11,6,4,5,333.43761381685107
0.8512069140487687,2,15,31,7,20,304.03338488203934
0.4951465270139743,5,30,38,5,16,900.0
0.480586577326648,1,18,15,4,16,182.64297712507275
0.5924077846595176,2,19,7,3,0,255.5157947450472
0.8246809659251492,1,45,43,5,6,318.7592080048351
0.34780920790219305,1,12,30,5,15,103.17767888576844
0.6780161525590636,2,50,27,5,4,673.9394461720492
0.5657319639957911,1,33,17,7,15,285.0968673156874
0.2670282701694213,2,31,18,0,3,347.0588013710165
0.878629986355158,2,58,22,5,10,900.0
0.7974260216069281,2,23,26,0,13,426.6916631963468
0.6584518346584255,3,51,27,4,12,900.0
0.8505817290942419,1,54,40,6,7,373.1744915090476
0.8672942009598024,4,53,24,0,20,900.0
0.7083629767150348,2,36,8,4,19,773.1002333267508
0.837013328363672,1,42,21,0,14,419.72052373022154
0.6974714616692836,5,31,29,4,17,900.0
0.6801407717603004,2,38,43,4,6,522.9164042348615
0.6186113782151843,2,28,21,7,20,548.2831638490529
0.7527166395576412,4,28,3,6,18,900.0
0.1586051052930737,3,15,31,5,8,274.02311123865354
0.8808707591989284,3,54,27,6,10,900.0
0.871843527745232,2,28,46,6,9,410.501508670648
0.029247283034559146,1,22,27,5,13,144.4473612343552
0.8258167505647627,5,35,9,4,15,900.0
0.1288698674734452,5,31,33,5,7,900.0
0.3351188542591419,1,30,33,4,0,132.21554762839503
0.7435082562916078,2,45,26,5,11,762.1044601750937
0.1607598960483082,5,11,28,7,2,261.1285478016421
0.8179670241190622,3,56,44,2,1,900.0
0.8321341779577419,1,53,43,0,15,423.14028118990143
0.5074677337608362,4,39,31,6,3,900.0
0.00638587171683358,2,36,1,4,1,403.4857502189634
0.2870381331749128,1,16,20,1,11,105.0146999922375
0.6169269183757422,5,29,12,5,16,900.0
0.9811861780274235,2,59,17,5,19,900.0
0.6318135270166684,3,40,15,3,20,900.0
0.2598035810641598,2,32,34,1,9,464.1850042323134
0.6340057030996114,2,22,16,1,19,455.5908178601556
0.5399853797158555,3,26,4,7,7,625.8655729880475
0.7798453951511436,3,13,8,6,17,438.1889046821335
0.10698063882695841,2,23,34,2,17,381.86785929329017
0.761027902502028,3,29,46,0,17,751.7763996026748
0.5412665786761103,1,22,25,2,1,123.8884043650678
0.9629920038589946,3,12,15,0,11,378.72465504884644
0.3418721660386861,3,35,28,4,9,729.8574359769481
0.6326218931339481,2,35,9,6,7,548.1306318014414
0.9320281055100175,1,27,2,2,18,303.3007983848265
0.10250972799067926,4,41,17,3,9,900.0
0.9372284872364511,4,23,10,0,10,876.7167395059079
0.6878857223008134,5,56,9,2,13,900.0
0.0678370591051719,3,12,31,6,14,263.6145515268499
0.30096356694681625,3,10,2,3,9,233.57433216037336
0.7081720886452816,1,35,24,6,3,276.42855467031563
0.0673506014687717,4,33,19,1,6,759.9712325543762
0.5821704601762733,5,58,17,5,10,900.0
0.34588305695295674,1,44,43,4,2,217.11507279425487
0.6209155177674771,3,23,10,7,4,491.1019437247619
0.04574203381251285,4,12,28,6,1,210.44968607325046
0.8715368061523763,5,22,38,4,11,883.0400653823986
0.9734889691773969,2,56,48,6,20,900.0
0.9688778552856915,4,59,28,1,4,900.0
0.7496518317429247,5,23,1,6,6,900.0
0.13008624013063197,1,30,3,6,3,179.0072338721053
0.7582631959290226,2,35,15,2,10,596.361720955739
0.02458691645880151,5,12,10,5,8,422.8293944505119
0.022123551528997254,5,60,21,1,3,900.0
0.32361021914954125,3,49,37,3,8,900.0
0.48864319040466575,4,13,15,5,11,459.34886222898973
0.7704074178077932,3,45,23,0,15,900.0
0.6832953766065052,2,60,14,2,0,729.3168796106332
0.44590270637674834,5,52,15,5,7,900.0
0.2736266662816659,3,10,10,0,0,172.41142886724884
0.9971245001577111,4,49,9,1,19,900.0
0.42618130223597295,2,56,44,6,18,900.0
0.4513870243296755,1,42,39,4,3,238.04528893406913
0.16362382119166918,3,16,5,5,13,403.859598920595
0.7948095487499294,2,20,25,5,13,331.76713896945887
0.6936822257814886,1,36,42,0,8,242.99007150983851
0.2207696127887604,3,23,26,7,8,465.80710810844266
0.0823810456158427,2,31,8,0,16,545.482871073901
0.6804993020747131,2,25,22,4,14,472.00206257841955
0.6545112142811352,3,55,25,0,9,900.0
0.2732595269982093,2,21,48,0,16,291.523383892749
0.9508635622504104,5,58,12,5,8,900.0
0.15105789178090023,3,55,9,4,3,900.0
0.4323348010426019,2,19,10,4,13,326.35864683200305
0.9436159201675989,1,33,48,6,2,203.8311543869422
0.4197273169261223,1,55,10,5,20,562.9641275982202
0.6385259476640855,5,27,9,6,11,900.0
0.3975943979627943,3,31,26,1,0,506.03480119982237
0.27421520234867003,2,18,35,7,0,171.8245381469467
0.9839776479598282,2,26,27,7,12,456.4337452045368
0.409334006315043,1,47,31,1,13,368.6433363267052
0.8940992036791344,5,49,19,7,15,900.0
0.22995460589108618,1,22,43,7,6,128.0590238748421
0.2131047040250833,1,59,38,5,9,383.7972007018994
0.03113408288451136,5,46,6,0,14,900.0
0.651666825375885,3,15,15,2,7,369.31121655837006
0.36852634372376114,2,30,29,1,10,478.37554879184836
0.864358249839637,3,60,47,1,13,900.0
0.47320990669155716,4,45,45,5,12,900.0
0.9681934279147217,4,16,5,6,12,653.7490196313996
0.18552551570312115,4,45,14,5,8,900.0
0.8686231679556108,5,34,2,2,16,900.0
0.7765968527917417,1,20,23,2,17,177.02528281518133
0.770921844644052,3,53,44,7,18,900.0
0.8447832281168877,2,23,46,4,12,370.12740030529955
0.7610239909429989,4,54,19,7,11,900.0
0.6262203216314154,3,38,24,5,20,900.0
0.13124487768238757,4,19,20,1,19,712.6370897884865
0.032526179491251916,4,59,47,6,19,900.0
0.9208478478156868,2,57,27,7,7,892.0705602571965
0.616650314520738,5,14,24,6,10,573.5510269407193
0.7965372909761763,1,17,17,7,6,114.96082735409146
0.4815223515125501,5,55,25,7,0,900.0
0.11730818896239448,3,14,46,3,9,238.6179213790299
0.12518579220255044,5,33,31,3,14,900.0
0.6855652872289714,3,49,28,7,3,900.0
0.4303058948994627,3,35,28,0,0,585.2509252735292
0.20052472670033672,1,15,22,1,10,150.25737694350957
0.4915945467414369,2,25,5,7,4,345.338984539001
0.06420893707513409,1,45,44,3,18,340.91871322331036
0.5819714019143988,5,21,42,6,18,900.0
0.26899340443509767,3,20,8,1,3,392.0850350410172
0.7975591006371882,4,12,38,5,1,307.75565581873565
0.31036195892357377,4,53,28,1,6,900.0
0.4552201490818012,3,46,47,3,12,900.0
0.011620539908100636,1,15,12,6,19,111.74819720853759
0.07244688779455888,2,28,25,1,20,534.0401869123391
0.3924935564066848,1,27,38,2,11,199.75704580074347
0.4799388347171235,3,25,44,0,1,360.84906381012667
0.6000205481193037,3,32,15,4,8,749.9781339237284
0.29166257870930323,2,52,44,6,15,763.1696257969236
0.6949818861265425,5,46,41,3,7,900.0
0.8601223971892046,5,18,34,5,17,872.4411097586336
0.7798509888933498,2,12,45,4,3,120.24892514410658
0.039618825348357145,5,17,13,0,10,640.7093553796441
0.48050694725782894,4,47,8,6,16,900.0
0.10493017841817487,5,13,13,7,7,408.6676076315906
0.24204501586252747,5,21,36,6,18,871.5062255516553
0.9866625932671464,5,53,6,2,7,900.0
0.14249554290151323,4,40,38,2,5,880.8269276336399
0.49888815345135606,5,34,32,2,1,900.0
0.6181557343181191,4,25,21,2,14,900.0
0.702464970544104,2,51,44,3,0,597.464248475605
0.5596486834869141,1,23,44,6,5,139.32844309141234
0.00977084741918366,2,22,7,3,18,391.754210424746
0.3264613082439919,1,50,26,1,3,289.0760643133621
0.5177116433847114,2,16,15,5,12,280.04170352041507
0.08786649914483335,1,21,42,1,14,134.16852827203002
0.35062693120918076,1,46,23,5,8,329.4875572800987
0.033203108791366565,3,59,38,0,2,775.3478030739956
0.07857849715502074,1,13,41,7,1,42.97834458006926
0.39692327620159606,1,11,15,1,15,114.29288136147404
0.13271575404306035,3,44,48,0,17,900.0
0.5675408482615582,5,53,40,7,17,900.0
0.6894649691372657,5,12,16,0,5,399.90653842682866
0.8005866991090829,3,13,32,0,17,333.9715590795076
0.2001502442448101,4,47,37,2,10,900.0
0.16748258225906976,1,21,18,4,6,137.9537572238141
0.10456784033440025,1,28,20,4,13,240.99304600361498
0.6364302495436367,3,19,46,3,17,476.96726439436753
0.7064757264869012,3,10,2,0,6,240.5747505401326
0.03158614482564204,4,26,23,2,9,686.1495968840763
0.9362122462436898,5,25,30,1,7,900.0
0.05197128365147241,2,18,3,1,13,299.94055748263116
0.5412963353010705,5,18,46,3,17,710.8156649318033
0.7090605194509164,1,18,39,3,4,114.2775276546177
0.8709691237460856,3,21,47,0,13,499.95291578036847
0.7140869321324278,4,50,1,7,9,900.0
0.8017280830697918,5,24,41,0,14,900.0
0.33945019254280606,4,11,22,7,5,281.15316691313353
0.8148251137465122,5,20,29,1,8,796.1779483100996
0.08011484638467514,1,20,14,1,9,106.46267229563162
0.8948166560605276,2,17,48,1,16,288.84417782756924
0.5475923761537362,4,41,28,1,0,883.0758238377379
0.8172977699624937,4,15,21,4,13,570.1424667809906
0.45231828451830014,2,29,45,0,3,324.3700085265867
0.643577695196525,4,48,32,0,1,900.0
0.5264026609361132,4,44,6,1,2,900.0
0.7315895217553319,5,17,1,2,6,722.1323711649449
0.08162998203058958,5,59,21,1,13,900.0
0.0603520839905638,2,58,4,5,11,863.4658481982627
0.24710323401014644,1,52,3,6,18,492.7141491169607
0.15954468011318834,4,43,30,6,17,900.0
0.8717835665922017,1,28,31,3,14,266.1792859836946
0.21921398735804432,2,16,34,5,0,87.83515928038364
0.9758652558191313,2,40,19,2,2,601.2864679408586
0.33689579177110685,5,27,20,3,14,900.0
0.18211791568869928,4,49,23,6,3,900.0
0.7896985071424791,3,23,40,2,14,580.1973333914538
0.6587077755008761,2,48,25,3,9,769.1791411487524
0.498195716453139,4,45,15,1,5,900.0
0.5553635509376312,1,26,38,7,12,219.70135220794563
0.7192017782722638,5,46,23,1,6,900.0
0.22845474133129873,1,53,2,2,0,284.037445991365
0.9963339160567419,2,18,15,3,10,314.2009539012531
0.9747931621467831,2,29,44,4,13,517.8307107396874
0.6503256863469369,1,54,35,2,5,363.6547801866227
0.19954245092914513,2,37,10,7,4,513.80977752995
0.6802282424312913,4,59,14,2,18,900.0
0.07219840897917584,2,29,27,7,18,471.17700121256706
0.030652502205806065,5,50,14,5,12,900.0
0.2576828885112137,4,45,35,0,6,900.0
0.4626229567393163,3,36,33,2,7,705.6909518093719
0.8682725054083805,2,17,1,4,13,355.0203991030527
0.727169069766308,2,41,34,1,18,772.2316312784736
0.742706521199981,5,10,19,3,18,514.6836104347916
0.42549333444807536,5,26,24,0,11,900.0
0.3459349925469629,1,18,42,3,8,109.09216762683722
0.3710387629846027,1,29,4,1,13,257.2252520830288
0.9876495637360578,1,54,36,2,5,385.93151351208866
0.04010919141248248,5,41,13,5,14,900.0
0.8670314961224486,1,11,32,4,12,129.16098825291843
0.5786754085723934,1,41,9,0,6,294.343893803236
0.43861541918959046,3,54,39,4,10,900.0
0.7252576604151365,1,18,16,7,9,133.5854291730629
0.48666894142470285,2,39,3,6,0,481.3689676685953
0.8734232380816606,5,29,20,4,6,900.0
0.9007018640112585,4,47,10,4,17,900.0
0.4217209268734554,3,10,22,4,2,197.0724100776989
0.2768277972350516,5,14,48,1,8,358.7014633161698
0.5923503285933622,5,44,3,4,4,900.0
0.912363345616691,2,45,11,5,12,865.1875153837913
0.21066218900566658,1,10,25,4,15,90.37918074418673
0.6229665835634828,2,23,42,1,15,356.6421253617384
0.6315602200925206,1,18,48,7,11,151.54457929330172
0.733113022415281,1,39,8,3,17,433.2049912588759
0.1315676851272598,5,33,9,1,10,900.0
0.7158249646820886,1,13,15,6,16,145.60900235695723
0.909032520665641,3,59,32,6,6,900.0
0.17968310887024197,3,23,3,5,14,595.8404311421291
0.23754332492387764,3,34,4,7,5,699.1608009148266
0.9713950940416396,5,13,30,5,5,464.13186450912923
0.18097695270948977,2,34,13,2,17,645.7939875663352
0.8543850933695791,4,19,44,1,18,683.308049411751
0.4922778564480348,1,44,21,3,19,442.4576427645215
0.24723107440317704,4,16,41,2,18,556.7927830491859
0.8707499012725114,2,51,46,2,1,569.1822760334961
0.4453052550026655,2,22,19,0,2,264.715373152411
0.5148173539296902,5,13,39,4,13,520.1094584036737
0.3592333693997657,3,59,48,2,3,900.0
0.5929508514349274,3,52,22,2,16,900.0
0.16352387258502277,2,45,20,5,5,529.02897544803
0.3910815366517607,5,23,37,3,18,900.0
0.9694123223352875,5,27,31,2,8,900.0
0.25813343270112754,1,17,10,7,3,97.70252021810907
0.6567366645412922,3,41,18,6,6,900.0
0.3251900642246949,2,36,43,3,3,362.40362665648087
0.7734731256866006,4,51,39,4,10,900.0
0.13087366071834983,3,46,46,6,1,595.7420887215028
0.9698210450785447,1,32,20,5,9,258.5584390304906
0.45378954138363925,5,16,18,7,5,518.2132142511225
0.23605046334646396,2,21,11,6,7,251.3574958944428
0.07349674733001266,3,34,22,0,14,771.6836586240341
0.16975790508754074,4,12,44,0,12,331.2882559888373
0.5197739485560177,1,35,18,4,1,235.07471141401825
0.3370031764312863,1,13,34,4,19,128.0043279485776
0.8288833658826095,3,51,23,6,0,900.0
0.43088752366180594,4,45,1,5,14,900.0
0.2487142725876299,1,24,10,7,6,177.87500463577464
0.61714498660403,2,41,1,5,17,886.3152131041948
0.7067772168854458,1,38,38,7,9,313.63048627907756
0.16704190790094986,4,19,39,1,14,543.6101535299152
0.16761921628831766,5,30,9,2,4,900.0
0.03667142693354297,5,25,31,2,10,819.353330310996
0.7364020150656405,3,56,7,7,7,900.0
0.6638045276218051,4,28,17,2,20,900.0
0.4746308757498139,1,38,35,3,7,267.39548611784585
0.8441704489691971,1,60,48,1,5,378.6852716043054
0.8056701529500532,5,27,37,6,14,900.0
0.5853543643967521,5,53,18,2,14,900.0
0.8682712805132586,2,25,33,3,4,341.0140722242077
0.20584121003676825,5,10,4,7,12,417.886580165869
0.11191961939772788,2,57,23,7,13,834.5113875662959
0.2697496115169896,1,11,11,3,10,55.50701457142392
0.05708685608931485,2,24,9,0,19,463.21454331039774
0.531169528001032,2,48,30,3,20,900.0
0.9366056922949615,3,37,8,4,11,900.0
0.03934354066850965,5,10,40,5,19,416.95104706053826
0.1221099140100268,2,14,5,3,0,143.10630194415435
0.4521990282834353,1,51,12,4,2,316.7790280517657
0.9338750175279049,4,31,1,4,7,900.0
0.3161561049767505,2,45,15,0,11,679.7826497972119
0.5072348086883924,5,55,25,6,14,900.0
0.0415728590503921,3,22,18,0,2,359.1981457914113
0.14834320096208886,1,10,38,7,7,29.828698476712738
0.9866301229588469,3,25,42,7,18,712.1346251199049
0.9651186964360455,4,50,46,3,19,900.0
0.004939980934409616,2,31,26,0,5,332.3113069657443
0.951811785423239,2,41,40,0,17,754.7167758531125
0.6391199378155004,5,25,3,6,10,900.0
0.8679182945200221,2,60,22,5,11,900.0
0.4547398556338591,1,24,26,2,1,141.40524384465152
0.5155960285792502,4,55,19,7,4,900.0
0.4888465802569202,3,51,44,3,3,828.9078428818299
0.6668642575461043,4,21,44,7,8,586.6086517245052
0.1396512547563129,2,10,47,6,12,137.0105592567502
0.029973589872677953,3,26,39,3,12,508.4788935309723
0.3079299415911909,5,50,36,7,14,900.0
0.7046807627366467,4,60,21,3,1,900.0
0.20185345212294836,3,59,41,0,12,900.0
0.6734324333249173,3,37,48,5,6,706.7976765343892
0.9699120461072704,3,16,26,0,16,455.58164637684166
0.09390071578941839,1,18,13,4,7,109.32424242151015
0.6726021182251263,4,31,36,1,17,900.0
0.44375021930457115,3,35,24,1,14,865.2486443922704
0.8681422543775054,4,21,41,6,14,681.1061785153345
0.1771497894473859,3,16,26,1,4,270.3159915268919
0.6926259522261645,5,55,21,6,1,900.0
0.8381152896481102,5,56,18,2,15,900.0
0.9446142194740232,5,24,15,0,4,900.0
0.6832480282896458,2,47,15,7,5,687.862834997347
0.4971747640084273,3,30,6,4,11,810.793131239019
0.6178472402012138,2,23,43,4,4,248.33987279041548
0.8689049844787182,4,11,31,1,19,441.3906709946511
0.5706097466388297,2,17,28,5,7,247.0732635434536
0.03038705969683686,4,54,8,2,10,900.0
0.9309486955069778,4,15,29,6,13,563.2544082887624
0.6895267510315611,4,46,21,2,16,900.0
0.6765133857772465,2,46,17,1,9,720.4915003030728
0.21567515239771717,3,42,24,6,1,641.1503163204752
0.6588854702326572,2,50,36,6,2,593.7906561228674
0.3938644056541585,3,15,31,1,12,329.8406015919373
0.6512329770414921,3,35,47,7,16,824.1034240919682
0.10659303030799072,4,48,34,0,2,900.0
0.657845304603036,2,50,2,5,9,900.0
0.9994137257706666,3,46,42,2,7,900.0
0.04821203886055603,5,23,3,4,3,696.3691203805178
0.9771741842213173,3,46,30,1,12,900.0
0.4069079607228706,5,17,8,0,6,617.7201366876646
0.8707534503372591,2,48,7,4,6,819.2569497156317
0.7823854840582735,2,22,12,7,15,442.6303857321982
0.5670162609866678,2,22,19,2,4,289.4117558035981
0.7384492092513265,3,49,26,1,16,900.0
0.8785155613013479,1,52,28,6,9,460.2671420588751
0.404140321651033,3,37,15,7,3,700.130757306582
0.3270331615632387,3,27,14,7,13,672.73981662079
0.6675933855635847,4,28,48,5,4,648.9888413027371
0.8078459419412586,4,47,14,1,1,900.0
0.7622851347766157,3,41,3,7,13,900.0
0.7978136488586345,5,31,29,5,17,900.0
0.435583314812933,4,11,6,0,10,343.6753813608891
0.8178342161750216,3,22,23,0,15,593.9937195347054
0.12020905537060844,1,32,28,7,17,270.1020684864216
0.5444890979608495,5,34,14,2,15,900.0
0.0057586604981215705,2,37,14,5,20,681.2568539393976
0.3245858299002703,3,20,20,1,3,354.01967867591736
0.3664615348713979,3,42,13,0,0,673.5728493722261
0.3961726916092554,5,33,27,1,13,900.0
0.6954672066898622,4,11,35,2,11,354.0685554184475
0.38855810127034573,4,39,45,5,9,900.0
0.44869362262253065,4,26,2,1,18,900.0
0.23754413087432746,2,49,41,4,3,477.50803155610896
0.3732517916293401,5,43,45,1,19,900.0
0.22726962726315147,5,47,40,3,20,900.0
0.07319592376844364,4,31,48,3,2,534.0191696368577
0.6034485933813779,4,14,24,6,3,353.9353303266959
0.6682127985550163,1,57,29,2,14,467.0835538349536
0.6194903460096145,1,49,3,2,10,463.8835837897108
0.46349404380057235,3,60,45,2,15,900.0
0.3797857801792298,3,25,4,4,3,503.1579456066299
0.8633336495718252,5,22,2,5,5,900.0
0.519081785136218,5,35,20,4,7,900.0
0.47918187762973097,2,40,15,6,12,676.698075275676
0.025642065806435688,2,48,32,1,19,818.0990874814474
0.34124782762615635,1,57,42,7,3,274.99452088020564
0.38019561878585706,3,32,1,0,4,706.4690752612078
0.3988227808969005,1,57,38,5,9,365.8691637794992
0.5801723692273323,1,21,35,3,4,105.48836660934857
0.5336025467268785,3,23,7,3,11,607.5047443482937
0.6079050927934446,2,27,45,6,0,317.01903562031157
0.7648832615421283,3,36,13,7,9,886.9804606644661
0.8129857387160935,4,37,1,3,4,900.0
0.7181230762264944,4,27,14,6,18,900.0
0.9555236959549347,4,25,29,1,18,900.0
0.01823258267636163,5,25,3,1,19,900.0
0.1957779856835461,2,22,46,2,11,264.7917337439509
0.00756287497814212,2,38,24,0,15,574.4700757777179
0.647474714154603,5,18,1,2,4,679.2849486881777
0.8980305489499869,1,35,48,1,16,276.52126974711916
0.24348229657629927,4,37,10,4,13,900.0
0.9270345447963066,4,50,13,2,11,900.0
0.06026739028956085,1,22,36,5,12,137.63715559896184
0.9344360268055143,3,45,9,1,20,900.0
0.3516226872396344,3,18,14,1,13,422.04803851895
0.10142082844921652,2,56,36,7,4,569.7444201442771
0.48587175918632564,5,23,10,7,4,834.5507995400624
0.25677656772050794,2,60,40,4,17,900.0
0.28487290196192283,3,21,23,4,13,525.3964815519057
0.3072899649262866,1,41,35,4,17,339.95958007733304
0.8030258978326634,2,47,7,7,19,900.0
0.5391612766752545,4,12,42,0,0,214.299655838218
0.31130769915600365,4,25,35,5,6,603.2508522566304
0.6103337833109184,1,29,2,1,16,331.2646494134347
0.7161506742231936,3,41,15,4,2,821.6783844954244
0.27262400073353377,4,32,9,0,9,900.0
0.4135491015253515,4,26,47,3,6,619.602333297199
0.12188609333694755,5,25,17,5,11,900.0
0.18114934953468032,2,47,39,6,14,646.0184126037316
0.6811178539649828,3,17,18,6,20,545.1044433233908
0.18143834769562694,2,28,15,7,15,506.9909642398956
0.5251633836670602,3,39,18,3,7,857.7190399182298
0.7090462617224327,4,43,24,3,5,900.0
0.10687692309474384,5,23,23,1,3,620.1640469517404
0.5673122196289035,2,31,12,0,10,515.7882616090506
0.25656278370136376,4,53,23,0,16,900.0
0.9629268752375798,3,26,21,3,1,500.9731510997629
0.4835456467199247,2,24,26,5,5,330.9843083833363
0.8059925497751581,2,59,8,2,3,864.9694351844233
0.5502265421562618,4,57,30,3,2,900.0
0.043412532854819164,2,41,34,1,6,449.0638712466141
0.6331513755940223,5,22,2,3,6,867.3414020390738
0.951403342206657,5,30,5,5,15,900.0
0.6016118201463312,4,58,31,5,1,900.0
0.8191888594267902,3,49,33,3,7,900.0
0.8842064633484078,4,42,4,0,14,900.0
0.22807977194893247,5,36,6,3,15,900.0
0.21204483990822665,1,44,23,4,0,216.1809259698384
0.6109809888509917,1,25,45,4,9,168.42429199963328
0.4110284698067047,2,37,19,2,6,542.8691263809753
0.8398613028667203,2,43,43,1,15,747.0808418990414
0.9000231233980112,1,56,45,7,9,429.35133418511106
0.3534213793027181,5,10,8,1,11,411.0911973604277
0.23687055897448206,2,50,39,6,16,776.57310380064
0.7805255152438618,4,57,13,0,12,900.0
0.2748060355481361,4,40,1,7,11,900.0
0.8226143185136784,5,45,6,1,14,900.0
0.42373825364876283,2,53,7,2,13,900.0
0.6675498992914705,4,42,48,4,18,900.0
0.09553531383466818,2,42,27,0,18,707.2606521299584
0.623859324676573,2,48,15,5,13,900.0
0.4517676787372291,4,27,34,4,17,900.0
0.5866084631754741,1,32,23,2,4,197.9376485896497
0.16801420774486342,4,32,48,0,19,900.0
0.7368737449441821,5,24,24,7,5,842.6312886837604
0.8627970775432285,3,35,15,3,17,900.0
0.21673980009077565,4,39,35,1,13,900.0
0.09571455552016173,2,34,4,2,3,408.9572033377106
0.023638586046336396,2,54,44,0,0,436.26343111104154
0.641971500443266,4,25,37,4,12,776.4978520168465
0.6070940360887808,3,48,17,0,10,900.0
0.54669741271407,4,57,31,3,2,900.0
0.23194709611597542,3,54,38,2,16,900.0
0.39090599590551467,3,23,10,0,17,666.9976363547976
0.594476335186173,5,26,27,5,9,900.0
0.4967668588591694,2,21,42,2,15,296.5575501939937
0.9877855202148873,2,38,6,2,20,900.0
0.13643975255673313,3,41,6,4,12,900.0
0.6951445540475938,2,33,15,7,19,726.9761053900443
0.4043187681042921,1,22,4,6,11,177.9370239367139
0.42819961492561476,3,29,48,1,3,465.635713099636
0.7175977656581762,2,24,40,6,7,340.82022626469836
0.6924361513243696,1,13,7,7,11,143.31244228260047
0.9912559937021883,5,43,45,5,18,900.0
0.12839428945412523,2,37,47,3,14,463.3859919113016
0.10410964938416634,1,59,26,0,15,463.901087805678
0.7243388171287412,4,11,31,6,11,335.196418232722
0.5783869170064091,4,56,2,1,19,900.0
0.27416066655980587,1,39,28,7,17,327.20898900997605
0.0794193689889866,3,35,42,4,11,652.5535390171082
0.08565824959643054,3,60,13,1,15,900.0
0.8941908746641183,2,56,18,2,19,900.0
0.1918673247187429,4,35,30,2,10,900.0
0.32337156211552076,3,29,11,3,19,875.9751825804789
0.22665640222698802,3,51,13,5,13,900.0
0.3549963058319373,4,37,24,0,1,818.0566850964477
0.06942384274609337,5,29,29,0,12,900.0
0.5190597909082704,3,20,5,4,13,556.9589609048434
0.0676125635922149,1,19,35,3,5,93.1303083757918
0.8003565078223616,2,32,19,0,11,561.5266515335081
0.23371208191043302,3,46,13,5,6,898.4149122553405
0.5400119146045106,3,50,5,7,3,900.0
0.8800790875614583,5,28,44,2,6,900.0
0.6508773690471942,1,54,14,7,12,461.8136200201832
0.5329577865513353,2,27,38,7,10,379.9465721654305
0.3243337531153756,3,58,22,3,7,900.0
0.33300191305819793,2,36,9,1,18,703.4090129546321
0.6694869551981901,4,15,40,6,1,348.91324369749435
0.9941393612211675,3,19,26,6,20,607.3275128928575
0.6618391898493786,3,11,45,3,17,257.86182107399077
0.5577834173700249,4,33,5,7,20,900.0
0.7306505102392461,5,47,29,3,9,900.0
0.46520561228371815,3,37,22,5,5,709.5942324610829
0.060142342600785215,2,37,3,5,3,445.02067018292985
0.5622968158779098,1,54,28,0,18,486.4637197875577
0.9576252845053802,2,59,38,6,13,900.0
0.17530294235765964,5,48,14,4,13,900.0
0.6900048908206657,1,11,47,4,17,58.62412669683303
0.20093368865905648,2,55,14,7,16,900.0
0.5358276844730813,2,14,43,5,17,248.22136853786034
0.09667644964671962,4,59,11,0,17,900.0
0.45037093625818514,5,20,9,0,4,696.0644981268454
0.7561633288952461,4,19,38,0,8,535.8184253088908
0.3475715242389821,1,52,47,7,0,273.2166713060342
0.664911724487218,4,11,44,7,3,256.7504152947988
0.7954499607897292,5,24,6,5,6,900.0
0.9271778194794527,3,48,1,4,10,900.0
0.23464208185545354,3,50,25,0,13,900.0
0.39931591580930814,1,46,16,5,9,380.8864510637069
0.15241601333041743,3,16,15,1,18,425.51155222367396
0.9924835021583752,4,29,34,1,7,898.6304486644135
0.9270009679242953,1,43,17,2,2,298.1661698078099
0.5399571302805596,5,44,3,1,7,900.0
0.8420332943764213,1,43,3,3,17,442.7394668326624
0.5209579772720422,1,31,37,2,4,196.45850029925668
0.6235856880027597,2,40,17,1,19,853.7998059570888
0.08912443211601662,2,32,38,3,10,382.0311747749327
0.7552704204968079,1,28,1,1,8,216.72000248762924
0.12771348363523483,3,13,7,5,18,385.6150632462867
0.8260676302525284,2,33,26,6,11,530.6621813406254
0.7820280876703859,5,29,47,3,4,900.0
0.7087446977429764,4,48,39,0,15,900.0
0.036160380524762115,2,37,19,5,12,519.7482968528659
0.3031283559453286,1,48,30,6,5,290.88834072904933
0.26311256991084286,3,26,43,3,15,555.2756709388735
0.3601364074715191,4,28,14,5,17,900.0
0.08764274676383854,2,57,13,0,16,900.0
0.9369578230310628,3,44,20,3,11,900.0
0.5538022407123763,3,41,26,3,0,716.0543293651449
0.30552431065802355,3,56,27,6,6,900.0
0.3969815170742834,1,55,25,5,13,418.9337685249291
0.44720254050483565,5,56,9,1,17,900.0
0.6005943333606173,3,55,41,3,0,872.6653317616634
0.5156794276964978,4,48,48,1,19,900.0
0.9193919732144173,2,44,12,3,9,817.5858732064456
0.49696348290583026,4,39,10,4,14,900.0
0.9921580148233127,1,26,6,2,10,257.63723957762596
0.8514249577450957,1,51,34,1,3,342.0309043890483
0.2085105143573358,4,56,41,1,14,900.0
0.9305952146439163,5,38,19,6,20,900.0
0.11636639788547609,1,15,6,0,15,117.20004960619723
0.8174497084911916,1,26,2,4,14,269.10948338619863
0.3806232934765801,4,26,15,0,16,900.0
0.8779743204450695,1,23,17,4,10,202.9776864672887
0.8680566901074503,5,33,16,4,17,900.0
0.8059254001176211,5,59,28,7,15,900.0
0.7900304363070614,5,46,21,5,14,900.0
0.3046791390980408,2,49,8,5,10,754.4768910305842
0.08091928305125218,5,48,10,5,12,900.0
0.40298017876516146,5,41,10,3,17,900.0
0.17352451498650867,2,45,10,6,7,620.7760594380344
0.6949510889024617,3,59,9,0,8,900.0
0.34609972653778553,1,46,28,2,10,307.3167420486848
0.9756102008599149,5,57,24,4,16,900.0
0.640972077345332,1,23,19,4,0,156.25471240823612
0.822480563634361,4,36,33,6,10,900.0
0.13252467274184843,1,28,4,1,6,177.55295508409384
0.8620144822726226,2,40,3,3,7,720.9958780288009
0.9227571905133943,1,55,42,2,18,492.01122891212685
0.4870619188189359,1,18,12,5,3,123.27742182376615
0.6062529377509774,1,47,18,4,3,311.6092418923771
0.7648098009029954,3,26,23,1,18,787.7183368735697
0.17483862726041255,3,28,20,0,8,551.875787914668
0.5025660764634424,4,53,6,4,16,900.0
0.3986630277723131,2,13,34,1,17,199.555587072419
0.1463739921622491,1,57,42,0,0,251.28135268849127
0.36753442229153144,1,20,2,3,13,168.17997007309611
0.06817230938549357,1,31,30,5,3,175.3782433041144
0.025811906949486985,1,13,9,6,9,86.31878623013165
0.13516628915482276,3,26,27,0,13,558.2576640347688
0.9631151115891738,4,17,42,4,6,473.77008184345766
0.549529535895017,5,55,34,7,11,900.0
0.96582216115322,2,43,40,7,15,788.3034799529149
0.432497878330132,1,20,24,2,4,117.24990286149514
0.3118161330852596,4,40,17,0,10,900.0
0.5061418628402441,5,20,29,2,3,628.0437572919508
0.4395116886329101,4,47,36,2,12,900.0
0.10566468426174391,3,30,12,0,7,626.6522010414288
0.6408263146902062,5,55,31,6,6,900.0
0.2160381825095996,4,39,9,6,10,900.0
0.6195879548978296,3,19,19,7,10,486.59012872151345
0.6502010923981534,4,35,46,3,16,900.0
0.1520248531286481,4,36,46,6,13,900.0
0.06134962711066816,5,17,17,0,1,440.0093377928643
0.7807615860684398,3,48,2,7,19,900.0
0.4598004237693202,1,17,40,6,20,145.5799935346459
0.05816379550547579,2,17,5,1,7,211.8351828655248
0.9948663171697671,5,43,39,5,1,900.0
0.05778056099636664,3,25,48,2,20,544.9379499133271
0.6950352288585532,4,50,16,5,14,900.0
0.9836789252634136,3,22,17,7,4,505.18506655328963
0.23918010421592562,2,32,27,4,5,404.92914100478333
0.14224936868719618,2,21,7,2,16,354.55342573779814
0.1213849394224289,1,36,8,7,7,265.42015718614203
0.30327514756759555,1,31,8,4,18,295.38605781544265
0.10104581101064669,2,41,23,1,4,428.0648480964231
0.6921613416941319,5,58,32,1,18,900.0
0.06229179813006269,5,36,43,5,13,900.0
0.5094221281497897,4,11,47,1,9,291.1387204875205
0.9966968538529768,1,54,18,7,12,516.2429661985375
0.8139702695060188,4,42,38,7,4,900.0
0.6152194382310109,1,35,12,0,6,268.34437035284884
0.30625362078661167,2,37,15,2,9,532.8246317736796
0.6238958362916385,5,28,28,4,10,900.0
0.5270414639116516,5,52,38,6,2,900.0
0.4260833838903715,2,14,31,5,12,267.92596700967573
0.13071037674019947,4,42,9,5,1,900.0
0.8866042152404667,4,29,8,1,3,896.7150923261983
0.4497846488213225,3,39,46,1,2,590.0427668767437
0.19462251182076507,1,54,19,7,14,423.20928750376277
0.3677593508772896,4,17,8,4,3,420.73267785456954
0.41412975252892703,2,47,34,2,20,849.9106550570322
0.8275378955668743,4,26,4,2,3,839.9199366189549
0.733614380561402,5,53,31,7,14,900.0
0.7693048936413398,1,10,38,5,5,81.128991894945
0.011031264428647214,3,12,3,4,4,194.52565806334303
0.4161539981797615,1,55,35,5,11,416.7248377027374
0.4813441516353236,5,35,19,7,6,900.0
0.019192276823056686,5,40,43,6,2,827.9727798801675
0.2598132087450342,5,17,29,3,6,525.3343251118886
0.760289823122135,5,52,10,2,11,900.0
0.13710970572899905,2,55,12,4,14,898.1817903491454
0.5353101314525917,3,17,46,6,18,420.61091228399806
0.2152018720172375,5,44,30,4,5,900.0
0.012120774643893273,5,48,30,5,7,900.0
0.24120145759954148,4,37,18,1,5,900.0
0.9758737549100538,3,60,24,7,2,900.0
0.8015371118829896,1,13,32,4,4,117.80752293206228
0.9595766443210334,3,25,9,5,8,653.5316584147613
0.48785404392636245,3,22,47,0,15,484.3189089919956
0.1097361986775035,3,29,24,1,15,684.3324433910682
0.547959488973693,5,60,26,1,8,900.0
0.4543773345599609,5,14,3,2,17,745.29038938141
0.844357082739616,2,46,23,3,12,828.6173532327468
0.09808258078424459,1,29,11,2,10,223.58669249817123
0.4882411370217782,4,33,10,0,9,900.0
0.15004866469398426,3,45,36,5,9,848.7301996040356
0.32467592689006,1,43,13,7,5,290.10982916327737
0.7373570773877997,1,54,29,1,15,450.44225780610805
0.47601812936876653,2,57,38,1,11,820.5254154679894
0.37588828514576933,4,43,13,6,3,900.0
0.3944762785700353,3,28,26,4,4,589.3974363108791
0.45944676840598664,4,26,20,7,1,574.8243651562108
0.7850165438370569,2,14,5,3,18,321.38897832336613
0.8920846889402344,5,34,20,3,0,900.0
0.9553346865039283,1,27,14,4,3,245.30667302322104
0.7869033862552951,3,59,45,7,11,900.0
0.31540689574801273,5,17,14,0,1,489.8435775785186
0.6881347060865421,2,36,8,3,11,626.4454552216706
0.4376031240553919,4,24,48,1,15,711.8474764664868
0.2546706220460512,1,54,13,0,1,296.53203265276665
0.8408715794259226,3,22,24,2,16,666.2083869674361
0.038426348962324997,5,25,15,7,1,596.5955299737516
0.9017619921354235,5,31,1,2,3,900.0
0.46147746462473416,1,29,22,0,5,191.46488787266992
0.6372014768082804,4,22,34,1,6,596.5688573909116
0.6593539222057827,2,29,40,6,14,490.0517092695736
0.8951177407065364,4,11,3,2,19,493.8998733454475
0.6366696821672073,4,44,26,5,11,900.0
0.6139335847600618,4,56,14,1,4,900.0
0.06665204056068996,1,28,41,4,13,209.27165515673892
0.5184080219452041,1,54,8,3,15,527.476832334856
0.15016900081704165,2,46,16,6,10,662.3851929425449
0.7374337687214856,4,15,42,6,11,442.93538221167967
0.5122219208126745,1,23,21,0,18,238.38362048692886
0.6802277792083533,2,13,10,3,16,289.5230990757343
0.041672900602384266,2,31,25,4,6,347.6198563269947
0.08479201604580322,4,60,38,2,8,900.0
0.7163233880626823,3,48,22,6,13,900.0
0.07208433599867337,4,45,48,5,19,900.0
0.0712567277652586,3,43,47,1,11,756.278426697127
0.01210847523488745,2,36,46,7,14,451.6642291569975
0.9565013982994801,1,16,4,6,11,150.70584515256462
0.737508359459007,5,12,4,6,20,669.6870910561652
0.35325140850206416,2,56,30,1,20,900.0
0.2965355812876552,1,42,2,4,12,340.75598978810933
0.34970322974584955,2,11,29,0,8,160.96428331025095
0.7746535311811819,4,51,43,6,6,900.0
0.6613706110704144,3,25,36,6,0,402.3803378929928
0.18519556786746794,2,34,21,3,9,508.3464748983465
0.17410933533408435,1,24,21,7,5,142.61618870689853
0.09839564971339732,4,33,48,5,14,884.2482487427119
0.6603027197013381,5,24,21,2,14,900.0
0.7643726622217359,4,40,4,0,8,900.0
0.265046428325004,3,23,1,7,12,583.9060165588642
0.020944961030912812,4,23,26,5,0,399.8289930132553
0.08217166747642735,5,15,2,5,8,561.3442893346592
0.9678600348450305,1,23,9,4,2,170.32042926635535
0.29544477747742026,2,26,45,7,8,312.8238369843544
0.7692231478381336,3,27,18,4,19,854.7873291520895
0.6246635688542638,5,29,48,1,14,900.0
0.3819396396528959,3,60,48,2,6,900.0
0.2056872621955551,4,26,42,0,3,525.7270274389291
0.12138641815940643,3,25,41,1,19,586.5729443326352
0.6150129680388666,5,49,11,6,16,900.0
0.774633780637788,2,48,25,2,3,633.4903721567841
0.6439042535411307,2,41,26,3,18,764.5452433350654
0.5303021332491583,3,53,36,3,4,900.0
0.041951223431636264,1,18,42,1,15,131.85970893749283
0.9684887775943838,3,36,35,0,2,724.5527912726511
0.7987141916545746,4,55,38,2,10,900.0
0.29282203670096474,2,42,3,3,14,716.2204128288614
0.9799703293588506,2,19,41,3,18,356.10595738396194
0.6018815896363221,2,26,35,0,20,471.5099613766444
0.5824226582072465,1,58,40,7,13,453.23577710845774
0.7480731794295321,1,58,22,1,15,539.8573734291936
0.8117697880901376,5,45,8,4,5,900.0
0.6564786073315027,3,26,15,6,4,550.929266989393
0.12809574636620003,3,27,45,5,20,609.9329882969877
0.3382675059944984,4,32,7,6,16,900.0
0.9280836403260497,2,43,19,2,15,861.7100766129743
0.22461561184385193,1,17,40,3,1,80.8391393873127
0.3721670238375133,4,22,42,5,10,557.9690925888798
0.432076882944196,4,32,17,5,3,769.2229172551382
0.4394049896944522,1,29,1,4,5,213.16623419554716
0.6129395824945255,3,31,45,5,6,550.8582048997217
0.9430758377447076,2,56,29,0,16,900.0
0.24069271183250496,3,32,13,1,7,650.9886342825873
0.12150137630091806,4,50,48,2,0,796.4016011675757
0.19747048985993731,2,44,29,0,14,659.1161895958683
0.8869249002092695,5,12,41,1,19,556.7660552154562
0.645810812655206,4,43,42,0,11,900.0
0.28590678923916013,3,42,6,3,14,900.0
0.8159469389686173,3,55,5,3,14,900.0
0.861369996363436,3,26,34,4,8,584.9833631890754
0.846514338690278,1,54,11,0,15,557.8595698661453
0.9189265336395545,4,28,9,6,1,824.8250664039498
0.2522410201733616,2,39,38,5,14,593.6564260441944
0.7550419287462783,3,32,40,3,14,823.5322597406072
0.46053949727414,3,24,41,7,6,454.7261399978726
0.8419985528900615,1,23,9,1,20,270.6573961664115
0.7284906771616132,2,11,8,7,12,198.7556750013303
0.7764474464997246,4,48,44,7,16,900.0
0.6561618376810715,5,58,40,4,10,900.0
0.17742876946970687,1,27,3,7,9,204.70113113114832
0.5450269188969383,4,15,13,7,0,370.8877749495343
0.9846697395245082,5,41,19,7,13,900.0
0.9373880664971189,3,30,34,5,4,622.5128642450615
0.04317373579701167,3,49,32,2,7,833.2704876661022
0.16481481572943713,2,37,16,0,0,372.6385682409025
0.1317287734545619,5,36,36,6,6,900.0
0.7259799099852955,3,11,18,7,1,197.370230316265
0.8177853298569451,3,42,14,7,6,900.0
0.2135113663106719,2,25,30,3,6,309.00215814742023
0.505852692951829,4,48,2,6,8,900.0
0.8407030280112,3,31,13,5,3,674.181144901784
0.7328015447662506,1,52,27,1,6,380.00162375990914
0.5422372054918483,1,56,17,0,19,560.7602616741528
0.5903476904587729,4,22,31,6,17,820.10599353
0.50836054691628,5,11,15,1,12,452.1797839870493
0.2975484513188206,2,23,20,4,10,337.5568344551523
0.5650219928590161,1,47,5,3,8,357.41002762357095
0.6888853020500907,1,50,7,3,13,474.2218017219903
0.8733229158608077,4,37,18,4,7,900.0
0.6362913539792481,5,16,11,1,20,891.1853963532602
0.761121537043158,5,27,32,6,13,900.0
0.160071634954573,4,50,27,0,20,900.0
0.4615574744197899,1,45,26,1,16,398.10238741232627
0.009331619827093296,2,50,37,0,13,656.6789094455684
0.24667886452162302,1,45,45,5,4,214.75050085976
0.7264617151130048,5,53,28,7,9,900.0
0.9918099513493635,1,13,2,4,5,141.06252726066168
0.0991780995872159,2,39,20,2,9,528.8068596165718
0.40149431586128825,3,33,4,0,10,814.7197656305489
0.8000709686991595,1,29,13,3,5,251.0760292446645
0.20403563462889884,4,55,24,7,9,900.0
0.5550849493022862,3,40,48,5,13,883.5363526028394
0.7330712960296748,4,33,38,3,19,900.0
0.615985450260179,4,16,40,5,2,343.7193676400104
0.18802473461541613,4,35,48,3,6,758.1990511204428
0.3553845686857394,1,22,45,1,1,115.07198315710704
0.7837917844853972,5,17,29,6,6,614.0023389990595
0.5542265141320166,3,14,36,1,16,337.8102308841043
0.005229613542912737,2,53,2,1,12,826.4031939109177
0.7609907600280938,5,22,41,6,20,900.0
0.03531135494023907,1,38,18,5,8,216.64593073695596
0.7457337827312321,4,29,8,5,12,900.0
0.2024805601652374,2,23,15,6,14,394.03488926881045
0.9580734801193802,3,41,41,3,12,900.0
0.3679407513020845,5,59,17,0,16,900.0
0.3269316163380791,5,36,23,5,7,900.0
0.14888805033244468,2,34,2,3,8,530.2051287545493
0.3056042154902149,1,13,6,0,8,106.10720424760089
0.8766507618282006,3,30,29,6,7,667.297218678207
0.9963343376272473,2,27,27,1,15,518.497256509217
0.36830953050684834,4,48,37,5,19,900.0
0.44861063095454257,3,24,34,2,6,460.87169843921976
0.722070938202737,5,47,18,1,16,900.0
0.8861957804650745,2,57,42,4,6,790.5402828296039
0.5930443341867842,5,33,10,0,5,900.0
0.39152569817782934,5,17,38,2,4,485.7935026891038
0.41262184084862374,5,37,44,1,16,900.0
0.6956181464968069,1,30,17,7,7,226.26056096369402
0.0032182636042786816,5,25,13,5,0,573.7948329873418
0.6195893374598407,4,25,48,2,15,821.0671648074513
0.3554930104413574,4,44,42,3,16,900.0
0.7941973312770843,3,26,27,0,2,516.1521186534345
0.09299063982313216,5,18,2,4,12,760.0198449659575
0.5882022669483905,5,44,34,3,7,900.0
0.48097288988612374,2,38,31,7,15,642.7706206614984
0.6423255259052274,1,48,23,2,6,314.2235440307415
0.06485359448296835,3,27,7,1,20,789.0799246294004
0.5799837874281313,5,21,38,0,14,839.5432949615395
0.5614845879595237,2,28,33,5,1,288.4660448706252
0.5606600944161709,1,57,12,4,1,326.6721741549137
0.6034876665964548,3,31,45,1,9,641.1390708561893
0.6764679372263622,3,58,12,4,4,900.0
0.8049889996807698,5,24,19,5,3,819.6565738119768
0.26982072012821434,3,10,9,6,14,247.93333895045956
0.8250494101800621,2,11,10,0,12,233.53327714499153
0.4982556822634536,3,17,17,2,16,460.558823261729
0.07705827913433116,4,31,40,4,20,900.0
0.0585509292439792,2,34,39,0,0,277.9171286756789
0.3342383186960608,1,11,41,4,17,98.32580466373388
0.7848969771114676,1,60,10,1,14,579.2256661852555
0.7076809347409158,5,18,12,4,13,849.4261872485056
0.7886149646724064,5,18,15,6,8,750.2549410693622
0.5172690564416094,4,22,31,1,11,677.0539337170796
0.44019899795549056,1,15,15,1,4,100.10087990083332
0.14745252670628395,1,39,28,0,1,195.34108077620408
0.32819275360931155,1,24,4,3,6,216.01314055324374
0.43401936617387527,1,60,36,5,20,596.6103375748089
0.08860042967961723,3,24,1,4,8,504.5640141398851
0.22061195271121126,2,59,44,2,17,855.7679507117997
0.5982252940637388,2,16,34,7,3,204.35206554027172
0.7356631142391898,4,20,47,1,1,437.58150567662136
0.9983475113929496,3,49,17,3,0,900.0
0.9331133313435577,1,47,39,1,11,387.17982522276503
0.6425651995351915,1,49,38,3,12,382.45061071439375
0.421248053294072,5,11,44,3,13,421.68198563333374
0.6361773647082327,5,60,33,2,4,900.0
0.785651618080232,4,57,21,3,2,900.0
0.11833619092338732,1,48,26,2,3,236.14217458961
0.40990488969628824,4,19,46,0,16,584.5372261767934
0.8398022856356172,3,53,36,1,18,900.0
0.383832951933044,2,26,5,2,10,424.3811625904683
0.5718722712271865,1,16,33,5,7,117.96467741622575
0.5877693608621982,3,49,1,6,11,900.0
0.18447625313363936,1,48,6,1,17,486.60723007917017
0.3622354416522884,5,13,37,6,17,549.570566779283
0.33451128874193214,4,44,2,5,8,900.0
0.026196708532064794,5,60,5,4,4,900.0
0.024191763891355245,2,56,26,5,20,900.0
0.8316970436757735,5,45,41,0,16,900.0
0.2730708099728124,1,40,47,4,12,273.453277631599
0.5180787662388154,5,34,13,4,5,900.0
0.29872557358877305,1,50,12,3,13,413.6199921915826
0.9406792451153405,2,22,5,5,14,473.2328597139564
0.25929675886577375,5,27,2,7,13,900.0
0.4296568127389351,4,30,4,3,3,790.8149650071749
0.8727302504846018,4,57,27,5,17,900.0
0.8419335667918086,4,10,10,4,0,251.0860788227415
0.18610141784627732,5,45,13,7,11,900.0
0.8026433097957104,5,59,44,3,8,900.0
0.45818688673789265,5,17,2,6,9,727.414584367311
0.4829688720853552,1,57,26,1,20,558.7224430974097
0.13347997241594378,2,30,15,7,17,513.1874009730664
0.08060151375712465,4,52,46,5,16,900.0
0.7279393069737652,1,30,10,5,18,326.2089963993125
0.49646115235529975,4,36,22,3,3,900.0
0.43685070261517955,1,28,40,5,15,197.5103867874951
0.7295082286523967,5,32,25,4,6,900.0
0.7655128989911097,4,60,15,3,8,900.0
0.15890816766935356,5,59,13,3,7,900.0
0.6102251494776413,4,60,8,7,6,900.0
0.13535408227768553,3,52,21,2,9,900.0
0.7513750860290457,1,44,21,6,7,364.3501830951781
0.6569551562671395,3,49,22,6,16,900.0
0.956614621083458,1,60,46,2,11,459.9704200400279
0.06895801635642118,2,51,33,7,13,691.6736769051621
0.05705472115125432,4,57,45,4,11,900.0
0.28218707469320015,2,14,27,1,1,134.87187435803503
0.26170568373590597,2,50,40,5,11,681.2700724132768
0.24697879907199982,1,17,22,7,13,132.06444301681594
0.9062545805210367,3,20,30,0,6,431.9821747816893
0.2495461998495061,5,25,9,5,12,900.0
0.271949726128631,1,48,45,0,20,400.0998418788594
0.7593982624179637,5,56,35,7,3,900.0
0.44973984245054,2,33,18,6,0,333.3287286613233
0.7767105569551812,5,30,42,4,16,900.0
0.06536615756438524,3,32,5,1,2,501.3447652411779
0.4875711936733843,1,58,27,1,16,503.0727484543487
0.03361360018328263,3,47,6,1,7,900.0
0.06265320345535452,3,56,32,2,2,751.4191127709032
0.906437453344411,1,17,8,4,9,187.1596893838917
0.13924537111759516,3,16,39,0,1,219.7224233853622
0.5324206822752171,4,11,21,1,3,306.05771602899324
0.41109560260070654,4,39,18,4,13,900.0
0.3473433262588427,4,22,14,5,10,694.943643236009
0.8998333456872725,5,32,15,0,13,900.0
0.0218233967754895,3,38,42,6,12,741.7472640450925
0.6637896861755891,1,47,26,2,3,298.2975733173053
0.9633944342135504,1,46,44,3,1,284.2507849291072
0.5601681834618419,5,29,32,7,1,832.0651182395549
0.9368224620330918,1,42,39,7,10,319.7363927255116
0.05225787928602377,4,38,28,0,4,806.2427596004654
0.4187933190741614,3,59,39,6,8,900.0
0.26015779096205116,1,24,43,6,19,209.99349233557976
0.7308209649807298,1,32,32,6,20,357.00441971595484
0.9812970904972467,2,51,13,5,16,900.0
0.2565300624442478,2,12,15,0,11,184.4597932570969
0.6541746014740745,2,46,18,0,17,900.0
0.19809763275974013,3,38,39,3,2,550.8118988652345
0.5653302545716099,4,54,6,1,4,900.0
0.4639324866883362,4,17,11,5,20,709.3107651560083
0.9720053296315371,4,31,32,6,19,900.0
0.6085272726964666,3,38,40,3,13,889.4103351030867
0.3495063720868188,3,11,20,0,15,286.65927657023343
0.11409578488793337,2,50,33,5,18,793.4386698638098
0.15124682873493456,1,58,40,2,8,341.0241924143318
0.2253169299512351,5,59,8,0,16,900.0
0.250966661340298,5,54,35,2,6,900.0
0.8506160578411378,1,10,5,4,9,66.67616675238516
0.5612227882825249,2,53,35,2,3,622.5065107285385
0.5233909113743664,1,29,47,0,9,175.57756217961486
0.11476887186921747,1,30,14,3,2,134.68829230643914
0.860139693349435,5,46,21,0,8,900.0
0.7228143032084837,2,17,47,0,12,240.87535932311013
0.06766836190000158,3,36,24,4,0,478.7837194503749
0.7078350972297687,5,56,17,6,14,900.0
0.5435382173426461,3,44,18,1,14,900.0
0.08172534574677826,2,15,34,0,10,157.00600976771443
0.45830064152865646,1,54,12,4,9,439.58579530002504
0.484696287130047,4,53,16,3,6,900.0
0.16577454016327575,4,28,4,4,0,574.7549799146558
0.9456981470002823,2,27,25,7,6,382.8388029066396
0.8499753714806619,4,10,34,4,4,260.0252264959182
0.6690223373291083,3,34,28,2,15,900.0
0.4622955610006072,4,36,46,1,7,878.8350884840157
0.4117655415845085,2,16,11,1,1,237.72694273293453
0.6509734671509542,2,53,13,5,7,852.0257631791078
0.5454318694069055,3,51,31,6,13,900.0
0.062273105881885615,4,38,25,3,3,761.5147076091988
0.5125026487703317,4,40,39,5,14,900.0
0.8064036172328395,1,53,10,6,6,450.03249543385095
0.45923987759695806,5,52,24,6,19,900.0
0.05195657755426841,2,45,1,4,7,617.5913150442742
0.7862781993840331,1,28,25,3,10,237.37997106177235
0.2013637821359744,2,15,28,6,1,118.79649843812183
0.2586208348880388,1,34,36,3,8,216.3266555956317
0.1647063534322959,5,40,18,1,5,900.0
0.33021506487149754,1,18,6,1,0,83.63111071961126
0.756751505688635,2,29,2,1,2,413.671149570234
0.5193858595039373,4,19,3,0,9,670.2415914750329
0.20488127415071256,2,46,46,4,4,458.82097524619394
0.8778300781520408,3,36,8,7,11,900.0
0.8795818549515292,3,22,31,3,0,366.6721113968693
0.8705784250460069,3,50,48,4,8,900.0
0.23879621138153928,3,11,19,6,20,285.53355110733577
0.4512393441809881,5,59,6,3,12,900.0
0.9849896561408751,4,30,14,3,18,900.0
0.7720124763099904,4,42,3,5,6,900.0
0.027167421225559818,2,33,48,3,15,447.643318043293
0.06520459126049205,1,53,1,3,7,350.97185390775303
0.46393137681233276,2,51,44,2,18,803.5399597012414
0.9092202058615602,2,43,30,7,6,670.8638500818431
0.5387017979527142,2,18,46,2,3,191.00674027739598
0.4978125080342902,2,11,19,5,9,146.800314181384
0.10547369995663058,4,39,19,0,0,748.6255580210944
0.656780104724294,1,31,9,1,16,319.14384091137026
0.8221031606002255,2,55,7,6,20,900.0
0.38042000750756233,4,20,46,6,12,554.3553014689948
0.7756118509253275,2,52,37,7,18,900.0
0.9644766539008116,3,26,41,3,12,660.7962501345029
0.2037664591276891,2,45,7,4,8,632.2554505429622
0.5233296311947413,2,22,9,6,4,294.9843846509389
0.28713795808457554,5,16,4,2,0,461.2550761076084
0.7928544190338394,3,25,25,1,1,498.6881074229439
0.5775933658811575,1,42,12,0,10,384.82395657339697
0.6345824175503038,2,54,6,1,3,789.6830999257559
0.7979141596158941,1,10,18,3,8,75.37110345522595
0.3959704726624549,3,20,40,7,4,304.6957953374854
0.9150900684070432,2,15,21,1,4,250.62653255388065
0.53302886724614,5,29,15,3,7,900.0
0.157954822835348,4,44,3,5,1,900.0
0.6958991181688025,5,53,2,2,6,900.0
0.7932613504382544,5,46,41,2,16,900.0
0.31676167706752667,4,50,40,3,10,900.0
0.857179256998753,4,35,4,4,14,900.0
0.9061432547657664,4,21,32,2,2,587.4966958916513
0.2769044873778089,2,39,2,7,12,686.9388222402509
0.9835214727152221,1,37,46,4,17,369.53471378786145
0.14071152804875842,1,36,29,3,19,301.65680669035436
0.20201566840248997,4,51,2,5,19,900.0
0.18422483923802613,5,28,34,3,2,673.2317318317592
0.8939897100078704,3,14,27,5,1,288.8089004538488
0.6542925523249619,4,14,39,6,4,362.19960130376563
0.15210428322227287,5,50,44,2,19,900.0
0.440323418368349,5,36,38,7,4,900.0
0.615298025069802,2,37,18,4,12,656.7873065706231
0.08346408498938329,2,35,36,7,7,390.01048866590094
0.8824163684073387,1,36,19,3,15,367.77540065948256
0.8036035354415352,1,58,27,6,17,557.266649259003
0.5052067735766382,3,51,45,2,15,900.0
0.9671266152591704,3,30,20,7,0,604.333452820898
0.4177609792750997,3,10,21,6,7,202.23360826685766
0.9841103190364978,3,37,23,5,20,900.0
0.6679199988036271,5,57,30,3,1,900.0
0.6346712732539415,5,24,25,6,4,789.0065867284828
0.165954895295785,1,26,31,7,14,217.39336565416644
0.881927758304644,2,35,27,6,13,636.5475872498937
0.42748968792061515,2,29,34,5,2,323.1597093852516
0.16223340578247936,4,34,8,1,6,872.4468882676905
0.01260751997575904,5,22,19,7,3,584.0193631705749
0.5597556836383826,3,42,41,5,10,900.0
0.5273996221226763,3,34,26,1,11,796.7718337141407
0.7193536223691586,4,17,28,2,14,643.9500931155849
0.8902580530178021,2,14,4,3,5,186.7871571533399
0.07940658464302952,3,15,31,6,0,213.36093116803892
0.7314964903403623,2,32,16,2,17,666.5723794771988
0.18741194409758222,4,39,10,0,13,900.0
0.858177053157164,2,23,38,5,6,325.65344661436234
0.8190635138616561,2,32,48,2,9,463.2517097380782
0.5407937549855444,2,20,10,2,8,334.73891631474453
0.7102427986233115,3,40,45,6,1,638.8636990032801
0.3143501131837484,1,15,9,1,7,113.93532587199478
0.47116789893281463,5,20,39,5,0,493.6562028197628
0.8216368977104717,2,22,36,1,19,404.01628016897445
0.4592651971732139,2,21,36,3,1,234.69613296887957
0.3577982653254418,2,11,19,2,6,135.9372001628932
0.4942124472502999,1,44,19,5,15,367.66667562817804
0.8282492524372184,4,45,12,2,3,900.0
0.33520804737087273,3,26,13,3,20,774.4388292750319
0.1737615931357438,1,37,25,4,16,326.0084091282265
0.7120140203307808,2,37,36,3,3,459.98638969534096
0.8259782127080818,1,31,25,1,2,232.84680246306561
0.10063747852353333,1,47,28,1,8,279.77829258014214
0.23987411275594472,1,16,42,7,14,132.50341940101785
0.1419719897609939,4,24,39,2,19,837.7014467179822
0.3479414115821666,5,41,30,1,2,900.0
0.45035097890541265,3,20,5,5,11,536.4718079113796
0.7488263369633065,4,33,17,3,14,900.0
0.6511475848816741,4,12,18,2,19,468.54380972056225
0.6209285674784312,5,39,43,3,7,900.0
0.3523749466096544,4,15,47,3,11,402.28915153644925
0.8414475530847599,1,11,21,2,20,113.96518023233247
0.47128716739816456,1,23,22,6,12,170.19739330750346
0.9791049380151545,2,50,39,4,14,895.1745335820905
0.6341421382957368,4,27,6,7,10,900.0
0.12626474156450274,2,60,16,6,16,900.0
0.676177562075434,3,53,2,1,20,900.0
0.325104015431699,1,40,1,0,11,316.331708579724
0.6863271966860974,3,22,30,7,19,632.9524637686583
0.06964114816240574,5,35,43,6,17,900.0
0.1748814371759594,1,53,37,0,15,445.0887922755158
0.8557372589057863,3,21,48,0,2,348.07997095483273
0.2271795570235149,5,27,23,1,8,900.0
0.83704112524294,3,18,1,4,6,450.9239817509575
0.27927608845441043,5,58,19,3,18,900.0
0.6428819100587077,5,30,46,2,4,868.1944832553509
0.694150573509831,1,57,3,4,18,608.0290765514795
0.5126547531450529,2,58,2,0,9,900.0
0.3053106766967313,5,49,37,7,19,900.0
0.21264437637109612,5,52,17,5,11,900.0
0.03318935456242622,1,33,28,1,7,183.1435775282618
0.3039464012407238,2,43,18,6,2,513.5910293603678
0.653162790531283,4,17,33,7,18,625.7316538305655
0.9383048184484827,4,53,15,1,10,900.0
0.871204482263052,2,42,22,6,7,658.2157984589674
0.7660647765353026,3,32,41,2,12,757.8118725522436
0.7884473432532987,1,22,27,5,9,148.7524896242486
0.6649849034759953,2,58,37,3,17,900.0
0.260286857566003,4,23,32,4,11,666.5590104318773
0.9071950307058299,5,23,45,5,6,810.0503476515182
0.670732311905834,4,25,19,4,10,838.3457480784487
0.56044063098044,5,58,28,4,9,900.0
0.11098946921348107,1,47,28,3,2,264.23216019679256
0.4470555438064254,5,48,10,3,6,900.0
0.4603582712019263,2,35,20,6,3,419.11269283426134
0.86456360952267,5,35,25,3,7,900.0
0.5466482201877885,3,10,21,2,7,245.49585871350828
0.38040054897040965,2,41,14,1,5,570.2141073402565
0.9768003285106593,1,24,22,0,12,241.16675994598967
0.11072059332631567,2,30,26,3,11,412.76249637159316
0.4225484283119446,3,27,44,1,2,407.67937373002945
0.04202467517140529,1,39,11,6,5,241.1346718682067
0.7399041207669304,4,22,7,3,18,900.0
0.9180765521991506,3,33,17,0,10,900.0
0.28003732955048943,1,39,18,5,3,245.51616535427166
0.8583416767991209,5,11,7,7,14,576.8555376637376
0.29221823046189777,2,28,20,3,1,250.90027140281154
0.9107701616439152,1,56,38,1,14,491.40110360396534
0.7539619035967839,2,53,11,6,16,900.0
0.8049067768414386,5,56,44,6,1,900.0
0.0180065556004545,1,34,16,7,6,189.64161987702738
0.962810357074026,4,59,27,2,15,900.0
0.7266709920703233,3,23,11,6,4,518.9492246943644
0.3047510953861333,1,15,16,5,15,124.13788643618038
0.8293946648588469,5,21,23,6,18,900.0
0.28152119841492995,1,29,12,6,1,148.88238211828204
0.872753839566128,2,32,40,5,14,575.230704274318
0.11258039041193701,1,39,3,7,3,251.71948609560164
0.7036859774607958,4,39,2,7,1,900.0
0.5406984766449103,1,47,38,5,9,323.20270924696035
0.09653447019544081,3,39,48,0,4,572.0277902804104
0.24189382825883898,1,50,24,1,17,441.45927741322043
0.01240403627731479,2,39,29,4,3,390.3072467069473
0.46876796546450583,1,45,47,6,0,233.32565121898122
0.3012652607600004,4,58,46,7,17,900.0
0.5983574842977588,5,43,34,4,19,900.0
0.2972378077086172,1,25,20,4,5,136.3369445366136
0.2999191115069847,1,33,18,2,19,299.70371278681097
0.7431931987316034,3,23,14,3,19,714.8357769536465
0.04814283597835345,4,35,18,6,13,900.0
0.9028949951919872,5,17,2,3,9,812.0363637184045
0.8522638743911815,2,23,1,3,17,520.4644279281641
0.6678046832264065,1,40,20,2,8,301.41998865811865
0.5932215701073843,5,11,34,4,11,444.01806683108833
0.8923024981396522,2,57,41,5,9,862.0520665801266
0.18533017952871444,4,13,41,3,20,439.41353340161896
0.07896916219082861,4,10,48,7,18,317.8863524244982
0.2395101699095381,5,29,11,5,5,900.0
0.7945782787001903,2,23,27,5,13,448.512455726195
0.03467026672648332,4,49,23,2,7,900.0
0.5828068350834896,5,34,38,7,13,900.0
0.9954375161913099,4,34,44,2,10,900.0
0.8556960938375394,4,12,3,1,15,525.192976349206
0.5214456890435895,4,14,12,6,19,569.0116093020117
0.06364090928664234,3,47,30,3,5,790.522229784632
0.8313735143857098,2,35,31,4,14,616.1497062826182
0.5989785081772105,5,49,23,0,14,900.0
0.11493299705956683,5,47,1,7,13,900.0
0.0938572848233562,2,47,41,2,20,783.5793907104558
0.9096268194365924,2,13,20,5,11,221.44814372425787
0.6692002629380784,2,16,6,1,1,248.55823729884824
0.8292867993167555,2,39,11,0,7,630.4393828048674
0.8789789002822673,1,39,35,2,18,349.4528069248919
0.5717723520483222,5,28,4,1,13,900.0
0.5174463517550413,1,48,29,5,4,287.4971228847968
0.4304274103209902,4,44,10,3,8,900.0
0.3169465877911193,4,49,29,6,12,900.0
0.43459596085871177,5,42,38,6,8,900.0
0.7738796557301564,4,42,1,1,13,900.0
0.6019234310151316,2,23,40,2,4,301.47527355283813
0.8925232899548461,1,47,8,6,1,357.6193671730179
0.4433800143791877,2,19,38,6,6,238.82394735899703
0.607089578718754,4,37,17,3,15,900.0
0.6313075530919887,1,23,19,5,10,167.77379510014083
0.5916971623063255,2,45,33,4,10,668.2810177902008
0.7026337730855163,5,47,15,6,11,900.0
0.23743346837480628,2,25,45,1,12,330.3930707124672
0.5123637775457907,4,30,31,0,7,809.3977509983268
0.10422480280834767,1,37,21,7,15,274.3718862160742
0.38451132764481255,5,42,3,5,20,900.0
0.4876670686212644,1,15,2,3,0,108.71196842155717
0.6522242595454725,5,50,35,5,12,900.0
0.9505310525862035,1,24,41,3,10,206.48029877256374
0.6006510665483559,4,53,16,5,3,900.0
0.7435939161765598,5,12,45,7,3,339.5622350589732
0.5062660594952028,3,52,21,4,14,900.0
0.6341040313763313,1,56,12,1,2,390.05208350138156
0.07093221613377343,1,44,28,0,18,361.56114334650186
0.254391580841847,2,23,12,6,20,475.9354335755734
0.3618530932051387,5,11,33,4,1,262.52534815175324
0.47249335500651357,3,38,20,1,5,759.2156028957735
0.045648745502383736,4,13,40,0,7,284.1451866506873
0.14002409755331768,2,35,21,5,16,610.3090731577269
0.2768143077913058,3,60,39,7,4,900.0
0.9715326909010507,5,21,41,6,1,675.9120287982969
0.33134700710305076,3,11,42,0,11,196.68434518899167
0.48204105811208253,1,26,36,2,4,156.2111664855996
0.19609771273839294,1,44,22,0,9,306.69592686069757
0.6107800710757683,2,19,26,1,8,294.30283682614964
0.2806832155159743,5,57,7,4,19,900.0
0.20699257843842678,5,31,7,6,7,900.0
0.5165726284459791,3,50,8,4,0,900.0
0.005505799160420821,2,52,26,6,5,545.0040615113888
0.0076640326492253275,5,30,24,2,10,900.0
0.21906880910185778,1,24,24,1,2,121.46360266297582
0.03672136250082114,3,44,40,7,14,900.0
0.10802575413069138,4,57,48,7,10,900.0
0.3388606493387516,1,30,12,0,4,194.08290289254631
0.8025856795798129,2,30,47,2,15,491.4833730277995
0.5720486433693008,5,30,8,5,20,900.0
0.5126677259564164,1,53,9,3,6,413.8464355797743
0.29348882320812164,4,41,3,5,5,900.0
0.9317537194328164,4,14,21,1,8,480.4486041395986
0.39701504123719167,2,48,31,2,6,608.3539812424749
0.08709276679577149,1,18,48,4,2,51.995696188675865
0.6170665161178013,3,27,47,2,10,577.9330994705824
0.11383839347660141,1,30,24,3,11,257.037094240621
0.3452231428016921,4,17,4,7,20,735.0500945273176
0.5074119387178089,2,53,20,1,10,858.5263162293346
0.8742225246851758,2,43,16,2,1,624.3835972220159
0.49354658034011867,3,19,10,6,0,320.9586252991425
0.7022587660316643,2,60,43,5,1,622.7805104971186
0.9928168389990704,2,50,26,0,13,900.0
0.13148911989798162,2,33,29,5,12,465.03759686077876
0.2747315255195195,2,49,5,1,4,611.4430241110443
0.3945760755976464,2,33,11,7,1,387.4033758648471
0.42182817853883137,4,41,29,2,18,900.0
0.41102107526554577,1,42,45,7,16,323.41740670444665
0.9076110025565549,5,47,15,5,10,900.0
0.7140326444668564,2,53,6,2,15,900.0
0.6079052140907037,5,60,48,5,19,900.0
0.3093727178627821,5,58,15,1,17,900.0
0.8237903842212947,4,43,43,4,19,900.0
0.9550605114849889,2,20,20,7,7,302.06863659075117
0.8211982825502265,5,40,34,7,1,900.0
0.0015651051914729042,2,27,2,5,16,450.1283247971047
0.636401370183407,3,32,44,0,10,700.9881805893524
0.051135381442100725,3,31,16,5,13,708.6245567061865
0.25760722033372185,3,52,19,1,15,900.0
0.059524700347771686,5,27,34,5,14,900.0
0.6037954529493877,3,49,14,0,14,900.0
0.6865899134926068,4,56,24,6,2,900.0
0.11448763806590512,4,50,28,0,6,900.0
0.3838388830449795,5,56,48,1,11,900.0
0.456236508955542,2,48,32,2,2,543.60436359202
0.3690530217609166,1,29,37,5,18,223.56730574861047
0.12102500048519305,2,22,10,4,9,290.41036651545556
0.4189477901874754,2,54,45,0,7,657.6043352449362
0.7511780478084181,2,10,48,6,15,161.0067687669322
0.07100766453325547,2,13,9,0,15,225.04415567208966
0.08018001408190345,1,33,24,5,11,237.43385375677462
0.3547712918359842,3,45,36,2,4,763.5304660917483
0.941725711618925,2,45,29,7,19,900.0
0.668572646722914,4,54,29,5,5,900.0
0.6786699566725648,5,11,48,7,5,292.0249324787769
0.36191999083786497,5,37,23,6,7,900.0
0.5936607912085384,4,35,27,6,16,900.0
0.010131184027743378,2,32,31,1,11,420.4911734217282
0.6360960464095422,1,24,43,4,13,204.39495682023136
0.9132869475762367,3,45,7,5,1,900.0
0.6125734683448192,5,36,45,0,18,900.0
0.873698593466345,3,15,4,0,5,362.8829768442477
0.7239730554660938,1,44,14,1,17,501.89099020340865
0.12055841640369025,5,48,42,2,3,900.0
0.9024533072858417,3,47,42,5,4,900.0
0.06644384435577488,1,44,10,3,5,235.16258746657468
0.5339674725477638,3,45,44,2,14,900.0
0.14213712379345766,2,19,34,0,5,205.06694450654805
0.011706610730904066,1,39,26,6,7,244.9050956464809
0.422034260127639,3,50,23,5,8,900.0
0.29504070765415624,2,47,9,6,20,900.0
0.486000493797603,2,38,37,0,5,475.8312319722819
0.5771998867345508,1,52,8,4,1,322.0317801294396
0.04373907230894736,4,48,14,2,15,900.0
0.12300329512374564,5,59,7,3,19,900.0
0.5586423964504253,1,13,7,4,0,77.08163456223248
0.34316735317265823,2,14,9,3,15,267.2859942316453
0.729173487549448,2,13,3,4,0,182.95375241798885
0.6522916485919397,1,45,14,2,0,290.2546529350374
0.8456043629899068,4,54,17,0,6,900.0
0.6924928266692253,5,25,44,3,15,900.0
0.42993107739014813,3,34,22,7,16,900.0
0.6729666223944324,1,23,46,2,15,168.1285237484837
0.2753811742554185,5,20,26,3,15,829.7255423608813
0.3063134987782127,5,38,28,7,5,900.0
0.7889851599207933,2,43,45,2,17,774.8808453787282
0.4464195164015822,3,31,14,4,2,565.4379646297344
0.7983803405183525,1,23,9,2,7,197.94412769787218
0.8224223736682784,2,33,26,4,3,457.1366018298833
0.8575623376612838,2,48,2,0,3,762.6619333123915
0.9166352358412073,4,35,11,4,16,900.0
0.43098522051329624,5,52,17,1,4,900.0
0.31886681832113883,1,45,34,0,13,356.44209284766515
0.5821987465941139,1,48,19,6,14,451.51977075396957
0.3711724234376276,1,25,39,6,11,198.7125636922136
0.601074166800233,2,47,18,6,12,823.5424294155495
0.7055858626438246,4,41,13,5,17,900.0
0.6884050184921369,3,15,5,7,13,434.6987208347541
0.37455288702012135,2,43,23,5,18,761.2919826765153
0.16686020169875282,3,17,24,2,6,318.74316482458175
0.43052933846220753,4,39,29,2,5,900.0
0.14259414408190874,5,36,48,7,4,868.7567496054742
0.8900970351838083,1,16,47,1,3,121.69699187833756
0.3458774607378574,3,36,8,2,17,900.0
0.15445974722332378,2,34,26,0,13,505.8721334388881
0.025447759905750877,3,55,15,0,15,900.0
0.6458223862864843,5,50,1,6,19,900.0
0.6369023174547432,1,24,28,4,13,197.82288646542466
0.34060416658129167,3,34,47,3,4,484.90745955012176
0.071711888847651,5,31,46,2,10,900.0
0.409628894895232,2,27,14,1,11,457.73768882195293
0.3112174950633936,4,21,42,6,17,674.4063135960383
0.6771206397350094,2,32,34,7,3,383.46521474772766
0.6057792494526903,1,60,31,5,12,483.1984842326048
0.36459372819754,2,54,6,7,19,900.0
0.2178925542549901,2,48,5,0,12,799.7399896326774
0.9880359661555919,2,34,31,0,3,530.932772248101
0.45400162119611487,2,19,37,0,6,273.3721019285478
0.688274235780237,1,39,15,3,1,252.51992523977535
0.14055296757836078,5,19,15,3,20,900.0
0.4855896996593978,3,43,43,2,17,900.0
0.027536719869465487,4,55,5,5,20,900.0
0.50545511791045,3,22,28,1,5,433.7177676735867
0.9640174071177023,3,38,33,3,15,900.0
0.3842067129858002,4,47,11,7,2,900.0
0.03899601257491159,1,50,43,4,14,368.8451973534684
0.03095579091934353,4,54,6,3,20,900.0
0.3879867599468695,1,18,23,0,19,172.80381683168264
0.16002493646319405,3,22,40,7,9,370.3076991149286
0.023352096328185912,1,46,2,1,8,336.390841072405
0.7562136139501768,5,23,15,2,10,900.0
0.4585230088818907,4,46,23,3,13,900.0
0.2892447719726545,5,18,22,0,11,697.8877834352269
0.9000831830164807,3,17,9,6,6,446.77404185822485
0.11613896020052561,4,48,47,4,10,900.0
0.9559188289553192,3,49,40,4,16,900.0
0.3139667173773528,5,12,30,6,8,383.044379000479
0.8884036723086812,3,56,16,2,12,900.0
0.6029428764794615,4,49,46,2,15,900.0
0.8267073597414875,4,42,47,3,2,900.0
0.9840131632104643,3,41,30,2,4,898.1576921643003
0.2884054378187457,4,16,45,7,16,490.052746392762
0.961135485407593,4,28,9,5,0,803.0182144954005
0.38948189490242036,3,43,1,5,20,900.0
0.3855119047369223,5,23,38,0,8,717.9246735453098
0.3403871042545057,4,59,8,0,16,900.0
0.5414076073475852,4,56,18,7,12,900.0
0.1541450431784871,4,55,27,0,14,900.0
0.5537114853580112,4,28,18,5,20,900.0
0.541704812410004,3,60,32,3,7,900.0
0.76190181260487,5,35,32,3,7,900.0
0.8336499619375856,5,26,48,2,1,764.0251084279134
0.44044135031242404,1,37,45,3,9,264.84718980915454
0.30233324935149375,4,28,36,0,4,654.5211325714499
0.25933489731709447,4,36,36,1,15,900.0
0.19462383670487193,1,57,21,0,18,521.3277573937082
0.05764758219902488,5,28,46,5,0,545.9007136227697
0.34244797883471334,2,42,32,6,12,591.6200892392528
0.27024769213078326,2,60,31,1,3,681.4778533462639
0.9664173858664074,5,16,37,2,6,575.4521833821117
0.5577088262500439,4,38,16,4,0,873.0729730516817
0.34727703903050755,2,52,46,6,1,481.65358594893377
0.580467600993696,3,14,46,3,15,313.98132308486396
0.1391967013456955,3,39,14,3,13,900.0
0.4440437492022029,1,58,24,5,4,358.46791459454806
0.6262343214210638,5,52,25,0,13,900.0
0.4888978317924514,5,17,46,0,16,655.7195633961474
0.40177880065432425,2,51,35,1,11,769.8721284720373
0.9938483888996982,4,21,17,3,19,900.0
0.880314762148927,5,51,46,6,11,900.0
0.6234059581594401,2,22,42,5,2,260.31637840909286
0.5693773611822828,2,35,45,6,20,619.9949178870963
0.620660479824584,5,27,4,2,20,900.0
0.20131210782243325,2,51,11,0,1,565.8982904478529
0.3951377432643186,1,60,47,7,20,471.0487363390703
0.03945953289089932,1,58,15,6,20,547.7175484867912
0.47554603748682667,5,29,30,3,14,900.0
0.5430245839576632,4,25,24,4,10,773.6853840986615
0.2277497361032096,1,46,2,5,9,358.61942490962906
0.9640288471655137,1,12,43,1,17,97.5807194572597
0.909454610937242,5,36,34,0,20,900.0
0.7221432354559059,3,24,23,0,1,418.55987998950104
0.5333866287653626,2,43,31,2,6,538.51665603957
0.869969159647685,1,54,37,0,6,395.16425163964715
0.1306523438234629,3,31,13,5,6,543.8040522253965
0.790509794274885,4,49,33,3,13,900.0
0.1248208139668483,3,32,7,3,1,499.9554348098145
0.7942106625494054,5,58,32,3,1,900.0
0.27576756825135695,4,13,7,7,14,423.9964104384087
0.8770905810181889,4,60,42,4,10,900.0
0.9440420938253978,3,50,38,4,9,900.0
0.14879596940511564,5,32,44,7,2,755.4724532685815
0.4626756050653935,1,56,13,0,16,519.3689229512834
0.9809873781626851,3,18,24,6,8,447.26904005748855
0.4834074359731466,1,33,28,4,14,275.6032347133989
0.8635475225145451,3,30,32,6,13,791.7953028124604
0.5887315221313199,1,50,43,6,18,431.3845681590586
0.37532990791960186,3,55,18,4,16,900.0
0.2857835555258702,4,25,34,7,19,875.411058385499
0.20322309108608727,2,34,48,2,16,500.69936597822164
0.7617981913776972,4,35,34,4,15,900.0
0.3865405068230279,1,58,38,1,19,511.9815389058359
0.5112754622007512,5,54,1,7,7,900.0
0.4923254800011819,4,18,43,1,6,451.06347424625807
0.5772790292331312,2,24,42,6,11,367.2535568042446
0.8655771456245522,1,48,31,1,0,294.00793954447846
0.9807393435834294,4,42,1,0,11,900.0
0.40758420857381694,3,10,16,3,5,184.43042119752047
0.8275189221063031,5,14,39,2,15,616.0369875088137
0.7645277946547177,1,18,15,0,17,204.69124395554886
0.5735289514555733,4,53,33,3,18,900.0
0.9560471436119331,1,15,23,2,2,124.3777534673931
0.20047451552840279,3,37,41,6,2,506.1659689070598
0.10926421030962141,2,54,34,2,4,546.9806580831864
0.8539619669554221,4,35,17,2,2,900.0
0.4391498166337483,1,37,25,1,18,338.81840964425845
0.8469688542070605,1,49,42,1,4,315.17570356111406
0.8930902051954149,1,24,6,1,13,224.82951153418855
0.06245759361907144,2,15,31,2,20,288.7603181070935
0.8834647629860607,1,36,5,5,15,394.65569709843925
0.4483190553694222,5,47,40,7,0,900.0
0.5104324890042322,5,13,40,2,16,514.4797177934048
0.6265925110932102,1,20,30,7,10,160.27426063941888
0.9263826067300868,5,30,5,7,8,900.0
0.01911609442976403,4,39,12,1,20,900.0
0.4768434683178171,5,27,7,2,3,900.0
0.6877220424305607,1,44,45,1,1,232.36369714183286
0.7227069576982285,3,12,13,1,8,285.55975858107865
0.692532431537108,4,21,4,1,4,633.2443314443601
0.13443512940812186,2,36,42,6,3,335.1630584686997
0.29939558837168123,1,39,3,6,4,256.63929316215007
0.35871552541701346,2,30,12,5,17,572.6077076561866
0.804437207679505,3,47,1,3,12,900.0
0.278759872414553,2,30,27,7,4,360.18269068774583
0.21070496386720317,1,47,43,2,18,362.5288448153078
0.9574480190380962,1,49,13,0,2,344.8085154748691
0.0088632851134689,3,24,17,1,17,603.817634492551
0.9978208556819782,1,27,8,5,5,231.5039545805979
0.6768212988573956,3,38,32,0,5,762.1917829427265
0.8284692994491171,3,57,20,6,4,900.0
0.29461939634619316,1,47,17,3,0,264.66719035118064
0.014315277667059978,5,30,34,2,7,870.9294342540331
0.73786951856153,3,26,35,7,0,446.1644820523472
0.8341445970006758,1,50,35,7,20,477.13311382098476
0.7404761319535191,5,60,38,6,5,900.0
0.1428502873008386,3,27,42,5,19,626.6686070232914
0.7534279222569691,5,46,24,1,13,900.0
0.768922782107641,4,47,18,1,10,900.0
0.6585405156700549,4,21,46,7,1,459.06222533377473
0.7661159327955862,5,20,48,1,20,900.0
0.8459214396777321,3,57,39,7,3,900.0
0.6136041142374584,1,58,33,5,12,469.05323644051606
0.08860471396967906,2,29,23,6,6,313.06611555357665
0.48762780966721087,1,18,25,0,5,116.15919770050822
0.07764933467160506,2,10,37,3,2,75.19114914094271
0.40754303103243084,2,12,27,2,8,172.0986140613506
0.40710648912562764,3,30,1,7,13,828.7362683452292
0.06600984414024158,5,32,21,3,19,900.0
0.3488205339694793,1,18,10,6,10,161.4946316016521
0.11099809879131484,5,28,31,1,4,748.3179273679642
0.8082352100092222,4,54,44,3,13,900.0
0.9476880259644708,3,55,25,0,18,900.0
0.0723164752579386,3,28,20,4,7,523.3687209012198
0.9551152072917014,4,32,2,6,6,900.0
0.5225765993367452,1,36,48,4,6,214.42923148317007
0.2995656779538739,4,36,15,2,2,824.2722926444936
0.07686207527616351,1,48,28,2,2,235.70229061621046
0.5006242680704178,2,45,13,3,17,844.4669933817479
0.7945155444907487,3,21,14,2,12,554.1425363544587
0.7070864772666982,1,36,2,6,0,248.19401595785536
0.05022601146397376,5,55,34,5,4,900.0
0.07290183536790351,5,43,35,7,3,900.0
0.4028732826326371,3,42,37,0,15,900.0
0.2952904940479433,4,37,25,1,14,900.0
0.23238432305604784,4,40,48,1,17,900.0
0.2810044989087136,1,41,15,7,16,356.6238360324804
0.8034827432968846,4,59,12,3,13,900.0
0.9292280536318539,3,29,9,1,13,886.2608352513206
0.4051026945275664,1,49,31,3,18,444.84670051237845
0.9061110021324971,2,44,14,7,5,697.56234518338
0.32149570124788196,4,40,29,2,12,900.0
0.4764369863437916,4,40,48,7,17,900.0
0.22602899781599972,1,47,43,2,14,321.7497189986893
0.640476042175844,5,31,38,5,6,900.0
0.9789811151748089,4,54,42,5,18,900.0
0.6034930960433786,3,50,8,0,16,900.0
0.35781408411354887,4,18,48,7,8,462.37653036577257
0.6478174459905284,2,18,3,1,10,337.98061843781227
0.12292067846538757,4,24,2,6,4,604.0001355728951
0.8886590802653986,5,22,16,5,1,741.4506474213629
0.5030839507798364,4,31,19,7,14,900.0
0.44934974203964206,1,25,30,0,11,186.17301880979548
0.5858647884535192,4,41,41,4,9,900.0
0.6247838627894025,5,11,16,5,9,426.26341337696573
0.07177580622651303,1,35,31,0,19,278.6637831134197
0.6826172212234024,3,23,28,3,10,529.3708658840992
0.24193168031552958,1,47,4,3,9,332.15106557965294
0.7139526325065898,2,43,10,0,6,658.1339314856357
0.8225347943841967,1,17,45,2,13,137.85031498534784
0.8039585075525203,3,45,18,4,12,900.0
0.5525009674078891,4,30,47,0,4,600.4714654352986
0.5201698923107512,1,55,32,5,18,520.4650885102942
0.14287596133941172,1,52,30,2,9,302.55591914105685
0.7753461504031356,1,37,36,0,7,275.3895712058106
0.27140938044671437,1,55,9,1,17,522.1199860633005
0.49669542281794654,3,53,36,5,0,856.1453293959166
0.2842740929275167,5,57,29,5,4,900.0
0.13382836299969314,5,15,16,3,10,530.4933007077476
0.6295576968917366,1,29,28,1,19,268.37665115409357
0.05433203482290383,3,40,21,1,10,850.1427049659354
0.7486452341262,3,42,47,7,15,900.0
0.31758679526111666,1,53,2,7,9,425.8845465867511
0.00013469300448532007,2,16,46,5,14,206.82588782408286
0.5111291392372298,1,17,35,4,6,102.21944407041184
0.046851908527603126,2,18,28,6,14,273.856617409005
0.27616955782089947,1,11,36,7,15,88.94382073903479
0.7069764874557162,2,26,31,2,5,361.4343820028453
0.06268962162186587,2,54,33,3,10,693.2628882419153
0.8393384923560023,1,46,23,1,16,460.1673031598771
0.003819922658583108,2,51,41,3,14,691.9066976795932
0.24682386920190225,4,53,17,5,15,900.0
0.7409040561520714,5,26,46,2,1,711.0162652567878
0.3162701497293068,3,47,1,0,3,900.0
0.10189238806601353,2,44,42,1,18,662.5413649512561
0.3602339188004279,2,56,23,2,5,702.042965024391
0.27039328638452553,3,48,48,6,17,900.0
0.8427119021605549,2,39,27,3,20,817.5489362238877
0.31334791758514313,3,15,25,5,10,344.48526218455413
0.7889324717760072,1,13,32,2,8,88.00857482866813
0.8918721448107347,4,60,19,0,2,900.0
0.43381741957652953,4,46,24,7,1,900.0
0.909943143854392,5,44,3,7,17,900.0
0.37731805396319285,2,18,12,2,14,321.035923089417
0.9640784164901082,5,15,35,5,17,741.5290583543598
0.08928952452557293,1,22,15,3,18,201.59772889790653
0.6870192665032427,4,31,17,1,14,900.0
0.49381404045692867,1,37,32,6,16,303.98278432465
0.38764880545564706,1,39,7,6,17,423.9738340074057
0.6327118787486009,2,45,19,1,17,869.2813289037338
0.7038570916343312,1,11,7,4,10,64.93543835829651
0.004363269650309087,4,45,5,3,17,900.0
0.16695308874719872,5,17,40,6,2,400.08568429405534
0.7130460506343187,4,54,21,4,12,900.0
0.6663854135782065,2,51,48,4,13,757.7744175432258
0.9660475051286772,4,59,48,5,3,900.0
0.761037790250783,3,18,47,5,17,467.80548336024333
0.950772707731338,5,10,7,5,4,415.1819823029943
0.702540501534807,3,22,37,0,13,541.4939464155385
0.29805220863944315,3,59,23,3,11,900.0
0.10536492225085647,2,24,11,1,6,334.7608743944354
0.7818238633449356,1,41,10,3,11,372.97550546865926
0.6441492214759159,3,43,21,5,7,900.0
0.04818601239329623,4,52,41,0,20,900.0
0.36005046590097833,1,40,33,3,20,373.99824614757955
0.9567998154842862,4,23,20,3,2,655.6171580629481
0.5004011457102012,4,56,33,4,0,900.0
0.43272913601970464,1,23,40,3,2,113.69065585102294
0.457699605159294,1,57,35,4,10,406.90966148862475
0.20888272400516372,4,38,34,4,17,900.0
0.3687071708647952,2,56,36,2,6,669.7854012891387
0.3698132559871766,5,28,27,5,8,900.0
0.0523550201874724,5,36,19,6,3,900.0
0.7675676285179183,2,18,43,0,9,306.3312963910502
0.416504431903879,1,46,5,4,17,479.1103036113519
0.8221798868164233,4,46,29,3,15,900.0
0.8503480011198954,5,52,10,4,11,900.0
0.21199405469865806,4,37,40,4,18,900.0
0.6573534821701286,2,33,13,4,2,448.6559410406388
0.4722818041629817,4,37,29,1,7,900.0
0.8801567379214851,2,45,5,6,18,900.0
0.21574067917645412,1,27,12,6,8,188.92635813129303
0.6778132003100442,2,34,13,1,18,696.9960409378128
0.6077521222527226,2,44,22,1,16,806.3428209076585
0.2953014775718328,5,13,40,1,12,472.76528501838555
0.1366009036511726,4,23,15,6,1,441.90519145093515
0.6516397604772766,5,48,13,2,3,900.0
0.7385974581323307,3,35,1,4,10,900.0
0.31562734376335,2,17,38,2,1,161.9447758513383
0.6448326040223138,3,33,43,3,3,573.1916213484852
0.39513090761150327,5,25,45,6,3,675.9969166811086
0.7132068832826177,4,29,1,5,19,900.0
0.1992152748940531,5,24,11,6,0,611.4444818546815
0.8902150026361744,4,16,43,0,10,478.70133070911737
0.28740959646557973,4,26,40,2,1,519.8877080493063
0.3677859877561529,1,31,22,1,18,313.3189134431748
0.058091952080349785,2,31,35,7,7,324.77320368300235
0.1115122123212764,5,21,44,1,19,841.4819404190141
0.5158619027123281,4,27,6,3,3,753.8523984473044
0.2675926767279715,5,55,28,4,15,900.0
0.8354802257421944,5,56,31,0,14,900.0
0.014693388654953843,4,24,8,2,4,555.4601543405297
0.3790940486719362,3,46,5,4,4,900.0
0.3373455467690927,2,25,42,4,14,383.0409485734832
0.019327630917601035,2,14,48,5,16,237.4461982477909
0.12436839900051022,1,11,44,5,2,69.0318590577975
0.41364267491863527,1,37,17,2,17,351.23939142690426
0.49286458444744663,1,50,38,2,10,330.17045156778056
0.4042897472548691,2,36,9,2,5,487.6290640092296
0.5309376784120938,3,40,10,2,11,900.0
0.5951316749056815,2,50,20,1,16,900.0
0.00992382112783563,2,45,14,6,13,711.1229114356565
0.4640951594535039,2,56,14,6,5,771.7769577520821
0.9634992408875883,2,52,26,4,9,894.3580336639739
0.5190322801295487,3,10,29,6,15,264.4719196320876
0.6775422674589532,1,59,27,7,17,550.4578282543389
0.3118638579168832,5,38,25,4,19,900.0
0.7739913781527625,1,10,16,1,5,84.74373551861548
0.7729214818761151,1,17,36,7,18,162.15078161265495
0.521296047654139,5,25,34,6,2,708.8498469373305
0.9760138232792136,2,37,16,4,11,678.3565505703881
0.12555021476265338,3,31,33,2,15,695.1957295136402
0.016947664889580993,3,27,3,0,2,487.36713953113093
0.770158211757096,1,31,23,6,15,317.44880615736065
0.8071555373648825,5,50,11,7,3,900.0
0.12020722912057624,4,21,48,5,19,594.2856946175168
0.2655828329586061,2,28,18,7,12,443.0391013479009
0.01755236336662891,1,34,47,7,3,168.5683003164349
0.2933086107805647,3,59,41,5,3,900.0
0.7731418739186715,5,14,44,4,6,480.8670403538575
0.5179605277125789,5,43,29,0,20,900.0
0.3480955931682881,1,48,5,5,11,400.1659588061502
0.3717392949063303,4,19,24,6,1,428.39711363184205
0.0013536257154681541,3,56,29,0,15,900.0
0.2998005275652359,1,16,29,7,6,93.439051606658
0.6464587416379305,4,46,26,1,18,900.0
0.9741944438163571,5,56,40,3,10,900.0
0.8470608269838995,2,24,3,4,0,374.6981152170517
0.023594964645529126,3,51,2,1,8,900.0
0.8985606046748393,3,33,25,1,4,726.9208075165501
0.7831984132986259,4,35,19,0,16,900.0
0.7803761235709804,1,35,40,4,0,212.12142218416074
0.4579957590035715,5,55,2,1,16,900.0
0.3980052929545028,4,35,19,2,11,900.0
0.3029157288331926,2,19,1,1,12,312.7872483278663
0.06569485895436578,2,26,27,2,10,365.5262147340303
0.2282353634936991,2,23,45,3,12,311.35357071661184
0.24660363497802462,4,11,35,2,12,352.4295411482133
0.4840770697102016,5,57,41,2,5,900.0
0.747444406596694,3,22,5,0,5,537.699007939906
0.4738098283979466,1,36,38,1,19,320.2192427143685
0.057844449447160606,3,18,4,3,20,517.9315304193478
0.9577898009882039,5,16,17,1,9,724.0705296460177
0.9427243190941123,3,57,21,6,18,900.0
0.7851895431484084,4,19,48,6,2,441.82206681371946
0.9913279015642206,2,18,31,2,6,307.71623466308387
0.5444823328002629,5,31,48,5,4,850.6615812364104
0.9627683502532061,5,32,22,2,7,900.0
0.07560504061675077,3,16,11,1,4,276.0050928385259
0.3656807482613713,4,57,34,7,11,900.0
0.22538126800676583,3,18,15,3,3,326.4543306466346
0.19583308413427003,3,36,10,5,18,900.0
0.14080294889267608,5,33,38,3,17,900.0
0.6224136415659967,3,38,32,0,2,651.6615694130344
0.7813218557473051,2,26,48,2,6,317.31976586085665
0.5782983994203607,3,29,31,2,7,600.2011207396857
0.14696270958820967,2,16,37,6,14,220.1933437456469
0.8111237699334709,5,52,44,0,20,900.0
0.6359547071637285,4,49,28,6,16,900.0
0.3881657061269955,2,16,31,1,18,318.43122528673007
0.674130295536063,4,37,6,2,3,900.0
0.25990497924283285,4,28,14,1,15,900.0
0.3451922084942105,2,29,23,3,12,479.1444423362549
0.9174858431319902,5,53,16,5,11,900.0
0.2905045056714204,1,48,25,5,3,301.88307804965007
0.4699882681579366,4,49,39,5,11,900.0
0.8901411373960146,4,16,2,6,16,664.1826267658215
0.7077213502675275,5,15,38,4,8,556.28658835487
0.06220322616470275,5,34,41,0,11,900.0
0.14730304427897034,3,50,39,5,14,900.0
0.007841590771916818,5,22,34,2,19,853.7452755227848
0.6309217902291634,4,48,40,0,1,900.0
0.4476734254104183,2,49,43,3,8,612.8346948709234
0.13427485090227553,1,31,25,3,13,216.0643359756027
0.9579341210567704,3,58,36,6,3,900.0
0.5296597239456199,2,26,16,3,3,338.1919462274235
0.24189329411288918,1,57,18,3,5,354.82379406150545
0.5006035711547075,1,31,13,7,4,221.22515248111355
0.6796203327351078,1,43,37,4,16,386.33426975954234
0.07623921797356448,2,17,27,7,12,174.18763428898978
0.274703815047892,3,58,34,1,19,900.0
0.8069654908839936,3,54,11,1,16,900.0
0.45966487040266124,1,27,1,7,18,294.0958637215151
0.5465771420322949,2,33,13,5,0,387.0953403003514
0.43281600220946925,1,51,30,4,20,480.71418552947654
0.04389994264300512,5,11,5,6,16,446.9399410827674
0.16574977982015593,3,11,18,1,2,171.41162022618826
0.4455416387418909,4,36,14,7,13,900.0
0.20918546540792782,1,23,13,6,11,206.0990732460371
0.04997902865967874,5,57,32,6,14,900.0
0.8436496640518237,3,48,7,3,5,900.0
0.9811925291641158,2,21,8,1,19,517.2122429995853
0.7931428739967394,3,41,7,0,1,872.9840286726078
0.853784921704667,2,37,16,5,3,534.4304129928436
0.24197713031704537,2,37,43,1,12,459.36040246009804
0.9606269755131998,1,55,31,0,12,502.4847457306902
0.19692570445342839,1,34,27,2,16,267.3256358202707
0.9514298103618323,3,13,33,0,5,287.91284585717824
0.994819293965951,5,35,29,0,10,900.0
0.7117228057460487,3,45,8,3,18,900.0
0.9811437317918219,4,59,33,3,15,900.0
0.5695397795671037,2,12,41,5,7,155.6547756836319
0.25954178317609033,2,10,19,3,0,133.8165734982907
0.43699588566562086,1,26,21,0,9,180.96529077359372
0.593560935378786,5,16,41,4,1,444.5626457533825
0.07308156202701499,1,57,21,3,18,489.9908252594512
0.6223432646172461,4,14,25,3,13,460.4362106755141
0.9811778367622945,3,28,42,7,2,527.7806228532822
0.19010764978372763,3,48,23,0,8,900.0
0.7925951162883833,5,55,11,2,7,900.0
0.9078987937796194,1,43,33,2,10,380.2766451835567
0.9437015928202208,1,44,20,7,14,424.1311762046912
0.9601356044054472,4,58,25,1,5,900.0
0.5214596387214719,3,25,26,5,1,421.2508255748905
0.9773079079915037,1,49,40,2,0,268.1455599165643
0.7573102071344389,5,59,12,3,2,900.0
0.1616714362369619,3,56,32,4,17,900.0
0.47690010646797,4,48,33,1,13,900.0
0.718331175372004,5,36,10,5,16,900.0
0.24734031581908333,2,50,4,4,1,560.4262184539425
0.6406151835488874,4,47,15,4,18,900.0
0.6666004790466192,5,59,6,3,8,900.0
0.1626997438085659,1,59,27,0,7,342.96781601515505
0.5650853124527563,2,34,5,0,9,578.8710377320242
0.7716269109786077,4,35,5,0,8,900.0
0.4988956645359419,1,23,18,2,7,188.24306618357082
0.012103116776107425,2,23,28,0,6,270.253635539368
0.009038469079292177,3,23,35,5,5,359.49241176725434
0.3570293439700122,1,34,22,7,1,174.7809323795701
0.926194068431782,5,45,34,3,8,900.0
0.22867677960360877,4,13,4,7,8,390.7951348352479
0.6343636888716871,2,56,18,2,18,900.0
0.22207587069332058,1,24,41,5,8,112.65566678257831
0.3216699896595486,3,41,26,0,1,623.1833806970997
0.848042089601484,4,27,42,5,18,900.0
0.7288614422699469,4,23,22,7,15,872.4307709568155
0.09539927731321063,1,10,47,4,13,45.12406497677398
0.4287020209864336,3,51,33,3,19,900.0
0.029169763645264468,2,29,43,3,0,194.24047157551368
0.480890146603009,1,19,14,7,12,190.1486003024526
0.6624340117010681,2,19,31,5,1,195.75690214193418
0.11850262359815156,4,33,10,1,13,900.0
0.28888493890916567,2,43,24,7,0,432.3578165185466
0.3978366255021569,3,37,21,3,14,900.0
0.9195310246560497,5,36,48,4,17,900.0
0.993255015422964,3,49,8,7,8,900.0
0.044911298995615856,2,10,32,7,7,81.31773637306887
0.761007923495392,1,42,31,3,6,259.4348912733336
0.37172406640234323,4,13,34,7,8,354.1556984421223
0.39245818622948003,5,16,23,1,8,529.3645821812239
0.7542649733470227,1,18,25,3,10,143.25983263684842
0.9184264321454086,1,25,7,6,3,214.33725314822834
0.9509285945025484,3,14,19,3,6,352.3606868144983
0.5771225860383208,2,43,7,1,20,900.0
0.3571211593005028,3,32,47,6,6,511.1573821194089
0.7875490858587793,2,52,8,6,3,780.8421490634616
0.25100138326230026,3,59,14,3,11,900.0
0.5640740288335178,1,34,1,7,16,338.93179941528234
0.35857846152487316,4,60,13,5,19,900.0
0.6566310737078761,2,22,3,2,2,299.01793757886844
0.2403989128935069,5,33,28,6,8,900.0
0.19159294573482577,5,20,38,5,4,549.3679236396005
0.9182390866754371,1,60,15,3,19,643.7385370486066
0.1018036829495369,3,26,36,0,15,545.9627727171379
0.5059579077349317,3,46,3,0,7,900.0
0.22085278296300892,1,22,4,2,20,223.9575092439054
0.03892996332566745,5,36,5,6,15,900.0
0.03601881829142639,5,29,26,3,18,900.0
0.17522177210582734,3,42,25,4,15,900.0
0.8667703545060003,2,51,10,6,17,900.0
0.28247874397702666,4,41,8,3,14,900.0
0.9504591705752957,2,17,12,0,17,406.3888492692548
0.5816222929891935,5,38,3,1,13,900.0
0.4366141897687661,2,49,27,2,15,829.0093127060383
0.5800888346694546,4,28,23,1,4,743.0941402566391
0.5166983852262678,2,15,40,4,7,202.301136023698
0.7587762537573252,2,53,33,3,15,900.0
0.28249606597285226,2,48,14,7,20,900.0
0.3530503916003024,2,57,23,4,0,599.7484383452975
0.8940943025332507,1,50,31,1,10,403.8302390090058
0.9464565131504055,5,30,13,3,10,900.0
0.8925582274864745,4,31,12,6,1,872.6811085846235
0.4194479939573136,5,51,35,5,18,900.0
0.7803655030068817,1,19,18,5,4,114.76347239000782
0.4763357333010988,1,19,21,6,2,61.46834366188598
0.4975398521461022,1,38,45,4,7,270.3636181844546
0.20468010905728395,1,25,47,7,3,130.8696440963614
0.5911303032585165,2,10,42,5,12,147.41436455258534
0.18613589775334793,5,26,1,7,13,900.0
0.33156469906719377,3,39,38,7,0,494.8853206855665
0.8550302016199351,4,35,41,5,4,891.1415760763172
0.20707580921085522,1,55,42,0,20,471.3109365188107
0.07115828517343281,5,28,47,5,6,734.046116927064
0.0690075926128163,1,30,9,0,5,196.85100869295897
0.9407845205031079,1,26,23,2,14,252.8714686569907
0.5069204379618346,1,55,14,0,14,525.6749339229972
0.40941207181701833,1,49,11,0,7,353.3825705219468
0.8108785810079184,1,30,7,1,1,232.37861562313532
0.835825927910516,4,50,31,7,13,900.0
0.3321910331156046,5,49,24,7,15,900.0
0.6936180574737952,1,54,26,0,9,401.9561812418468
0.7711228158518866,1,58,30,0,14,492.800958630286
0.6546506868659545,1,28,34,1,3,184.84656548296167
0.15159507480009937,1,16,46,0,11,85.2942168819015
0.875883083517057,2,26,38,5,9,376.93991179364724
0.5390945527360087,2,10,5,6,1,142.93056383910763
0.2824724263700037,3,46,5,0,3,875.2385702296546
0.4252281854376939,1,15,19,2,19,166.0392712002078
0.03757109039890738,3,35,38,0,5,549.8030433215237
0.12786680122241756,4,11,28,0,13,309.21396779169436
0.7655467505158609,3,41,26,2,2,794.8799427611274
1.1634755366141114e-05,5,57,42,6,14,900.0
0.4165658284822922,2,14,23,1,0,131.32307990499794
0.5225101810855884,2,46,46,5,18,743.4240535883779
0.054634420000972295,1,40,30,6,0,161.02949351772855
0.9730781629723328,1,21,3,0,12,256.5319516361484
0.22612533124967193,4,44,28,5,7,900.0
0.30419871963628087,4,39,33,4,17,900.0
0.30394251225502733,5,57,42,7,2,900.0
0.2304166621173499,1,15,3,5,17,162.95654184775947
0.001473822086311416,1,24,5,1,19,246.28605170320614
0.7293447940879964,4,24,19,1,8,785.6254994349537
0.9668454997992854,4,25,42,7,5,692.4585330505381
0.22429348328504506,4,29,48,6,19,900.0
0.6630471918034224,2,22,1,0,1,309.98259452993915
0.7418963269587151,3,53,38,7,3,900.0
0.8484253790905247,3,51,9,2,17,900.0
0.4226291970136091,1,55,5,1,6,412.1869516779733
0.30293090564042924,2,40,46,2,10,514.3178313193395
0.3252951340230311,4,43,42,6,4,900.0
0.7126213330985128,1,38,34,6,7,280.6768765500925
0.816779466505636,2,12,37,4,10,156.83886240059326
0.18161396775660266,5,18,33,2,19,753.7495376770653
0.3709410081577652,2,20,25,6,19,333.7255819558484
0.90194019674915,1,20,42,6,14,201.09916811084773
0.8066935196947392,3,34,29,6,2,650.9033647525397
0.9848584027624758,4,31,25,7,6,900.0
0.7542482596820808,5,51,9,3,7,900.0
0.39319520102792227,2,55,3,6,10,900.0
0.5906378339946378,1,18,15,6,9,133.5732459544068
0.6610142542473203,1,29,4,2,19,303.1330620505237
0.07845581631712395,4,30,45,1,8,679.7004087716703
0.5444969591038651,1,19,38,2,14,150.3342403160616
0.7093208284726096,1,31,20,2,19,294.71472147625855
0.16732130400106038,4,38,23,3,4,833.0529862053902
0.7806317174255571,5,18,37,3,14,747.4492666000399
0.5837727805141116,3,14,47,7,3,268.0583931001206
0.9522217856975946,3,49,8,0,4,900.0
0.042422298206891695,2,20,37,1,14,284.65720025003986
0.26532613755546697,5,10,45,6,16,377.43232550051164
0.6015538792998241,2,51,33,7,7,696.2569523133246
0.2965599122059307,3,10,33,0,18,237.85735753570634
0.7144241640712422,4,48,7,6,8,900.0
0.759005282521931,1,55,22,6,9,485.242299326564
0.10251596406647445,3,14,5,3,4,238.3266901045196
0.5138544642067677,5,58,46,6,9,900.0
0.5088905555910559,3,31,15,6,0,530.570949097598
0.36928077021554107,5,35,21,2,3,900.0
0.9329248625696721,5,15,25,3,20,833.026150373934
0.8275063198732212,5,41,17,4,4,900.0
0.6972093819096368,2,57,7,2,6,900.0
0.7143266357349976,4,20,19,0,4,578.257883214152
0.4617161438131191,3,19,7,2,19,596.9474677540651
0.9209945210965759,4,56,40,7,7,900.0
0.6945954272532854,1,48,45,4,16,402.35041154530455
0.7289810616558164,3,43,24,3,0,798.827423721043
0.8616909037873453,4,40,11,1,17,900.0
0.274071589342191,4,21,41,6,11,556.3257466205414
0.807070903866703,1,60,1,5,2,447.36906954508476
0.19524060295649204,5,53,32,1,19,900.0
0.34534195224488784,3,25,40,1,13,525.0822381651625
0.3356104542698427,3,47,44,6,15,900.0
0.9785254683891406,1,12,2,3,17,157.9163263076245
0.8565372237479268,5,11,15,1,9,463.6477112191475
0.7011698615902597,3,14,21,4,14,369.0458579968252
0.7270567616153901,3,20,24,6,9,495.12120814635523
0.5620727944025711,3,34,17,3,0,565.4374218381788
0.9470906671085191,5,44,47,7,18,900.0
0.49625875288236154,1,44,9,1,1,265.5051359889051
0.3805177098698945,3,31,35,6,12,657.8339178628521
0.163035336931591,4,46,20,5,15,900.0
0.786205652261058,5,31,19,0,7,900.0
0.7344439320755914,2,20,18,3,2,284.55387457713044
0.3843550385241349,1,41,20,3,20,420.2340366208939
0.02519341395922936,4,44,30,2,18,900.0
0.8389973277180107,3,40,40,7,13,900.0
0.011417983454073632,2,54,1,6,10,766.4456370783982
0.703699779629051,1,17,24,1,11,151.26661095671585
0.970257109726057,5,29,24,0,10,900.0
0.43766132814820347,2,51,47,6,10,655.6532986687021
0.23497340499595276,2,43,19,5,20,835.2282429212617
0.7048710100433817,4,13,30,4,17,452.1323370118787
0.8171281420155851,1,27,26,3,9,183.26617802241884
0.5464303160778473,4,60,42,4,15,900.0
0.9670352752561462,4,13,44,4,7,381.59309726119125
0.0516687216579611,3,29,38,4,5,452.2748901555215
0.5047955983045281,5,18,29,7,18,810.5367851293709
0.7184539473225501,2,25,13,2,12,472.84589778496553
0.862640471149179,1,35,4,6,14,379.12747824225164
0.17925561190779005,5,47,45,4,12,900.0
0.8000034817636814,5,34,17,1,0,900.0
0.5527070757185453,1,13,33,1,20,115.04412135272187
0.3965536819899632,5,50,5,0,1,900.0
0.13171502857909356,3,54,28,0,12,900.0
0.8652957589089124,5,50,24,5,1,900.0
0.15727320817971535,3,47,17,4,10,900.0
0.30978785920909924,2,28,39,4,12,392.31930957236426
0.2900455319624369,2,23,48,2,9,284.30783967173636
0.8714140341908543,4,30,40,6,14,900.0
0.672702994208898,3,24,44,4,0,317.3637992354976
0.7966813971913723,2,12,46,4,13,213.12206058318333
0.250467898792499,5,46,11,7,9,900.0
0.6248740996069989,1,59,12,6,17,587.3957967183962
0.5717459831437487,1,55,13,4,10,437.8595255795427
0.8328303767882711,3,25,8,3,6,615.1674573740844
0.9060870604812605,4,23,1,3,14,900.0
0.012156771477386807,5,18,9,7,2,495.24755781446277
0.6740199190587927,3,56,28,7,1,900.0
0.05183579911972902,1,16,2,2,7,93.1202410377176
0.5488586650773559,3,23,14,7,7,494.8299623338738
0.2876327290436782,5,15,13,2,10,593.6757965068634
0.3067765995221412,2,30,48,7,15,445.96275716880916
0.3529585034523566,5,24,2,7,1,749.7398730871862
0.6212924490496101,2,17,4,1,4,232.30992599141064
0.3340499656687692,2,43,12,2,6,629.7402360522249
0.7326990505902804,2,49,48,5,19,827.7346730787656
0.4045273855738697,3,10,10,1,12,271.0145966501678
0.06835320030995862,1,41,3,7,1,180.73070464235616
0.7837598424841072,3,58,4,6,2,900.0
0.285758324592706,1,60,6,4,8,480.19829483719786
0.43276687959926263,5,14,23,7,9,532.7895555674556
0.6854438832219015,4,39,5,2,12,900.0
0.332456157148712,5,31,3,5,20,900.0
0.056585656146715624,3,29,10,2,12,674.904453418024
0.3739210470128136,3,25,43,7,4,418.56932392241293
0.9444485826943034,1,16,19,2,6,153.34062634718774
0.6417343972985582,3,16,14,1,16,464.2528786463491
0.6714791486672069,2,59,21,6,14,900.0
0.6322821536376398,3,59,43,6,4,900.0
0.1989921389594368,1,11,28,1,6,57.0475473362228
0.41833386410228013,1,56,21,7,1,289.53455907704677
0.7509397983633183,2,23,36,0,17,425.6770012919169
0.10137289755315915,1,40,24,1,9,259.85853990282226
0.27785277608971226,4,59,38,1,0,900.0
0.2763191084658536,5,50,17,3,13,900.0
0.432018927594506,3,23,22,7,18,659.4549164654566
0.9803687409421851,4,14,19,2,15,541.3207555422754
0.06750254668382194,3,20,45,1,18,433.0425432580626
0.518700994380595,4,49,10,2,5,900.0
0.17936468201221045,3,14,11,2,11,360.23132887185585
0.9706765454097441,2,38,38,3,2,503.6636277095296
0.1133035047274642,1,20,2,7,6,155.85237356936526
0.40360100236159124,1,14,33,2,2,104.43177996088038
0.7378849848346062,2,58,43,5,16,900.0
0.7045544280274453,4,41,31,1,14,900.0
0.42272863689393225,5,45,48,2,18,900.0
0.34652416795271823,4,24,35,0,18,841.2644903426769
0.39761237855287057,1,28,37,0,10,213.75443626259175
0.2642762631586393,5,31,47,3,20,900.0
0.2053329387067998,3,43,47,5,19,900.0
0.48303969755889,5,26,36,6,1,678.4063789207167
0.2685337560676073,4,21,23,6,6,539.5123088348021
0.2874616648972501,2,34,36,1,18,566.138160648239
0.6567560634745571,3,26,40,7,6,514.4239629619943
0.9685373316998922,4,19,39,3,9,622.9477605845586
0.6036372005593751,3,37,26,0,11,884.5876766909216
0.07697946706496628,5,27,25,5,17,900.0
0.07558361385406698,1,60,17,1,5,356.98507107200226
0.951423220845566,4,27,15,2,19,900.0
0.29729079030733363,2,54,37,1,20,900.0
0.09206698608247543,5,41,45,4,7,900.0
0.5990445871503816,4,23,4,1,4,689.7321147884461
0.6236487782902661,2,25,22,2,2,342.88186160344503
0.6485048201186882,4,59,17,4,1,900.0
0.2674020278575413,5,27,22,6,5,808.0727361330921
0.015110684214475034,4,25,17,5,6,598.811245068408
0.9650153694544719,3,26,14,3,7,623.1386359530117
0.2508930456911025,5,16,14,5,3,465.56670243880257
0.6760262880525475,4,21,17,1,11,690.8426100582692
0.7066298698787096,1,43,8,6,11,420.2254285683321
0.6100074170794857,4,19,34,3,16,648.5315465864268
0.3129073942136482,3,14,26,1,18,408.77077418819727
0.27109625376406576,2,30,45,0,8,379.2853665692394
0.5976682827027031,2,12,30,0,11,175.65473646388955
0.8660956336116915,2,28,22,2,20,584.8763232110952
0.9467337289233956,1,54,16,6,16,560.833414148934
0.10590580440375763,3,53,30,7,9,900.0
0.15482861259771985,5,44,16,6,18,900.0
0.9447362587830797,2,15,38,7,10,224.11186193046854
0.7365352283347926,3,23,24,5,19,718.7539451316657
0.8829938248297731,4,13,36,0,12,440.55370282685186
0.20263263413534316,1,54,35,4,3,271.9228064925066
0.5875858711094019,3,60,6,4,14,900.0
0.7011395944174736,3,27,4,6,11,750.638452850174
0.6801118854469727,5,38,18,6,9,900.0
0.4081516908666981,3,44,6,1,6,900.0
0.015394891691308477,5,47,26,6,1,900.0
0.5829260568042631,1,25,37,3,20,238.6769416879939
0.25310153917960876,1,29,27,4,6,214.24997846923827
0.45025424614289034,4,33,41,1,7,823.8203070815957
0.9575810150838173,5,44,11,7,20,900.0
0.3990353176424347,5,53,38,3,18,900.0
0.8398016066644267,2,60,16,6,5,900.0
0.18854060574925113,2,28,19,6,20,528.3049093494054
0.6724604980250288,4,13,43,0,7,342.9830656400932
0.9770069544389435,1,42,15,1,19,479.2746546044468
0.10189310087293679,2,11,26,3,3,95.74416957239065
0.008319942227192012,3,22,41,2,19,483.3670607527525
0.43358279263261434,1,54,31,6,8,381.9569049390509
0.0926254830513672,3,39,19,5,4,677.7915998338602
0.7483843496762314,5,43,24,5,5,900.0
0.9145486638485589,1,39,9,6,18,442.0828528337284
0.43402097270875883,4,60,23,2,11,900.0
0.25871164215544096,5,33,4,4,4,900.0
0.4344033190066098,5,57,10,5,4,900.0
0.723447817850001,3,53,9,3,17,900.0
0.009054161580370979,5,42,19,6,5,900.0
0.5894539894846972,2,50,15,6,8,776.039850133291
0.6132916848873791,1,58,34,6,10,434.51197208534296
0.6376882468959355,2,19,42,2,13,290.6850803868942
0.2420220799808772,3,27,19,4,1,391.6710148057381
0.7140527233781268,3,28,21,1,13,788.8750616016217
0.0913914863317764,1,16,34,6,18,123.71327756850025
0.1992703364668008,5,28,17,1,9,900.0
0.8774700466544819,4,33,18,3,4,900.0
0.7387231507265664,3,24,17,3,3,453.57825753424146
0.013745554011345251,1,50,2,7,6,313.2171348706698
0.2483762603698002,4,51,1,3,12,900.0
0.21440648299316456,5,32,43,5,9,900.0
0.2708063280369726,3,13,10,3,9,290.22620432014554
0.2475597702798864,1,47,37,7,3,272.90338847032456
0.06252629574284574,1,13,48,6,15,101.46357701939276
0.45894051659682034,1,14,5,2,14,150.84705050144308
0.7327334747861651,3,50,12,2,20,900.0
0.6067317247174364,4,53,36,4,10,900.0
0.6728716685980798,1,32,31,2,18,260.7721840943101
0.08114917853623915,5,49,38,7,20,900.0
0.9514907101767872,1,46,9,5,2,353.30778132848604
0.8384918338430248,4,20,44,7,14,661.8401203334646
0.8050903184956627,3,20,26,1,15,557.6110136125637
0.8229838050417675,1,22,15,7,13,202.38526294669717
0.9327105081327614,1,23,16,4,4,216.534817389078
0.5442539661136977,5,17,13,2,16,806.953388072686
0.2002820178676259,5,34,25,3,17,900.0
0.6167836078525412,1,27,30,2,18,253.45121822095945
0.742881493667939,1,60,7,0,0,395.81330597271426
0.7379173933540254,5,53,4,4,8,900.0
0.5214490241668801,4,53,43,6,20,900.0
0.06845871933357806,2,27,40,6,13,359.00255255032965
0.3711129384301278,2,19,38,5,19,344.6461949970412
0.9207666084633573,1,16,30,2,20,174.58389193075521
0.584448909757426,5,59,10,2,19,900.0
0.5383319432557134,3,53,30,5,20,900.0
0.2688535143821935,3,23,39,7,10,440.1609948440005
0.3684489199165789,2,24,7,1,1,279.7243970597181
0.8953460891531693,4,25,36,3,19,900.0
0.6664630475268357,2,11,35,7,4,157.16829511010855
0.7873870267523329,1,39,24,3,14,357.37378458452895
0.45434542306765513,4,39,39,1,11,900.0
0.6302472194561579,3,27,36,1,13,638.1488063274332
0.24838360874320753,5,40,45,0,10,900.0
0.7054608302834863,5,53,20,7,20,900.0
0.4276013337033373,1,57,32,5,8,387.0967809462324
0.4425455148147456,2,22,39,4,19,381.80968835950625
0.6493223245768817,1,29,26,3,7,250.86159265331466
0.9362806214689267,5,58,26,1,11,900.0
0.06400634660862092,3,59,36,1,2,832.1037399287213
0.8247432373470076,5,44,43,5,20,900.0
0.2923831104121931,4,32,35,6,14,900.0
0.4439194545063778,5,51,43,4,7,900.0
0.021913328775008956,5,42,35,1,6,900.0
0.30104607783431303,4,47,12,6,16,900.0
0.5026312426301305,2,44,33,0,11,625.6409001923224
0.05617607734743901,5,60,36,4,19,900.0
0.49109572938316515,1,45,14,6,17,455.97525874201267
0.9271106288584273,5,29,33,0,17,900.0
0.10539321810780522,1,12,46,2,14,70.84653497280362
0.7644407280755043,4,17,45,3,2,390.45683923089354
0.40967105337599263,5,49,45,1,18,900.0
0.655173714524338,4,41,24,6,14,900.0
0.26023659798522936,4,38,15,4,15,900.0
0.1594922625413583,2,16,31,0,16,237.20958010003065
0.16046261427122643,5,11,17,3,0,259.4406036430643
0.07049194564314465,1,30,12,7,10,223.54921986911518
0.18564670490124302,1,15,22,3,5,127.48653294282126
0.6642193849889683,5,37,23,7,8,900.0
0.881690611843508,2,57,26,7,19,900.0
0.8141256855911618,2,51,14,1,15,900.0
0.6851343098744841,2,45,12,6,5,701.6772936509966
0.11043186341110267,1,41,4,7,11,338.3814471405478
0.28918744629594983,4,54,46,3,18,900.0
0.309806875322469,2,51,13,1,12,815.7470872916551
0.24995694639762123,1,55,18,6,12,438.43866942516104
0.5150056597097231,1,18,43,7,3,63.70072361822655
0.5355538148796726,4,20,28,6,8,555.7634760641664
0.3568859751711102,5,32,38,2,13,900.0
0.353789158736436,5,59,41,1,13,900.0
0.8285555979060814,2,20,44,5,16,339.6787324721502
0.7892928483196856,2,58,19,7,4,831.2474994981651
0.30779583168074565,4,11,46,0,18,364.43645728816546
0.9137884438732593,2,12,47,5,1,133.02841226477193
0.952815017002506,4,20,43,6,12,644.2993550279689
0.32674254203004083,1,59,38,6,10,370.4791231261688
0.35442494879305486,2,44,46,3,1,436.26651036526
0.5056341534219588,1,24,3,3,0,134.65302818828806
0.9411208125336735,3,52,19,3,20,900.0
0.8763194331423115,4,20,20,6,2,557.9993094629955
0.1025679625835898,3,40,25,1,11,825.3352649305311
0.3927307432714162,2,37,11,4,6,512.6850973965395
0.5533711897497718,1,37,17,1,0,221.28015755882768
0.50313247255154,2,41,35,0,8,552.112626944688
0.19386306793689267,3,34,14,1,17,900.0
0.8588167711681547,2,29,39,3,19,553.9763167482188
0.6769407829968374,5,37,19,2,5,900.0
0.8379083748518036,3,34,3,0,8,874.9177551035427
0.8587642793494722,2,20,34,5,7,278.1644525477116
0.7483558536657398,1,28,41,2,17,225.81272935816418
0.43921060124971734,2,37,22,0,14,613.0384310297134
0.6105467550154245,1,10,38,0,0,61.174331665802406
0.16036540611974315,5,14,27,6,13,544.5241147069245
0.6736454174749077,2,19,21,3,17,378.7618117134943
0.17925325573928075,5,51,41,6,18,900.0
0.6939495905101568,3,55,31,7,18,900.0
0.22959816075396866,1,43,27,5,9,313.28550399683985
0.11755130015021997,3,45,37,1,19,900.0
0.16528449014295743,1,11,2,6,20,116.10098433981582
0.001992135219070268,5,27,47,7,5,664.7703556933052
0.7187396178535302,4,22,9,5,16,900.0
0.7324010490583791,2,60,19,3,13,900.0
0.5149333499132595,5,14,42,3,12,490.2986000633058
0.1613628010553837,1,29,36,7,7,160.3452929199001
0.08355433751068975,1,11,10,6,9,85.85474586837846
0.01912896643728701,1,20,40,3,8,137.01497753913108
0.1657481769652207,1,39,45,2,4,177.511662189181
0.8908555349831467,2,41,39,5,3,485.90495243979115
0.24153684170168177,3,41,7,5,5,803.5515000356277
0.35427132721721566,4,59,4,0,5,900.0
0.10534548448133318,2,47,15,4,12,686.8215628673728
0.22236130474817029,1,37,12,1,3,195.78091760522165
0.5192245707802051,2,19,48,7,7,235.5463857313531
0.6077526830956526,5,31,6,3,4,900.0
0.24535231416621106,1,26,9,5,1,157.47707453293208
0.05773215922511721,4,31,35,5,8,706.290464512912
0.39103286912739865,1,52,8,0,10,416.701330183726
0.23420337092633414,4,28,7,7,19,900.0
0.21955392322980194,4,26,4,1,19,900.0
0.9598628027134553,3,33,13,4,10,900.0
0.6163004859257241,3,45,19,4,6,900.0
0.5568784431720959,2,41,7,3,13,779.974609568072
0.4157751035233219,2,55,10,4,5,754.2870755912054
0.42894433343014426,4,45,25,4,3,900.0
0.5409050038380808,1,37,44,6,5,209.46331508386558
0.6964298070361072,5,23,35,1,2,697.8955286199565
0.7021460961818294,5,45,25,7,5,900.0
0.17169390770544957,1,15,29,1,2,98.41182414467286
0.500112752076627,1,18,12,6,0,134.46957063153894
0.41195809503410197,3,30,47,3,20,735.7476738013878
0.8705269662693842,5,21,40,5,17,900.0
0.6314189212183764,4,39,12,0,3,900.0
0.5325040664159818,2,40,6,3,5,570.3218669637401
0.11539464217891737,3,49,10,2,16,900.0
0.6056378893234114,5,13,2,4,17,703.8767344582387
0.11720390568023342,1,40,45,6,5,191.93275123176946
0.33720657556575206,5,36,25,0,1,900.0
0.14284196481433187,4,34,7,5,11,900.0
0.6920736470243689,3,14,40,5,11,356.6944033696294
0.2062521138361526,1,15,23,1,3,88.36392869679337
0.391859373188026,4,14,48,2,15,360.908213626258
0.8956747776187787,2,60,11,7,19,900.0
0.2043163833989703,3,36,36,5,9,705.990609875359
0.5078050639587791,4,17,48,2,9,444.7810605805957
0.419271661166022,4,18,23,4,6,495.50027399844305
0.018124041045729733,1,24,43,1,13,163.42494982246157
0.7927581135728128,2,45,7,0,6,711.9596970598596
0.06904590631459973,4,50,27,1,11,900.0
0.4742550209769536,3,16,13,4,10,383.3883696110111
0.5606782949389499,4,41,17,6,16,900.0
0.6284264566145871,5,17,32,5,10,632.3564411392914
0.6886316293078756,3,56,26,2,20,900.0
0.2532723835227151,3,60,22,6,2,900.0
0.009978776658449373,4,24,13,4,18,886.6831827837387
0.723443662354912,1,46,12,5,3,326.00066433797764
0.5356565993475786,3,28,7,3,7,620.6106414922616
0.8361177032072488,5,48,1,7,13,900.0
0.8213883629006943,1,15,33,2,19,190.5995773460081
0.8433261677878832,1,28,14,4,13,283.9782004203203
0.48509465997954015,1,37,47,0,15,266.24202904059405
0.33362839583686565,3,26,43,0,14,549.8862491091489
0.79155820259137,1,51,41,5,11,375.39869164001965
0.45129411302925493,4,28,17,5,15,900.0
0.1834421964034345,1,40,4,0,19,393.6307864371079
0.8549740195614743,5,20,39,7,18,900.0
0.8825598767723473,2,24,1,3,4,388.7689164040736
0.4663097561401701,5,19,41,1,11,667.0257198591017
0.07569972730978747,3,52,45,0,4,779.6332497751333
0.38782608991693124,1,32,24,7,9,211.17340690982593
0.8035376594626034,1,12,34,7,16,133.26095235382778
0.9017740285462287,4,12,34,5,14,430.898535172226
0.20347274249759584,1,27,24,5,7,196.6068111729109
0.06697361202527152,5,34,15,3,7,900.0
0.8773504531328387,3,52,17,0,7,900.0
0.3894049389788753,2,29,13,3,9,439.65980241007776
0.5417609642675633,1,38,7,7,19,408.5220130365309
0.9680658120507589,2,31,9,0,12,615.082528388711
0.06656472791422285,1,59,44,1,15,377.19394283175683
0.6483180074520956,3,24,35,4,8,543.1248315823376
0.07410542257486707,5,48,23,0,15,900.0
0.3754689284665004,3,19,47,4,9,333.8050728634333
0.8038145451934468,2,30,39,0,2,321.3601399281405
0.4334722327556344,1,38,23,1,13,267.339693310323
0.9971823539029504,2,41,26,7,12,763.9770815523414
0.5590592849466022,5,19,1,6,3,663.2518959058021
0.3211621526359535,3,22,14,5,3,393.11931895988437
0.22011132590475313,2,56,32,4,5,649.5332691435744
0.3505205342861618,2,32,48,7,18,494.38233384716176
0.3725332737595508,5,59,10,3,10,900.0
0.06871367772396098,1,32,1,0,7,222.29489003436166
0.36957419942677316,2,40,5,5,13,713.884377225236
0.4642385197392249,5,13,3,0,7,475.02091995192995
0.7227377522388047,1,58,27,3,13,488.1572554457749
0.656729484721608,1,12,22,7,6,99.00538455380425
0.7087656552291542,3,30,18,1,20,900.0
0.008363681876857099,5,11,16,2,17,493.2153968731123
0.21766739958053605,1,13,2,0,11,153.67397506137172
0.6616842883998565,3,10,47,6,13,240.42934206376822
0.48398936817974714,4,24,13,3,14,900.0
0.005313475668345946,5,42,45,2,17,900.0
0.8044946424318223,4,15,16,0,11,528.1350202021478
0.7728095732903374,1,16,8,4,9,145.03892091049744
0.5484191629935626,5,28,43,7,11,900.0
0.06646332577627212,3,53,8,5,7,900.0
0.7665150495325846,1,10,10,5,5,56.79318644883741
0.583713587731364,5,48,33,3,18,900.0
0.7819599771579592,5,28,31,4,0,818.4140755677954
0.7517469923958404,4,54,12,1,12,900.0
0.8030020719578371,1,35,9,2,15,393.0499991867215
0.5180080664046248,3,53,37,3,17,900.0
0.140324518193515,3,21,9,6,11,506.8198377879921
0.6711574733796887,1,31,48,0,4,174.9178673704697
0.6204737850519706,1,22,18,5,20,208.4507689867288
0.7422531871990872,2,37,30,0,12,593.731434778391
0.1698810060507353,4,23,32,2,7,536.3011755254396
0.19497519990028922,1,31,40,4,5,174.03897227435215
0.8904095172193285,1,39,23,4,2,277.06136985242176
0.7499777984520708,2,53,11,3,19,900.0
0.9082284887003229,2,29,20,3,3,388.900364099755
0.7587153211639207,5,53,19,4,11,900.0
0.5971553059903019,3,36,36,3,12,820.1689481284051
0.6541327370278737,4,47,26,4,1,900.0
0.88912792394001,5,51,10,2,18,900.0
0.5788067545119405,1,50,24,3,3,293.22528205578476
0.6323913243283874,2,43,13,4,12,789.7670581170411
0.15647671600360058,3,48,46,3,18,900.0
0.4739212201161027,5,50,34,0,7,900.0
0.716397111958099,3,53,29,7,7,900.0
0.2709426983163654,2,46,36,5,15,704.8688788382716
0.20225418052453492,5,10,7,0,10,382.0906308923218
0.31382680822441555,5,24,30,1,17,900.0
0.24150062799283345,3,41,17,4,3,720.1309345766747
0.21491263703639585,2,17,48,1,0,120.31410452946511
0.42485084286808694,1,42,13,4,0,200.26577576661646
0.9078385138835341,5,27,24,7,13,900.0
0.5070596467387183,1,54,31,5,3,320.6399905172357
0.18792038081532303,2,38,27,3,10,512.5113142582544
0.07697166938087407,5,41,21,4,17,900.0
0.6961561451379252,5,42,44,7,15,900.0
0.38279876443638783,1,14,1,0,16,118.8974662000882
0.8218309465853593,4,27,15,3,1,726.9483918923868
0.6595107686407702,1,57,3,5,3,450.703767345869
0.7962414505413685,1,19,6,0,2,151.07562022520125
0.27194603941844875,4,45,14,3,14,900.0
0.6923589224610581,2,42,38,4,1,449.48322129038
0.2640619846937188,2,32,33,4,18,545.9950630099561
0.9390684794502916,5,49,38,0,8,900.0
0.6363742815333744,3,14,8,2,9,316.4320179538784
0.3245118001753421,3,43,26,4,20,900.0
0.26951186229227264,5,33,15,7,18,900.0
0.1909265850716435,3,26,14,2,4,478.8765028283252
0.6946409588937278,1,40,48,3,13,308.85341651228134
0.2187156129979273,1,16,20,2,9,110.96754783447749
0.5953032659274891,4,26,48,0,15,795.9881543937388
0.26463502692535734,4,37,19,1,5,900.0
0.6619689447938686,5,47,33,1,7,900.0
0.8149397285405392,5,31,36,0,1,900.0
0.7780252431446532,5,24,24,6,17,900.0
0.7608513309307817,1,46,10,7,20,497.42061951596315
0.18772240569225207,3,24,34,1,20,608.311122743748
0.08838494698451871,5,59,36,0,20,900.0
0.6989488284873856,5,59,47,4,19,900.0
0.3683472137943513,1,34,36,2,7,222.64720929011284
0.4323462264033473,1,30,16,1,4,208.3101498277541
0.031149092793391064,1,47,15,4,16,358.6989498241241
0.2595764492750492,3,11,18,1,15,262.6665932037723
0.03367640387446402,5,36,7,3,4,900.0
0.8791857726012476,2,58,47,0,16,900.0
0.24339668321853047,2,41,22,0,3,474.4354742185926
0.557337169573008,5,30,32,7,0,802.7384719851702
0.03897932066113041,5,13,43,4,5,349.17394012733473
0.6668473913056581,5,53,19,6,0,900.0
0.32302734575409386,5,28,40,3,3,714.7869970767514
0.8979191869576658,3,11,1,2,1,224.82285393415228
0.8881181889340358,2,35,35,7,12,604.9314337129853
0.3252906183617478,4,43,5,3,13,900.0
0.9009608956904679,2,23,12,6,16,499.2281908386435
0.9961576734987788,2,24,12,3,10,463.02903555524585
0.8254156641239481,1,29,21,5,2,155.9146618505659
0.844871347755229,5,43,19,2,6,900.0
0.2490087361090899,5,45,9,7,9,900.0
0.5767023988577563,5,28,43,2,10,900.0
0.06725591396736785,1,18,48,3,9,93.07304572615345
0.09491793682166971,3,16,36,7,7,295.00291687559604
0.9988926120332906,3,39,42,1,4,809.3687573732706
0.32663924942591094,4,22,47,5,1,402.54556907432095
0.7481839120488464,3,36,32,1,14,900.0
0.8066650530268165,3,53,35,3,15,900.0
0.8580232710072292,5,44,31,1,3,900.0
0.9976282974021565,2,22,32,2,15,419.63127233463797
0.24149648525686784,3,24,37,7,11,506.32704548722785
0.04035082685969971,3,55,32,2,13,900.0
0.411191517994586,1,18,43,1,11,77.99047935177774
0.13008066982894695,4,54,37,7,20,900.0
0.022425889162055124,1,32,39,2,15,254.52622787983842
0.3604268271414861,5,45,38,0,15,900.0
0.7837382510752364,2,49,30,2,11,831.5733271536839
0.5661806912250709,4,12,32,3,1,262.6219776752634
0.31277798921035405,1,43,45,4,13,304.48803557492687
0.6543420054927197,3,28,2,1,10,736.9998890939534
0.23201818030881072,3,37,11,5,8,773.1238964074013
0.014381446072085025,4,32,20,6,6,767.4516879140209
0.7643533864364274,3,49,37,1,11,900.0
0.6237430848640091,1,58,9,6,16,585.4114018005536
0.76230262450096,1,54,38,6,8,364.98730713641214
0.03893801668766561,3,16,19,2,5,276.6047597444247
0.8371196278306522,3,50,40,2,11,900.0
0.6195262000363033,5,21,7,7,19,900.0
0.5633953507126401,2,23,5,7,9,381.99904505213647
0.6246140481145316,4,55,47,4,8,900.0
0.8644332468683641,1,24,42,4,11,204.72140789265603
0.5869365065589071,4,12,24,5,0,267.66123316352054
0.5809503798881793,5,24,48,3,1,630.1174994457256
0.9906791570657658,1,60,41,0,18,576.9099339804449
0.756730167068568,5,33,7,3,0,900.0
0.4422938054511353,5,55,11,7,15,900.0
0.7073970000329277,3,17,9,5,15,538.4699445575959
0.3892304716917885,4,14,30,1,17,483.635346351978
0.228875462483499,4,60,41,2,17,900.0
0.5968518768877594,3,13,3,3,12,332.86727875467506
0.9281820981139515,4,23,22,6,11,809.1255817466329
0.9291395200154627,3,25,40,2,8,551.1682027668998
0.3419052781054903,1,29,20,2,4,195.3093021147284
0.527677466221695,5,33,32,3,8,900.0
0.2116358985698612,5,15,48,3,12,517.233153260798
0.9956311094988834,4,40,7,6,15,900.0
0.9811179078679357,2,15,7,7,9,327.5256304330786
0.6495089297074473,5,44,20,6,15,900.0
0.8044140596774734,3,24,25,4,13,649.2685393869618
0.7151001612837,2,38,45,7,1,381.569628053633
0.5931582190394682,2,12,35,5,18,216.35285060280523
0.053347996988897695,5,20,44,5,10,587.6660402531049
0.45476434255266107,5,12,24,6,18,536.1431487559327
0.6747863021674105,5,37,40,0,10,900.0
0.6775316138836847,3,19,13,7,13,513.4835058077146
0.3731226184223836,2,59,48,6,14,831.6359741093067
0.9416919866580306,4,42,39,4,6,900.0
0.167357032236781,3,57,4,0,14,900.0
0.5003594462155606,1,25,12,3,7,229.58424980736476
0.6908839765508228,5,19,17,5,3,639.2421814942096
0.6971358058918092,2,42,1,5,17,900.0
0.6486389567688156,3,45,17,0,13,900.0
0.27528821345186016,1,12,2,1,20,134.0310644446977
0.15620656868662197,3,14,6,4,17,401.3364070929511
0.6359403268267109,3,21,44,4,3,378.3074988827839
0.5993021161394377,4,53,11,4,1,900.0
0.17935601028924097,4,22,43,5,20,726.2726988746784
0.7051391455705633,3,33,18,2,5,723.0470054304931
0.4551719917336564,1,53,40,5,10,363.4798740769681
0.6677605916031529,2,41,25,2,0,460.293598485602
0.8373670797701507,2,25,39,5,14,425.1676948534675
0.16972842857692316,5,41,28,7,11,900.0
0.01914486799683668,5,54,46,3,17,900.0
0.7791025863957868,2,46,16,5,4,676.3038027411533
0.6096974251526159,3,45,12,7,10,900.0
0.6996395696221217,3,30,41,7,20,839.5064299522389
0.8381549749886426,4,56,29,3,18,900.0
0.8028109348245005,4,21,23,7,0,527.1668920572648
0.9609201469288247,5,60,21,2,16,900.0
0.5359350788521182,2,30,16,4,7,450.1702596455417
0.48849563265990537,3,60,48,2,15,900.0
0.4018871998907301,2,30,41,0,10,391.4878703941211
0.15369104284420454,1,52,45,4,18,410.2682801847633
0.5726072328820224,2,15,26,5,10,233.77682554325946
0.2770125243259788,1,18,37,5,14,175.27830632127038
0.9213075122129755,4,10,22,5,7,317.9703620176847
0.5831908042770976,4,21,10,5,13,788.5998571163022
0.5928401805081102,5,23,7,5,0,719.6581666148383
0.35492466087701,2,15,9,2,9,205.36788866904595
0.05198935197770749,2,10,25,6,6,105.6107522386418
0.03174376537298862,1,31,46,3,17,240.30123130720096
0.4233351441531975,4,43,15,6,11,900.0
0.08456537809723785,1,20,13,2,1,57.72330512925362
0.6068469555401391,4,12,42,1,17,407.6610310467152
0.8809730056396574,1,51,46,7,20,457.3427988696532
0.8829148165187222,4,15,26,6,6,457.15673820762765
0.6590454101322324,1,15,21,2,19,184.03590320552343
0.211231831472931,4,29,23,7,11,865.2167957635859
0.8629968313588721,1,30,44,4,19,309.36843120929365
0.8860934353132082,2,11,28,5,13,186.77197906142493
0.1966535849529587,5,35,38,2,9,900.0
0.7374260857706773,1,40,12,6,8,311.62932812628804
0.28651954892712295,5,35,24,3,14,900.0
0.8026403123529297,2,41,13,6,19,882.8408852245243
0.9972378999036027,2,19,40,5,9,270.0556210084346
0.030026005329392813,4,32,48,6,18,900.0
0.8973658657909319,5,15,2,0,18,830.1093329369133
0.622630533598658,3,32,39,1,11,746.6149971873517
0.9733826191648212,4,37,12,4,11,900.0
0.4650095175264276,5,58,39,3,8,900.0
0.8473879305713737,1,39,14,1,19,408.17925524267787
0.06239406859827723,1,23,30,2,3,83.81850787387665
0.3352790500782957,2,46,41,1,0,416.037700681545
0.06701653775120997,3,41,43,5,15,873.5356136332188
0.9753431334790705,1,58,48,5,0,327.94408605820706
0.8169739072718367,5,43,19,0,12,900.0
0.8525474212459705,5,50,31,7,2,900.0
0.9379652314338942,1,53,43,1,11,453.68652519814873
0.08510348611978535,5,60,43,6,8,900.0
0.38559759251333336,5,31,25,1,3,900.0
0.07103488904400213,2,40,4,5,1,395.3458645800345
0.21079310155002862,3,16,13,7,8,329.5232516717325
0.22936577703767236,2,50,36,2,19,856.7287838527427
0.4691072110475787,3,30,42,2,12,659.2809375688627
0.2685621674536426,5,25,37,4,13,898.7148200391555
0.10097810681776109,3,29,3,6,2,487.4709269898412
0.1674910890941077,5,52,16,6,17,900.0
0.14727556355209093,5,53,26,2,8,900.0
0.9730767979122983,2,56,40,1,14,900.0
0.7592925069184736,2,59,39,0,9,829.6397463730821
0.967761465269562,4,28,19,2,16,900.0
0.43974048650790853,1,57,46,6,12,406.37003559459407
0.2783684816626566,4,41,15,6,0,852.6615529577412
0.7982931972091867,4,24,32,5,10,756.1492476780744
0.3262539180411468,3,14,21,5,4,247.19182313160775
0.2993833737053483,5,20,1,4,8,761.3906147384621
0.2325059922078312,5,24,6,7,6,824.3769192894864
0.12967897822423535,5,38,27,4,6,900.0
0.25646306101676597,1,59,23,1,1,265.59651050280013
0.3553197484738877,3,54,47,2,18,900.0
0.6739942081457304,3,13,31,2,19,371.03997013666714
0.06256484221945158,5,58,12,4,17,900.0
0.21050693966534295,4,45,21,2,9,900.0
0.8090236402916764,1,57,2,1,4,435.36671987906163
0.14692192358377076,4,32,5,0,15,900.0
0.34264514652252154,2,24,9,7,4,322.5716427852016
0.8646589218581401,3,55,20,5,14,900.0
0.15492531114344266,3,53,46,1,15,900.0
0.0827368356181899,4,12,18,2,3,272.02126566098326
0.48453799508001083,1,41,22,1,13,326.2819996725231
0.3024195112785364,3,19,8,5,16,561.2515166704284
0.5634083644838541,4,49,34,3,16,900.0
0.8038048904834751,1,47,9,6,20,521.0594922465389
0.13714848815274316,4,31,7,5,15,900.0
0.580699084554285,1,23,30,6,8,197.38401549407962
0.5055087603898639,5,26,18,5,1,778.9071410601803
0.14407878601319957,1,30,27,3,10,229.1806992270715
0.6239984855289824,2,60,16,2,14,900.0
0.27364041786077165,5,57,21,2,2,900.0
0.4878343185440125,4,24,5,7,15,900.0
0.08227232427706188,5,24,29,0,20,900.0
0.45958405721362305,5,10,47,5,18,415.8207761067804
0.3064634680428203,4,33,37,1,5,753.3719919198202
0.8223812111853543,4,21,43,0,13,704.4335467247469
0.05697872699736828,2,19,22,2,4,231.18258162732428
0.41860727491832994,4,55,14,2,4,900.0
0.458431424131438,3,51,19,7,5,900.0
0.7250060762991187,3,51,35,7,17,900.0
0.574287575090211,2,40,24,7,17,753.5100306434081
0.667212337194181,1,20,42,4,18,175.2309724970121
0.7770492856517561,1,25,6,0,1,203.27267638768654
0.8622029736581888,3,18,3,2,16,624.6192368157612
0.3138754967224705,4,56,34,3,0,900.0
0.538022705363903,2,23,45,6,8,302.25400167577277
0.8401080784391999,1,28,2,4,12,281.6125943312921
0.9894511309650564,1,40,15,1,3,272.04026077552385
0.8895193110437631,5,18,37,6,4,596.4868921104098
0.3714672626243768,3,45,15,4,17,900.0
0.19516651721865041,4,48,32,7,9,900.0
0.4893925374065887,2,35,21,5,3,479.179475417333
0.7416414518360422,1,17,17,5,12,176.72310815006173
0.4925690707532976,5,33,34,1,12,900.0
0.4831808633136685,3,17,32,3,16,448.5255361804223
0.8382304210818006,3,28,47,1,7,550.0725832200909
0.36140377906718635,2,56,23,0,3,654.1912814083548
0.8597946748116456,1,57,35,6,2,388.5450936639793
0.40680480095172356,2,39,37,1,10,529.1358662077821
0.3282331056783394,2,31,43,1,11,438.35289827238796
0.453989911199699,5,18,41,4,8,554.5166415771048
0.7624469586748684,3,53,37,3,14,900.0
0.12600202786399428,4,57,33,1,12,900.0
0.19641921587201738,3,13,25,0,4,221.27027142927497
0.951444825663092,3,46,46,4,4,879.5413201975136
0.17549162738135737,5,17,37,3,18,715.760272757088
0.5677273179310546,4,10,40,3,10,310.33461653375446
0.5793144666619379,1,37,21,2,8,298.1800877139199
0.4896244620502448,4,15,46,5,2,299.2536669785612
0.6447452485768186,1,56,48,6,17,456.54254292982006
0.22982672579761843,4,45,38,0,12,900.0
0.5526622677767482,2,20,40,5,11,306.10096826508465
0.37217325524689715,4,14,34,4,8,358.4368607793187
0.661667259629189,5,59,19,4,9,900.0
0.14122354337314946,1,33,27,0,12,243.7858911299145
0.5708774168394762,3,56,9,3,19,900.0
0.1852703553833237,5,27,5,7,19,900.0
0.2786430631150364,1,29,5,1,12,215.76054862723834
0.21870980032358323,1,37,25,0,8,240.0542182939823
0.1828377798688171,3,22,26,4,9,423.9656959005004
0.825710951560667,2,14,19,5,18,304.40053719360174
0.28570756766089034,5,39,30,6,5,900.0
0.9271237818644493,3,10,36,0,6,218.94923229686856
0.9699265253451909,3,31,48,3,14,766.8034764159382
0.5712604699370973,2,27,48,6,18,449.8747200762659
0.1430011226657264,5,55,16,6,13,900.0
0.37454824337958126,3,14,7,6,15,379.78660772609794
0.797732263348214,2,40,18,2,13,721.4130499139876
0.36739072869707046,5,15,21,6,19,675.1187258083701
0.08701721830278875,4,36,31,2,1,690.634280442486
0.5567849109281879,1,34,1,1,8,293.8274087144509
0.8451208514960348,2,38,3,1,2,577.1445875843665
0.7959263871435024,1,37,31,6,5,282.921823994163
0.17512314013035324,4,25,25,3,4,538.1988267096664
0.6727646144124667,3,21,8,5,13,565.9693921820644
0.2205042634356471,3,29,1,1,14,791.2070172411487
0.21820753455217223,5,27,7,2,17,900.0
0.8740717733051852,2,43,7,3,16,893.6319049730383
0.24966895274023015,2,32,8,6,8,475.6195723837088
0.2632473465180112,5,54,19,3,18,900.0
0.0006533907612995549,1,36,17,3,8,214.4920455344414
0.8706690341255177,3,58,11,0,15,900.0
0.7925948132091347,3,26,47,5,5,442.34225984210326
0.627328935090678,2,57,41,6,7,742.0620690003316
0.7502657639388423,2,30,11,5,2,404.1142806486468
0.1520485674244918,5,59,38,1,4,900.0
0.45832359458757543,4,49,41,7,6,900.0
0.3512193873487809,1,40,2,5,0,245.54809682110695
0.09377652625701649,4,12,4,4,20,430.4373325930915
0.4861304852149241,4,26,28,2,3,606.196812042636
0.9207396503426354,2,59,33,1,15,900.0
0.04005911905069448,2,35,11,6,13,546.1849842015455
0.2914609134937939,2,32,3,5,0,378.04345062610923
0.20754093620570346,4,15,40,2,3,264.8128541569
0.23814665366569632,1,37,5,6,9,297.6438181212645
0.9084345518793753,2,17,21,6,10,284.5513741785227
0.4680690542342901,3,54,22,1,6,900.0
0.4662994129398188,1,17,37,4,3,115.638636854252
0.7605756424552823,3,28,11,2,0,571.0742588443808
0.1544922040049258,1,47,44,7,0,218.1532044187971
0.4872653541000508,2,38,22,7,16,731.929409879284
0.4299852141210597,5,32,41,7,9,900.0
0.5969106905466561,2,56,13,4,4,768.6824871104686
0.9995577032504386,4,41,3,2,6,900.0
0.7694488940820471,4,19,13,0,7,609.143637863977
0.3978657030174272,1,36,28,6,1,233.9166026125302
0.827553052274047,4,58,11,0,8,900.0
0.17070836331248018,2,10,11,2,3,112.96336743224556
0.030463686308960125,3,48,21,7,11,900.0
0.20444837246427305,2,38,21,2,10,520.2724764112876
0.34041155611425966,1,54,7,4,4,362.0123502256946
0.5105807574595599,4,12,17,6,11,377.68331731699806
0.6151291405411998,3,60,48,5,20,900.0
0.9106057172144217,5,56,14,6,3,900.0
0.5098540095504577,3,46,33,3,12,900.0
0.5012756446257294,3,40,11,2,0,718.2558979756341
0.05024300982298213,2,20,13,1,17,346.9883806071188
0.03491155265622381,5,31,1,1,3,874.9271624240871
0.5511599619163721,1,27,34,1,3,136.5092994520198
0.4381786132483445,1,44,9,0,7,310.2800637269626
0.8391803949802986,3,15,13,5,19,493.8290719624917
0.16067958471184518,3,12,37,4,5,216.6844222107121
0.024971662117049598,4,14,30,5,3,297.879712013502
0.44903876793012587,5,18,41,0,3,458.76295762124374
0.23747855675225749,3,37,45,5,10,682.3955653771935
0.04961437333883745,4,28,37,5,8,635.8787796044858
0.724598286847629,5,37,47,6,13,900.0
0.11159299995724747,1,36,7,1,3,220.76927098528512
0.6083195000077717,4,22,14,2,12,774.2589732152196
0.28104975016688916,5,47,48,1,5,900.0
0.17349605035502202,4,52,6,5,12,900.0
0.37975152291931746,3,30,34,2,2,483.5347771708697
0.8014457762229537,2,36,16,6,6,554.6648112432008
0.3920935769045727,1,55,37,4,0,279.5055388819675
0.7507696492110557,3,15,36,3,10,367.18593707123114
0.1254862967991507,3,47,46,2,1,609.981969429694
0.7727714196650791,5,58,6,0,4,900.0
0.23693332490664865,4,20,8,1,13,676.1798453872187
0.6773931298888728,1,56,24,6,12,476.05767867511594
0.5657815548409963,3,50,3,6,15,900.0
0.9291447172116873,5,26,4,1,14,900.0
0.38732251797531403,1,48,32,5,2,249.4408775245196
0.06616518883444045,4,16,1,5,5,436.0910908988123
0.019155485551252904,3,39,34,5,8,724.5795949219519
0.8268585609727531,3,30,45,7,2,559.6524198503874
0.5247356376614322,3,10,9,6,12,240.31904291212913
0.7752440518349493,1,34,12,5,12,289.224849049913
0.2344256000115147,1,41,10,1,6,252.18800416221802
0.34508374551323373,1,17,10,7,4,113.52050506268642
0.03010387221131894,1,14,44,2,7,20.0
0.9614923245741122,5,39,48,4,7,900.0
0.6678679067008134,2,60,23,2,6,895.7609150122881
0.9332050877593062,5,17,6,0,18,900.0
0.2654964074290723,3,58,24,7,6,900.0
0.6114636112256608,5,28,24,1,3,888.0636834340908
0.6784999682926378,4,53,21,7,9,900.0
0.31754970025758844,1,39,42,2,12,289.6446407672247
0.8481092350156301,4,24,31,1,3,627.7738075063745
0.9471614629002478,4,45,47,6,18,900.0
0.8848551176960043,3,53,41,0,9,900.0
0.7390669759393725,1,36,30,6,6,228.81163483185773
0.27746467972495403,4,22,34,3,4,484.5101755573402
0.28161604210563174,3,23,18,3,2,383.63312740535633
0.9633603204460379,1,46,12,3,1,305.93636832044353
0.010284495935692028,2,57,35,1,10,720.7147608596341
0.7160499732421445,3,39,7,2,9,900.0
0.7062461625552622,5,48,41,1,12,900.0
0.6226895409497974,1,56,40,6,6,345.5798214770899
0.9901088460868658,4,22,25,4,9,709.1744393094286
0.31187943576372523,4,25,6,6,3,642.7273857656165
0.3399718637932482,5,53,1,2,19,900.0
0.07893940294655555,5,16,46,6,15,533.3433053888555
0.44279813654373745,4,57,16,6,19,900.0
0.2610485262348481,1,36,48,0,5,183.34926863272057
0.3433867021776442,3,54,4,5,8,900.0
0.8345717902556277,5,44,29,3,12,900.0
0.9354845135274957,5,24,38,2,6,837.3266759038429
0.18573307200518563,5,37,47,7,17,900.0
0.37250893155346587,2,44,28,7,13,698.2949354453415
0.9286305621153941,1,16,22,7,4,76.11322065754389
0.06180846068922263,1,59,8,7,12,475.11900442865965
0.09236052811137851,1,55,32,2,7,365.0869963668962
0.16279098920622936,1,59,33,3,14,386.79152665953177
0.5952128341268748,1,60,13,6,18,591.7144795058517
0.15047227100599747,4,55,27,0,8,900.0
0.9680763814507335,5,29,18,1,5,900.0
0.44671452725852034,4,41,18,1,13,900.0
0.5015179603501664,2,47,13,6,9,749.5085488338658
0.2466586158054065,3,49,22,6,8,900.0
0.4709602524347335,5,41,14,5,16,900.0
0.6619136326370115,2,35,11,7,12,672.7069134673892
0.7511771369540428,4,48,39,2,16,900.0
0.753868082709913,3,29,22,3,18,873.4561527383813
0.5778911126940883,2,27,36,6,12,419.54707529993243
0.9043597749938572,3,59,17,6,8,900.0
0.8174078473061094,2,24,32,4,0,279.3815876310949
0.7570481146986254,4,31,14,0,0,796.0936049079761
0.05560552168046062,3,60,42,1,4,871.2696164866966
0.006877962219649314,2,31,29,0,7,385.5740724692312
0.21244727719547296,4,30,6,0,17,900.0
0.6635235939134523,5,11,4,5,3,380.6930760086905
0.4111974888825458,4,49,11,7,0,900.0
0.40240625929931173,4,52,45,0,14,900.0
0.8845868882296137,5,27,40,3,19,900.0
0.8955628481318387,4,32,10,5,3,900.0
0.9091752640535857,5,22,28,6,8,900.0
0.3138780765150273,5,50,11,3,19,900.0
0.6910558127392618,5,18,35,5,9,665.0976274573503
0.27163318127436964,2,58,15,3,14,900.0
0.19060983307444979,3,16,8,5,2,254.80696092563315
0.18463245734736922,2,50,20,5,1,496.89960869446725
0.34210762086359403,5,10,21,2,4,302.869656625823
0.4299576197798217,3,11,1,3,0,204.89460671586195
0.8309491710550684,3,13,29,2,10,338.32050050812035
0.1198910934727121,5,23,24,6,11,816.4836589920249
0.7349258473948942,3,41,30,7,2,794.1717268779255
0.5314549141893053,3,45,40,7,15,900.0
0.2879453426759925,2,11,35,5,13,178.70836417356725
0.4928195845328246,3,49,33,7,11,900.0
0.29994206977702265,5,59,20,1,19,900.0
0.596081955238306,1,60,16,5,15,542.275331129125
0.4338439228552442,1,23,9,1,20,253.83292193959193
0.16440552907887873,1,29,31,1,7,148.65644748785388
0.11658307455569672,5,34,17,1,16,900.0
0.5466956820721302,1,51,31,1,16,462.1784641538409
0.9024130332861034,2,58,48,7,6,800.1992910299613
0.34395768655768555,5,17,23,3,14,699.0137294224934
0.7330001072226232,5,37,6,4,8,900.0
0.658661354939767,5,55,30,3,3,900.0
0.931554914309481,3,30,7,6,7,767.0304918989682
0.8209810172991409,3,32,48,4,9,675.2413645894948
0.566605258905463,3,41,40,3,14,900.0
0.6570304982341073,4,17,42,6,17,584.5895160594247
0.8983864665840349,2,40,46,7,13,648.3215853302991
0.3995187845869348,5,46,11,1,4,900.0
0.32679470585777737,5,25,34,0,8,796.4725169794926
0.010811083635196339,3,49,12,5,12,900.0
0.8265510741914642,5,51,45,4,18,900.0
0.8009807004033649,5,36,47,0,10,900.0
0.10445451810015138,1,49,27,1,11,357.4451609080274
0.5768573811327002,5,50,12,4,2,900.0
0.4639816981668874,4,27,13,0,1,642.0272424930157
0.11870909550911146,3,44,8,3,14,900.0
0.9805682270607236,2,58,16,6,4,900.0
0.21469588746335544,2,24,29,1,6,301.56625850123135
0.06723418009056115,1,36,35,3,3,180.11555072045007
0.5948473795019096,2,26,29,3,4,367.7635112801027
0.7388666771330327,2,49,31,1,15,877.0228634061247
0.03244344604718696,3,11,13,4,14,259.6323066409671
0.6587176387270222,3,58,12,5,15,900.0
0.5322918759514544,4,59,2,2,3,900.0
0.10326500887504841,1,40,33,2,5,230.5994275239124
0.17252387694636206,2,46,8,5,17,852.9435646866012
0.5679742973160805,4,50,41,7,2,900.0
0.2963576135132884,1,50,40,1,4,306.4733213931537
0.9383157286513161,2,43,41,2,1,511.50908052163385
0.8187402294840508,2,43,32,5,15,733.2043111089886
0.983567206513663,3,60,38,0,5,900.0
0.259670838950414,5,12,28,5,14,475.4347260224569
0.969723632797977,1,26,15,7,17,266.118055902552
0.43123386979155787,2,23,23,4,5,306.27165381046575
0.3475187953137546,1,23,24,6,12,195.22637744496348
0.05034952696935324,4,55,13,5,12,900.0
0.05276525785960262,4,47,21,3,0,857.4690684905742
0.6920112559466547,5,44,12,3,15,900.0
0.4579289944340279,2,10,13,6,3,114.50073666520353
0.2265216260361057,3,57,39,1,16,900.0
0.6139703063252326,2,38,23,3,17,672.9058836877102
0.2528581182501112,1,13,46,0,15,64.27836438758314
0.5776317543444226,4,42,43,5,0,852.9955393540122
0.35920874698269034,1,26,28,6,5,184.3895251480444
0.823552226611819,5,37,14,0,10,900.0
0.8206961607667793,4,59,17,1,5,900.0
0.4773503981224013,3,35,24,3,16,900.0
0.3508191093350156,4,17,34,6,3,393.0923374270206
0.36255979655909454,2,43,48,2,13,574.1062046513042
0.8057145256682179,2,27,22,5,13,501.90315322638617
0.328179482797612,4,40,10,2,19,900.0
0.20905937370684602,5,36,8,4,7,900.0
0.08468834187530683,2,25,21,1,1,245.7906292934694
0.4666931208844084,2,19,37,4,4,216.91813340162295
0.4821320989198419,3,49,7,2,3,900.0
0.8409087104029072,4,21,26,2,9,684.3370760766704
0.22123869644606398,2,31,13,2,19,594.614392040912
0.3809912736683999,5,25,16,4,20,900.0
0.8084057388936909,1,21,30,6,2,135.8020738930377
0.8236236107489735,4,20,31,1,15,735.1332611794979
0.3846110759787682,3,29,5,7,9,676.7599946981351
0.4591240232866809,2,60,32,5,14,900.0
0.3032858908492829,5,10,16,7,3,278.2741585550441
0.9325548784193121,4,36,47,6,0,806.8287050610628
0.11864376574158031,5,12,9,5,14,492.1990753454008
0.93374942300147,5,21,22,0,9,900.0
0.6838664518353432,3,39,44,7,19,900.0
0.5315721526867312,4,18,40,0,17,590.891418715602
0.032659060784495875,2,46,45,7,15,629.6503306768669
0.4755961918220083,3,10,37,2,20,286.34114881008753
0.4077481050027323,2,51,14,1,8,757.2112966981174
0.16121881197512256,1,58,16,7,18,513.8622390213703
0.6564096035006569,5,13,43,1,16,521.1101794856567
0.9711509073682858,1,24,20,3,9,226.12750022945468
0.5621888110645251,5,60,44,3,18,900.0
0.7147532764439458,3,36,15,6,7,848.6756788143946
0.06845045256601678,2,17,44,7,18,271.80101669566045
0.41766699581699473,2,32,26,4,4,332.91503522001886
0.11635848516449587,3,24,9,7,1,407.5431166139616
0.6127958355365104,4,36,1,7,14,900.0
0.9384821582141546,1,40,35,3,16,377.2603092686575
0.6617777324716385,1,48,44,6,9,326.972041286026
0.07680304831442153,2,56,20,5,20,900.0
0.35466620498508283,2,17,45,5,20,265.6490037742817
0.5506633794408515,2,39,6,6,1,530.8621847533738
0.4032077561332522,3,51,42,4,8,900.0
0.8336440104751723,4,27,10,0,1,764.9329730052448
0.8146710047099892,1,13,48,2,17,104.92828254975842
0.6118310201032214,5,56,33,1,11,900.0
0.37345794513270525,3,52,16,0,14,900.0
0.25533637376324414,1,31,36,6,20,276.65479357644085
0.10587431821312931,4,12,6,5,19,493.51623980618456
0.35489768348655404,3,24,19,0,5,461.1873062356457
0.4131725172077195,1,44,31,4,17,373.9347578964793
0.6758229251040736,3,56,2,2,12,900.0
0.6581598242975735,1,47,18,5,3,354.53912250296696
0.07010813964125695,1,42,42,4,11,263.1474137105569
0.3952593154311578,4,23,28,6,8,616.9671426551408
0.18177886721736192,5,57,4,0,1,900.0
0.1568127053168057,4,10,1,1,15,358.77245285560866
0.8273021497372459,1,58,47,3,0,325.60374746762005
0.04191521671625753,3,35,42,4,3,480.4691485789589
0.41918287590212133,4,17,16,5,14,628.6004821553281
0.1682036557665182,5,59,45,0,19,900.0
0.879330215678474,1,25,47,3,0,147.27856918756626
0.5570405132750351,4,47,2,3,19,900.0
0.23138063637684803,4,19,36,0,14,560.1389719190976
0.5024272871663764,4,51,1,2,2,900.0
0.7314863597031158,4,46,39,0,12,900.0
0.9581180089194338,3,35,23,5,17,900.0
0.22044600424541894,5,37,26,6,12,900.0
0.8861817721293451,5,21,11,1,9,900.0
0.9343041141674903,1,29,42,5,19,279.68836875897483
0.9164205445320662,2,58,1,6,6,900.0
0.6354143568619098,3,23,11,3,7,562.3004645921042
0.6298206544347077,1,55,24,1,0,264.402786559529
0.4032106331838228,1,44,10,4,17,423.3410677322555
0.7523978823037879,4,38,14,3,11,900.0
0.5312940183509319,2,21,14,7,17,426.57091217449164
0.6774380712282945,2,27,7,2,11,490.7703283750511
0.42845790384879545,3,53,23,0,19,900.0
0.7314964640431391,2,11,43,4,8,130.89914441445148
0.8244715176045491,1,11,22,7,1,76.77753070258694
0.14643625660281612,2,26,36,5,13,385.39421802287006
0.832929715574228,2,19,27,1,3,227.96084199094923
0.5402965317903072,5,27,2,4,14,900.0
0.8446659090902243,1,31,39,7,16,301.1093130606967
0.4313017063410146,2,28,46,7,18,456.1613899928742
0.37904048538303503,2,10,19,7,5,113.70841981880695
0.9150607325172224,4,33,7,2,8,900.0
0.2511692675484013,2,45,12,0,16,816.1983472787136
0.8442123252861431,2,34,3,4,14,719.5066050054056
0.4840205725094041,5,45,47,5,4,900.0
0.5140954425512597,1,40,5,1,17,401.3523362598909
0.308468281489484,3,40,8,4,3,762.4930618204227
0.5730422006190157,1,11,14,0,20,91.10697102882907
0.3252111962762113,4,28,36,5,1,548.5564763785128
0.03926941424165231,1,21,7,4,18,202.0413236564049
0.27199860534435605,2,19,7,1,4,258.78072196511994
0.006379043406590679,4,40,46,0,3,695.3000958359377
0.9783547870568566,1,54,32,2,4,374.2895989320092
0.9657472098197475,4,31,8,2,18,900.0
0.39515529747230504,3,32,12,3,12,834.305207502313
0.728370854339646,1,32,10,4,15,325.5253292708604
0.345806098410425,2,24,14,1,11,339.81905751818914
0.671093157085976,4,35,9,4,8,900.0
0.8054300430459791,5,12,38,0,15,522.7111189969415
0.9467562446922407,4,32,30,3,13,900.0
0.400212275849672,5,29,5,1,0,837.8778277285361
0.7832979829560477,2,54,1,4,19,900.0
0.2659284506321188,3,49,1,1,20,900.0
0.9903323037936483,5,48,20,0,3,900.0
0.025769598764351143,3,17,11,3,8,321.94867124413946
0.603528806501121,4,27,26,1,18,900.0
0.6595059816513271,2,50,44,0,13,812.714580886493
0.6880455570741288,5,15,3,2,11,704.096476487128
0.12038757878908901,4,36,6,1,3,841.7488550466151
0.9385297834731304,1,45,43,3,6,293.6640561912968
0.1811832790500828,4,24,45,6,16,713.4187760197304
0.6227534032398411,3,46,11,5,0,875.7035426321179
0.22267607912308496,2,14,8,5,13,254.2155854332674
0.3072164170212709,2,48,29,1,14,755.5447915005864
0.5464585417281244,4,18,10,1,11,630.76945630278
0.4171934185645765,1,16,34,0,11,150.20401022931617
0.1602256009765063,3,50,24,4,5,899.2920941656764
0.1709364024208483,4,29,46,5,12,737.0468438167092
0.41814478816279965,4,19,48,7,15,514.8600061182789
0.7572829782755007,2,35,17,4,13,655.6078870380492
0.8979646468477885,3,13,32,5,6,302.45466711180256
0.08412766225938284,1,47,11,1,15,376.188085460661
0.39310390755940106,2,33,34,7,8,437.1197896978044
0.10024556372287663,4,23,24,3,13,682.9357207800487
0.016592480632597884,2,50,5,3,6,639.8801435988397
0.6617186826439566,2,10,29,6,11,149.91954794063489
0.6024494419665878,5,26,48,5,2,718.0152321183072
0.1630191138148862,2,54,48,7,13,713.5708997674699
0.2338128330930641,2,33,34,5,18,534.8503297688001
0.02370775364451838,3,36,16,0,10,769.4382490771728
0.8349472056944037,2,16,25,1,4,201.16255247877416
0.9746905960485515,1,18,37,1,12,178.79666516078328
0.1354595367946908,4,52,8,6,9,900.0
0.23147521376529812,3,44,29,4,6,826.6962374702946
0.868409523946934,2,21,46,0,16,358.10598256227735
0.9264637979561848,1,30,25,2,15,280.5644071452071
0.41962738280681033,4,12,42,3,7,297.4211111087475
0.050622472269074126,3,24,23,3,16,579.8554241053529
0.0393918336928194,1,30,34,1,12,188.59741593610775
0.5739498660690104,2,19,3,6,10,323.35989243489485
0.392895108893179,5,42,30,7,19,900.0
0.028652427577654516,5,55,34,0,17,900.0
0.5832523923125568,3,15,32,2,4,295.4766168655233
0.011302536589022472,1,11,29,3,5,58.001058140129274
0.787371958149273,4,38,9,0,19,900.0
0.3064328227033716,1,49,2,2,13,415.16305735451795
0.0402580030092321,5,42,39,5,11,900.0
0.5883522209831533,3,13,7,1,3,310.47612060620065
0.3976844144330547,2,13,46,4,6,137.488955685143
0.9738004133571495,1,38,5,3,10,380.28383117139253
0.5441986625037022,5,46,8,3,19,900.0
0.2752391810370083,4,29,32,2,1,523.1044952784532
0.7094388646339748,3,50,18,4,3,900.0
0.27149200254271133,2,32,38,7,6,385.8270431050577
0.9042432914075651,1,54,46,5,0,286.5426870557202
0.37472197050737643,4,27,18,0,14,900.0
0.5498685627762052,2,58,41,1,19,900.0
0.05057310382422886,5,34,45,0,7,900.0
0.4261212379522308,5,10,16,2,4,306.8507881996772
0.832363539660995,4,24,21,7,13,877.1700083852886
0.8056488053633419,5,43,10,7,17,900.0
0.22431855885352625,3,57,42,3,2,820.3605732929908
0.22607907101056268,4,29,4,5,1,688.4780019839882
0.8173053122132368,5,46,44,3,15,900.0
0.9303984201693255,1,36,8,0,13,357.5265006181837
0.09536092127300355,5,31,47,5,15,900.0
0.45005863942622526,3,60,19,6,10,900.0
0.33745427896422897,2,14,47,1,16,191.21849134965328
0.8706884554574393,2,43,40,2,2,576.6095258305984
0.08352491468001877,5,48,40,1,4,900.0
0.2111259425580374,2,12,9,7,2,141.93983350279623
0.7524683375864943,5,26,30,2,14,900.0
0.051293848981215584,3,33,17,7,4,579.3682675292646
0.49253538071428926,2,33,40,1,2,357.0518970759213
0.44210703467972,1,12,44,6,5,75.36457671806531
0.33440117898874866,5,54,15,0,13,900.0
0.3945723153189238,2,16,4,4,1,176.65139789841004
0.5299405869302329,3,34,6,5,17,900.0
0.16136735838838312,3,12,16,2,5,215.8589660608558
0.5719958782835928,1,24,26,0,4,185.63171970335486
0.8054323292999863,3,38,37,3,13,900.0
0.760160929790159,3,59,23,3,16,900.0
0.15389990469377368,2,38,13,1,10,559.6041509373997
0.1492494697414739,5,19,47,7,0,379.85489057742956
0.2681743677449133,4,41,17,3,9,900.0
0.3610747263410372,3,32,27,7,8,683.8213412517707
0.4084555814084826,3,48,22,4,19,900.0
0.6796972168333453,4,18,37,2,11,529.702262813355
0.056680432165835404,3,46,19,1,0,627.637613745816
0.034672704226066386,2,49,39,2,17,715.0039282422656
0.391910562943909,2,23,35,2,11,361.49460686761313
0.6971636921379805,4,13,13,6,1,365.14878633643565
0.19343534295648257,3,29,14,0,0,455.5177701844148
0.6415044812562517,3,37,48,3,0,544.3372137473926
0.25982813794029946,5,23,31,5,0,575.6980355967542
0.8860861088135163,3,53,45,2,11,900.0
0.8956899442666165,2,43,2,7,6,786.897257440108
0.2972872042813265,1,22,46,4,3,96.30251715776316
0.2299937539632405,1,40,39,6,20,335.2737927572121
0.41130397206623126,1,42,37,7,19,360.35296039967346
0.24053158518014872,1,48,14,4,3,262.061176624131
0.6723838432917036,3,37,9,7,14,900.0
0.8260646845482855,3,34,10,5,0,700.3920624475119
0.673092130911217,5,41,7,3,5,900.0
0.8243504472493495,3,18,28,3,13,454.363701484434
0.39699216220747413,1,37,46,1,13,266.9370232933073
0.15631697070886086,4,40,25,1,9,900.0
0.7379509473975921,4,26,46,7,6,673.6729101399948
0.3604745051415539,2,32,28,1,11,452.95382288611785
0.6712708252291325,2,22,2,3,18,508.43139329006533
0.27064394198176567,3,19,17,2,8,402.80458864085057
0.08122963480667267,4,25,4,7,2,539.8019798147749
0.9925817954877634,1,15,13,0,3,78.34113841323642
0.15620150793059928,1,57,18,5,12,447.3487608106981
0.988420993963481,1,20,3,6,9,240.51384863533144
0.9772799325664473,3,12,37,5,13,293.4333975868233
0.7938181039080396,3,37,33,5,5,766.627768410051
0.6594229620819976,5,50,41,1,7,900.0
0.5778070502510847,1,24,24,0,18,205.75516693123126
0.8661015453778347,1,22,8,4,9,189.25102621424918
0.28943952161948794,3,51,35,3,4,831.4830834558215
0.46768121248487704,3,54,2,4,4,900.0
0.6193899693665019,5,26,33,1,4,845.8974043239155
0.4111904758694911,5,16,12,2,8,606.884534758099
0.427486454090268,2,37,22,6,8,514.5709632860807
0.3302846675020844,4,47,13,6,14,900.0
0.564231816684536,1,22,10,1,8,163.17114213683195
0.850574528015116,1,26,17,0,13,227.31004282123888
0.20152837800631285,5,24,43,6,5,634.1691690041175
0.9344330387534414,5,45,5,1,19,900.0
0.6890876537482297,2,37,9,5,7,608.572210114539
0.8232732126800302,4,24,13,2,1,655.8178616340086
0.5561906926300116,2,55,23,2,4,720.6039865553363
0.7795167014240635,4,20,30,3,16,742.8868233402952
0.01620039733946721,1,40,43,3,9,202.97750040782273
0.8183804247795352,2,13,4,5,13,265.5435309981139
0.04013885908536652,5,44,21,7,17,900.0
0.8899133763628625,2,43,43,7,0,460.79826571245343
0.9919627472386433,2,36,9,2,1,538.9225075926345
0.2940674621767778,1,19,7,7,3,106.67096656915714
0.21031855628579366,5,39,16,5,12,900.0
0.7653633638580407,5,54,23,2,15,900.0
0.2530263409202532,3,29,23,7,4,491.6696333749826
0.8655623831722035,3,38,31,7,9,900.0
0.10284259215747671,3,38,5,7,16,900.0
0.12595519637935826,1,32,6,0,10,273.22478505122376
0.9791515551006156,2,59,1,7,4,900.0
0.6738388982700046,5,30,48,7,14,900.0
0.8468872244289528,5,57,28,1,3,900.0
0.324329377351518,2,52,18,3,6,687.2058721597496
0.6764837495206044,5,19,24,0,9,723.5371499238004
0.5942418273085972,2,50,13,6,3,690.7904917791153
0.603150120122947,1,21,33,7,19,211.2174926339134
0.6825324595377216,1,39,10,7,4,272.85584227737684
0.5753591731290986,1,60,7,1,4,420.184709894829
0.42906236930266595,2,42,37,7,10,578.1758450937895
0.27592269438054684,2,27,32,7,18,458.0691543290334
0.768581330913202,4,23,45,7,4,526.9402006968421
0.2262724300031862,5,31,22,3,20,900.0
0.6923543061544142,5,30,16,6,7,900.0
0.23333282264932664,4,10,24,5,6,231.41388904840667
0.6253301699544539,4,58,14,6,7,900.0
0.7470782671290289,1,52,11,0,12,461.22621185287323
0.2187138889065392,4,24,19,7,4,581.0278951984075
0.05994330086130828,2,45,23,4,17,772.7626569468556
0.13097374299417408,3,56,34,6,8,900.0
0.6059969672710255,2,31,40,4,1,310.58341216373395
0.8494464062257355,4,41,13,3,15,900.0
0.04499682123542437,5,55,39,0,13,900.0
0.7341512590416462,2,42,44,6,16,720.1272383852241
0.3413186459500521,5,50,28,7,5,900.0
0.4785283699195225,2,48,40,1,2,504.8445954518453
0.9288595498455656,5,32,16,6,16,900.0
0.33197150473584547,2,52,28,7,12,814.4751920530631
0.46533693393948605,5,11,4,1,5,406.143331216921
0.013682414760681105,3,11,28,0,7,167.5702722066758
0.08159872000483837,1,47,12,4,5,276.016745138815
0.258591591134784,2,60,16,0,15,900.0
0.027852240821074403,3,38,36,7,5,597.2539350869071
0.631375326048251,1,55,20,4,16,526.0139381633326
0.4263983568016225,2,12,26,4,20,219.9776835601107
0.548145202728022,3,48,26,5,2,884.4910611051052
0.17464718589632955,3,16,22,5,11,382.9805714101732
0.2959320294366161,3,45,9,1,5,900.0
0.6638244748527251,4,38,5,3,20,900.0
0.9653027236303998,5,46,17,2,6,900.0
0.0504167736022092,1,58,34,0,10,357.1142767555478
0.8903843208552661,5,45,2,4,8,900.0
0.5768812013112085,5,32,7,7,15,900.0
0.5639195667556237,5,54,36,0,4,900.0
0.5002785352077603,3,25,13,3,14,707.085315492979
0.06939408590418339,5,57,20,7,20,900.0
0.08987685173616067,4,40,30,3,3,783.9343942733569
0.6009120056590861,2,43,30,2,4,514.6562321422605
0.3409585714355583,3,59,11,7,6,900.0
0.9172680665776807,1,10,31,6,2,83.45755201846782
0.40659053735947226,2,27,3,2,3,358.317535725653
0.14328145870264108,2,49,2,4,14,897.7210079078937
0.714718833502036,2,52,48,5,1,534.5396206243936
0.29335342144100984,5,24,3,6,4,771.7188970459065
0.5254703073558932,5,57,15,2,6,900.0
0.69783278550517,3,58,17,5,16,900.0
0.9002641112020704,5,26,48,6,7,899.7909528405512
0.7921911948016761,5,53,7,5,8,900.0
0.6763610678727241,5,19,48,4,9,614.5763635254535
0.6796331823951436,3,29,5,7,10,798.1437808755725
0.9459246440320865,3,15,34,1,0,239.87667511505347
0.29582409749653604,4,17,33,7,14,503.19786617941907
0.0011120941961874076,4,54,45,5,7,900.0
0.2719545593981987,4,43,16,7,18,900.0
0.217891379626744,4,41,37,4,11,900.0
0.6618345851139982,2,60,3,2,5,900.0
0.633711599765529,2,51,47,0,9,707.6153234471716
0.5934613827047238,4,13,48,2,4,324.5869082780707
0.0162434432094537,4,53,43,7,6,900.0
0.7287780544506475,1,59,21,3,6,419.9016764913549
0.3235304124854915,2,48,41,2,8,598.5317547421017
0.6650559890066311,1,29,8,1,14,294.7763169826077
0.5565784285021533,1,33,22,4,5,238.5054187578021
0.3427309254279072,5,33,5,5,15,900.0
0.13457626710410775,3,35,17,3,6,666.5867666307158
0.09441889766048095,2,34,37,4,14,465.49117885403444
0.8315183331122236,4,45,14,4,1,900.0
0.918397542081558,4,16,39,5,7,443.733909192395
0.6497880467642996,3,19,41,6,11,425.2966331189465
0.10343411486048337,2,56,28,2,10,723.7502077568782
0.4020272168882407,4,21,31,0,5,506.46984183939816
0.7289392001051572,4,10,17,6,19,441.60626783790104
0.7798208840100681,5,59,35,3,12,900.0
0.1182186222910886,1,34,40,5,15,235.9526256457077
3.071884538241587e-05,4,25,22,1,7,602.189460478621
0.712137045880605,2,14,45,1,16,238.87117276966816
0.35659617598620563,3,28,48,0,12,557.6469378712873
0.25448133161826025,5,13,29,0,3,370.6504513864151
0.01289746978952544,2,15,10,2,19,290.6029907381982
0.5402994067614997,5,35,18,1,9,900.0
0.8511507354259817,1,58,35,3,19,566.7243682383919
0.9576316462725879,4,48,44,7,15,900.0
0.5657449506132892,2,48,16,5,16,900.0
0.5144613277398942,3,18,7,0,7,424.90449982990197
0.0850563854892411,1,54,30,0,10,346.467104578665
0.5488728015425998,1,23,19,0,4,142.06857285665723
0.3799790789653946,5,57,23,7,20,900.0
0.6071352808835769,1,18,8,5,15,163.7544344316855
0.3887263478765467,2,24,17,3,7,343.1225752520996
0.24029912345036675,5,46,21,1,20,900.0
0.0949652752283765,1,59,26,7,15,467.3842447931806
0.31491844458889573,3,29,28,7,3,502.651470268412
0.09664483428775228,2,17,39,6,5,166.05784002259347
0.17689695082398393,3,41,33,3,20,900.0
0.9873361585795459,3,56,40,5,7,900.0
0.4441035569066186,5,30,19,3,8,900.0
0.5318717665050166,4,50,29,2,12,900.0
0.8736185287372153,5,28,20,6,16,900.0
0.9955689004906878,2,38,20,5,8,658.0216330953118
0.5827144493446815,2,40,10,6,12,713.5671348932726
0.8124738210441717,5,15,12,6,8,616.4671054449475
0.32694102433667527,4,13,33,0,5,284.96483582950043
0.3057439574472911,5,52,25,1,9,900.0
0.4027037209945602,2,38,25,6,4,454.79398636497035
0.6725072626736491,4,51,4,2,6,900.0
0.6821916892550988,2,12,4,2,10,201.8566081061258
0.3152394346494508,4,10,9,5,8,310.6945364978096
0.1332099241366287,4,53,15,4,9,900.0
0.6323962564655086,5,24,26,7,10,900.0
0.12832586218876452,5,56,15,0,2,900.0
0.5784925082293301,5,30,26,1,7,900.0
0.693422128056309,4,55,28,1,16,900.0
0.7006114963944516,4,40,7,1,6,900.0
0.7534721106595967,2,16,32,7,11,261.77154340406383
0.8728594215656645,3,26,12,5,15,793.1327451238658
0.49995899196478844,5,28,35,0,14,900.0
0.7302491895295712,2,48,32,6,20,900.0
0.6191727353658367,2,12,9,6,12,233.10992076804297
0.18663993979768256,1,39,14,5,17,360.8875441714573
0.025689644869408168,5,44,13,1,17,900.0
0.28454138567693377,2,38,44,7,4,398.95980817515493
0.4430337063376194,1,59,33,6,13,469.67066234067755
0.6171059444286563,5,23,32,3,10,886.8789743406771
0.8499593305032054,4,44,19,3,2,900.0
0.19624571670616564,1,37,30,7,16,276.9320401980435
0.1255497898984771,4,39,16,7,11,900.0
0.9634799474743275,3,35,12,0,2,779.371285640669
0.10804455937640711,3,16,10,1,1,243.23554790157084
0.47849107010718916,3,48,2,5,3,900.0
0.5855637287933019,3,40,18,7,17,900.0
0.5413744209074383,2,14,13,7,19,301.8467114788793
0.0860321570329432,3,44,29,4,20,900.0
0.05702691400361937,2,59,24,7,13,871.9797418052749
0.10548342746103567,2,56,38,4,7,641.2059959371712
0.5855876838726125,5,23,12,4,1,733.7054298978836
0.5443448876343211,2,45,29,3,18,840.2006276828583
0.23374079203674425,2,36,22,5,9,512.343399490567
0.6377741418455916,3,33,36,4,4,605.0623390663966
0.8200675020556494,2,49,1,1,10,900.0
0.041578959846593766,4,38,43,1,8,896.7830925872493
0.4981299435480424,3,54,40,4,15,900.0
0.6893104121026903,1,31,34,2,4,195.0308028454142
0.2523119270696871,3,17,34,4,14,400.0627116365073
0.3077709052931491,2,24,48,2,13,360.95049240662
0.6136379029893838,4,58,33,0,8,900.0
0.8979352934437369,3,14,4,0,19,473.73123633157
0.8099244203028994,4,13,38,1,4,313.1619744420631
0.5831302190995835,1,20,30,5,14,201.14515874179082
0.7302217177572492,1,27,46,3,8,162.72113405121237
0.3648224702077987,5,51,20,5,3,900.0
0.6409655280987577,5,58,26,1,20,900.0
0.46618159112755697,3,39,15,1,20,900.0
0.1899361364575609,5,24,7,5,3,714.9890044425903
0.7017382738772572,4,15,7,3,19,647.3458818169097
0.556464637348822,5,25,29,1,20,900.0
0.3586215819535914,4,56,23,6,6,900.0
0.9113391900786307,5,49,34,6,14,900.0
0.020934117826733267,5,18,20,3,16,751.8685492509933
0.315773151249496,5,52,15,1,17,900.0
0.05688139777764656,2,43,33,6,6,474.9594144744515
0.7665273162216272,2,36,17,0,18,743.3126817941496
0.7021074541137926,5,22,20,2,9,896.500287130386
0.33135221873631704,4,45,13,1,12,900.0
0.675662902207073,3,36,44,2,1,573.1784988615034
0.39593722619594984,1,18,24,4,19,172.71607076669684
0.7562537914224343,2,14,47,6,10,187.02079639674554
0.4541836627367061,5,60,37,1,4,900.0
0.41227972783166555,1,31,7,0,5,211.09645065486393
0.934729915488301,2,40,8,3,2,576.4906919216382
0.25087909989070023,3,12,23,0,0,132.2593560440509
0.12044733999656543,4,39,14,2,2,822.8449852179604
0.5845431132594582,5,30,4,3,2,900.0
0.9693218122841789,3,44,21,0,3,900.0
0.37783921372718665,2,15,46,0,6,187.48957781067315
0.06203676362878152,5,37,10,0,14,900.0
0.33930526730956745,1,41,22,5,10,284.4624016510287
0.5059316543195584,4,51,30,7,17,900.0
0.1619230066322137,2,46,30,3,11,633.6599475948555
0.658102218056492,4,34,16,0,3,900.0
0.9977493890102006,5,41,11,7,10,900.0
0.4517394759814438,3,44,22,6,5,900.0
0.35472855673021264,4,31,29,6,18,900.0
0.40070416683446664,1,33,25,0,17,323.3169695204645
0.11514617839520114,2,48,14,2,14,826.0457611514668
0.8832736014262238,1,39,14,0,2,277.3884524811137
0.414825655521352,4,59,2,6,16,900.0
0.3872744114248413,3,41,13,0,0,660.0150154749819
0.6596902729304743,3,40,3,4,1,809.3072704794157
0.4420334209311235,1,32,30,7,18,290.09620612733227
0.648233468807846,5,49,18,3,8,900.0
0.061446290130787506,5,42,36,4,7,900.0
0.8137233437222274,3,34,21,7,11,894.4027479949449
0.9405039528794026,1,45,19,7,14,405.63139627474186
0.648765386159386,1,33,16,5,6,238.04603623272607
0.9545659288588108,1,40,28,2,20,432.3205770300981
0.1514323143699633,4,48,4,7,15,900.0
0.4774161894803537,5,55,15,4,6,900.0
0.6018067339454473,5,22,1,5,19,900.0
0.5817366474211867,4,19,48,1,20,673.2112106895443
0.40146177908904324,2,32,47,3,11,429.4937043405522
0.3380844093662614,4,27,16,0,16,900.0
0.1268240225504188,1,41,20,4,10,251.41637680667498
0.3917424505622782,4,42,33,4,3,900.0
0.16266081510548513,1,45,17,0,18,405.2140889936563
0.7343656764922184,3,37,5,0,1,791.9516992894355
0.20883093549458998,1,25,5,2,1,138.68235162857783
0.05856530528453385,5,25,39,4,16,900.0
0.5523661378172343,4,27,13,4,8,854.0153740287964
0.5952297327194016,1,17,44,6,0,80.63162589062412
0.8719130612805055,2,51,36,7,9,804.9178610926924
0.5769816124176819,3,25,30,1,14,673.4181168467456
0.3454808537234457,2,20,4,6,20,469.6728339491117
0.8030118815263205,2,15,23,5,14,280.9157261811994
0.5402788931874211,2,10,21,1,20,209.91532776404608
0.07928028463119174,3,21,21,6,1,338.7739195297941
0.5658505603132467,3,47,6,4,13,900.0
0.9080185454216624,3,37,24,1,3,796.9819716304536
0.39631262549822055,3,54,47,4,17,900.0
0.29632580189980007,2,26,31,3,8,333.91460637319307
0.14346945701802005,5,10,19,2,1,276.91477465806963
0.15144552193535732,5,41,38,1,1,900.0
0.4327714843418189,3,17,12,4,17,492.7516388237734
0.5956798241615295,4,49,14,1,16,900.0
0.08061540516960175,1,52,12,7,8,392.126568401918
0.9395685890251657,4,55,15,7,7,900.0
0.7551336174451959,4,33,19,5,1,856.4476461730628
0.5866239182836627,4,19,28,2,1,449.144605689197
0.8284386709389908,5,56,40,3,4,900.0
0.08018675681211329,1,48,41,0,11,331.0760516604913
0.4768388777331244,4,48,5,7,15,900.0
0.6300931268616634,3,19,5,0,13,560.6826662119071
0.8286529061182892,5,45,6,1,19,900.0
0.7834695600492677,3,34,23,4,1,675.0335123736477
0.27706924971339963,3,59,3,5,7,900.0
0.9408801695592043,4,19,37,7,3,489.86480469093993
0.12434584143087035,3,28,33,2,19,685.2856308688649
0.8751336186211521,1,55,43,3,8,399.6765006713344
0.9709402496046186,3,54,21,3,19,900.0
0.17715352322262556,4,24,20,7,18,818.152703197175
0.7220660642037853,3,25,1,7,1,569.8935999405439
0.040285518777998464,5,11,39,6,15,404.21914112500644
0.40542282513915495,5,38,47,3,10,900.0
0.516283299197674,5,13,17,0,7,485.49457600623384
0.5806452259096341,2,59,29,2,11,900.0
0.9359372482485595,5,38,8,6,2,900.0
0.6722506872941947,5,40,26,0,12,900.0
0.481277951219237,2,26,28,1,1,292.3191714677821
0.8096750362658893,5,19,34,3,12,794.9556168826678
0.9505328209544089,4,36,26,2,7,900.0
0.022066148682290843,5,50,13,7,14,900.0
0.9825212722560387,5,24,44,3,20,900.0
0.08613213906368034,2,53,37,0,8,643.6808221304565
0.8143867792687614,4,40,13,0,10,900.0
0.2803347525514125,3,30,38,0,20,812.7627053006762
0.13217965775387175,1,50,25,3,2,234.2545682963992
0.4398556397138349,4,55,47,2,6,900.0
0.6439565794476135,3,54,23,2,13,900.0
0.380951845023475,4,35,22,1,14,900.0
0.05456540828269896,3,47,21,3,8,900.0
0.5994611396587166,3,60,30,1,19,900.0
0.9024032761106747,4,45,11,5,10,900.0
0.3832153659472517,2,26,4,1,6,385.0557808461307
0.21633277763082703,4,60,33,1,11,900.0
0.4425773459328154,4,12,47,1,18,405.36923623233315
0.04836271104878087,3,23,12,7,17,630.160401894464
0.8204875844802748,1,58,9,0,12,555.9321327670623
0.8263408109501867,3,22,32,5,10,532.010467947591
0.5880004634296284,5,50,11,6,0,900.0
0.3531028889383895,4,36,37,7,5,821.4115492396985
0.7997833644457834,4,10,24,1,20,431.0150517776586
0.5546870247883672,2,26,7,2,1,328.40232722663546
0.8259323085500162,3,57,8,1,12,900.0
0.6314587925830206,2,59,33,0,12,900.0
0.7844054732127973,4,43,25,7,18,900.0
0.59856299321776,3,23,1,4,8,552.603562331103
0.4141410682156662,3,26,3,6,18,772.1498491764098
0.9579458599261376,5,12,40,5,0,381.2036900702252
0.5411138248788447,5,43,28,4,7,900.0
0.6050895185405384,1,49,43,4,13,382.29465462828756
0.22048763941474925,5,34,33,5,15,900.0
0.6256507894272765,3,11,46,3,3,174.59587977240992
0.5716076494829438,5,43,1,6,17,900.0
0.18483839794702495,1,35,38,7,13,244.34468640738888
0.059587097353143714,4,40,27,6,8,900.0
0.6043593197147711,5,18,38,2,14,767.545513023134
0.7636922693503205,3,39,35,0,2,746.4924026294814
0.5234013709220082,4,29,10,5,3,790.2645860071483
0.2267726253196457,3,30,12,7,17,859.5006856350425
0.6665219766930349,4,38,10,4,13,900.0
0.08010572660960225,3,34,34,0,14,742.5476683806919
0.4418337048019546,5,47,24,0,7,900.0
0.1633667583984202,5,53,28,3,9,900.0
0.18445905105988336,1,34,22,4,11,272.54682204855214
0.20229394915820365,4,18,45,1,20,596.8539805873667
0.3867070570439779,1,48,16,0,8,352.17392856612844
0.051150205620397626,2,53,13,4,7,681.6168852113506
0.3977934409290982,5,35,36,6,16,900.0
0.5117074471147008,4,46,36,0,8,900.0
0.4832942849663252,1,25,43,3,12,187.43468925844084
0.38278410040304056,1,46,23,3,13,364.23309847302926
0.8391466080707525,2,21,14,1,4,311.94840545375916
0.1453266924205041,1,33,32,3,8,202.01801848915886
0.505696743781374,3,35,3,7,15,900.0
0.062041416956554296,5,29,27,4,18,900.0
0.07115567887790974,1,18,19,5,6,76.5356624037954
0.5738658496770963,1,32,22,3,11,258.6488829167785
0.566018424887821,2,48,1,5,1,649.0173708154174
0.878033512844457,3,38,5,1,17,900.0
0.5578736756600732,1,40,33,6,17,355.0514954156196
0.9597910204048502,5,28,19,2,15,900.0
0.04869484839992977,5,29,36,0,10,886.4329356122963
0.09800768478074107,1,32,6,7,1,199.00823256994727
0.04406586157038139,3,52,15,0,13,900.0
0.18527685033354002,5,36,36,4,3,900.0
0.5412701109416781,5,39,33,1,6,900.0
0.645572181427428,3,30,24,1,1,508.2078034708097
0.0455851579486688,3,53,27,1,20,900.0
0.9459708898455993,1,44,11,0,13,422.2582986310654
0.842165376650381,4,58,23,3,6,900.0
0.2966124821570931,2,16,33,0,8,218.80693383365374
0.07718753022646796,4,31,41,0,7,713.6559353472037
0.16988707321905727,4,19,46,0,8,412.89583317401133
0.12694441375497267,5,32,47,6,6,825.515318897133
0.12328377929894685,3,24,29,6,18,631.4417462342509
0.5185616886657339,5,39,31,3,16,900.0
0.2458474424934003,2,43,1,2,12,750.5763413164328
0.35813971652914445,1,22,34,4,10,132.27644334403206
0.9895053333843224,2,13,18,2,17,269.8000498711515
0.6843142489253448,5,27,18,2,16,900.0
0.9489806670470013,5,32,6,0,15,900.0
0.1425565550331156,5,42,40,7,9,900.0
0.38213947483256927,5,43,1,2,3,900.0
0.5547318032823543,4,43,47,0,3,900.0
0.07675806188873802,1,45,42,0,10,274.6303420615715
0.004187443627957865,4,44,30,4,20,900.0
0.6704343337969175,5,26,4,1,7,900.0
0.6418195168014353,3,37,32,0,8,786.9939747746553
0.41078880999961176,4,23,10,6,15,880.0597352495495
0.48964407603203264,5,43,43,2,9,900.0
0.4154430005920896,5,57,5,4,8,900.0
0.024005044844888856,1,20,9,5,2,84.82967746893202
0.3353716062174624,2,22,5,5,1,281.9687305591129
0.17708225539728983,4,42,11,5,8,900.0
0.09842418910136874,4,11,35,2,12,305.1273380480799
0.9567204338893498,4,43,27,1,5,900.0
0.5993597250421656,5,38,4,3,3,900.0
0.7286562842366027,1,46,10,7,13,452.35652199761375
0.3153637432661175,5,13,39,1,10,438.3824200647296
0.3931471294940152,5,21,33,7,1,558.4883412081248
0.23692399389672347,3,35,38,4,2,538.3958823553489
0.09696567096542474,1,37,8,1,4,208.76161851429126
0.1790316374415838,4,12,24,5,6,270.3642284946285
0.7975140452964858,2,29,39,1,10,442.5140509097874
0.6775458051837758,4,19,33,4,11,592.7127788150087
0.5469288759854769,5,27,41,4,10,900.0
0.47508987286676807,1,36,43,5,18,280.545131724861
0.9224342836561245,1,40,19,6,12,393.4879401544328
0.0727349477786684,1,36,2,2,3,238.48292603801468
0.28060081323791597,3,51,11,7,13,900.0
0.34993785357071405,4,10,35,0,11,285.83459543121
0.7824258122127878,3,15,17,3,1,281.35877702005075
0.9925146201619713,2,20,42,3,7,280.85543701331443
0.24067051475715306,5,43,3,5,18,900.0
0.8743073341370806,3,48,22,6,12,900.0
0.8306227604317913,3,29,35,3,20,865.357455858764
0.22465739764176662,5,30,21,1,20,900.0
0.3993325801992226,1,30,25,4,0,162.56328741781408
0.4096728692925191,5,27,39,7,4,779.8788001683567
0.9782206685265583,4,30,2,6,10,900.0
0.18089190137889832,5,28,1,4,10,900.0
0.799157971104782,1,13,7,5,12,140.97376521409169
0.3341927141731099,5,22,20,4,1,581.4801221600876
0.7308703457761604,3,27,43,7,18,709.2098210925149
0.42001100429566285,2,38,6,0,15,726.9825537201829
0.57835976311654,3,34,36,4,4,589.4512417071364
0.8326117733261311,2,22,21,4,13,413.5827638333699
0.8041655649838841,5,36,46,6,18,900.0
0.8664231835397002,4,28,35,7,4,775.0124245089609
0.05961732534465902,5,58,36,1,20,900.0
0.6920505530397448,1,10,8,2,8,93.90484049125529
0.13998737672176287,5,47,4,3,11,900.0
0.415818568018411,2,28,43,1,15,433.75251711749416
0.5485884150546885,3,10,16,1,18,289.78505088848055
0.40273948474683074,4,49,3,1,14,900.0
0.5196116758030075,5,26,7,3,16,900.0
0.9965263087986191,5,30,2,5,14,900.0
0.13521731371285473,3,31,1,1,2,541.0996191676829
0.6754560453364256,4,24,1,2,16,900.0
0.3960009663856152,5,59,38,5,12,900.0
0.13300979890732878,5,48,7,4,8,900.0
0.15873676337430953,2,57,24,2,12,810.1926492653649
0.9492731062456169,2,48,5,6,15,900.0
0.879601496711762,1,41,21,7,18,408.0074940959113
0.9070419604150218,3,58,28,5,13,900.0
0.9915327758273865,4,13,18,4,7,422.84280490191674
0.20831539000851795,5,53,24,4,18,900.0
0.35543933736406175,5,54,32,1,2,900.0
0.6692190299248667,1,41,45,1,20,380.41608526977325
0.48380253986064725,5,13,33,3,17,587.8319957069742
0.4183895333783335,3,10,10,0,15,247.17159207288654
0.35781124933559305,1,42,9,2,13,367.9465169594398
0.5937806319434522,3,16,33,3,15,429.5309189486659
0.575593428640082,1,18,33,3,16,187.02384137889422
0.16145783406424008,5,10,7,2,19,458.95158344014914
0.47173983751843906,1,25,4,7,10,205.61439232478097
0.5534717762098499,2,27,28,5,12,456.46260669805883
0.5702869387313905,4,56,23,6,10,900.0
0.2101071929123518,5,15,32,2,3,377.13352940030086
0.7422713922522868,4,11,44,4,13,315.82690188532604
0.025199094821069634,5,18,16,6,4,483.04218193469814
0.35483185554316266,4,13,46,7,3,231.97063536859596
0.7802126485356335,2,54,10,0,0,714.2937534860705
0.5638929210554023,4,32,14,7,13,900.0
0.26116243251086024,1,52,39,5,6,274.2011533840895
0.6949531193430477,4,54,36,1,9,900.0
0.5673909441560734,5,52,34,0,1,900.0
0.7962436094563872,3,60,24,0,9,900.0
0.7350251861898234,4,17,18,7,2,421.83451040522084
0.6101079220362347,4,48,16,1,20,900.0
0.488177675310814,4,34,41,0,7,860.6714867412235
0.1331821256675234,5,25,37,5,9,769.3834796589301
0.26133301788538377,4,44,41,5,7,900.0
0.41909947291708527,5,26,25,5,13,900.0
0.5992992870063887,5,27,8,3,17,900.0
0.5137078552153048,3,36,24,3,8,835.1499490858735
0.2881845259595295,1,24,20,5,8,169.0086057695587
0.006464357789710551,5,26,48,1,3,599.9195195743122
0.49623922190081393,2,52,30,1,2,603.0239697086174
0.2856259885622431,4,14,20,2,13,449.7983080058876
0.7346083007105351,2,25,18,2,13,461.90764476004927
0.02394626527048349,4,24,4,7,20,900.0
0.5848278113057909,3,51,48,5,15,900.0
0.9414742375060654,5,55,36,6,4,900.0
0.1744092671114995,1,43,6,0,19,407.60569917028096
0.47164949075059537,5,57,3,0,14,900.0
0.09142199181713817,4,28,18,1,20,900.0
0.6256819122613526,1,17,47,6,8,139.98997111236508
0.5505316805962256,5,56,40,0,6,900.0
0.40736552421283234,1,19,18,7,12,159.04272117470853
0.5213770214737412,4,14,23,4,7,418.8158623522371
0.8965746584690102,3,57,35,3,11,900.0
0.19629430231106704,3,35,6,0,3,643.7138868322654
0.022564511705347234,5,31,26,0,15,900.0
0.861664884699101,2,53,21,2,5,793.8663681349749
0.5771170823879065,4,32,24,4,4,829.1757053905482
0.8906584554618424,5,22,15,0,0,744.0184071490692
0.5969452234131726,5,18,27,3,13,769.4490375869706
0.8101610899597025,3,58,32,7,8,900.0
0.42967336335514794,1,29,12,0,17,288.40121628194225
0.7498599312882688,4,37,5,1,5,900.0
0.913041466889856,1,53,7,4,14,588.5567405689762
0.5721229637222063,4,46,22,0,15,900.0
0.18078515056237954,2,33,27,6,7,445.0722578166004
0.26879761503019817,3,53,15,4,18,900.0
0.19864457689740578,2,42,39,0,4,450.71869745187246
0.24685702759573291,5,29,45,3,13,900.0
0.3064154493510364,3,57,35,7,6,900.0
0.5551337867531885,5,39,26,7,3,900.0
0.5879916294638328,2,53,23,3,20,900.0
0.4264997472418611,4,18,13,4,0,417.84006656015333
0.6154207798208354,5,54,26,5,3,900.0
0.08157492561136592,1,58,3,2,13,555.2004400067567
0.08778823705815997,4,26,29,2,15,821.536798515354
0.17182946035765845,4,45,2,1,6,900.0
0.5180774980403448,2,23,28,5,9,330.988579941346
0.21399467869831357,2,28,23,2,9,373.32062492494026
0.28328440349257733,3,16,36,4,3,248.59840378681082
0.40031283617299407,3,12,6,2,11,327.205441485752
0.8118661240103798,1,42,11,1,5,308.80782941341334
0.013862135912860118,4,53,38,0,12,900.0
0.6493788202366224,1,41,34,2,20,406.336853798851
0.6688765310406853,1,56,17,4,0,348.2670125191542
0.7986557803566365,2,20,3,4,7,329.21132360731076
0.9327529390603132,1,51,44,1,15,419.0132082212437
0.020137848949289827,1,11,46,7,4,80.00435881886985
0.15378370551321618,5,35,34,6,6,900.0
0.886171294055993,3,13,22,1,2,240.53179676714814
0.45851856218701537,3,26,29,6,20,717.4739965589841
0.5645906389334635,4,26,29,3,1,585.1082595858996
0.6630272037231474,3,37,5,3,1,762.2283839472967
0.6790666044956374,4,39,10,7,19,900.0
0.9317404033165082,5,49,10,3,9,900.0
0.9969494174116696,3,32,9,6,19,900.0
0.7201574609309402,5,55,21,0,8,900.0
0.2872212092051508,3,33,13,4,17,900.0
0.8797524022943436,3,38,10,7,5,900.0
0.04922091454076161,5,13,38,3,19,526.9944025046815
0.2310808528744962,1,47,11,4,5,350.2127603741294
0.8973857174637149,1,38,4,1,9,365.722312624189
0.25619151443935495,1,28,46,7,8,185.5836552851081
0.22065105962174847,1,36,31,0,8,230.60947145974407
0.13812529314024724,3,38,34,1,2,537.4640322354397
0.8591117576469165,2,45,42,4,11,686.2279309061646
0.5000582591910867,5,44,35,5,10,900.0
0.6748932030541548,2,15,39,6,13,235.7541369973904
0.23906638407502967,2,32,39,5,18,484.8600368705941
0.7580404210112165,4,48,33,3,9,900.0
0.7600055449620985,1,55,8,5,18,595.5526604539152
0.31259802490830013,3,53,32,1,4,900.0
0.41068263301028285,1,57,33,7,8,381.7096220720695
0.20969027743020086,1,17,8,6,0,88.7140791091419
0.9765610233229043,2,11,46,5,14,165.60910679765865
0.6456025770584116,4,22,14,2,3,603.133608867393
0.9345438807155155,1,49,34,0,6,385.75676962066973
0.30338554362913317,5,30,8,4,5,900.0
0.7818909129968897,5,40,42,7,14,900.0
0.765858643884742,1,57,7,6,5,424.06593088111
0.6916556518665415,2,45,13,7,6,704.2578353058868
0.9656389752668004,2,57,21,3,19,900.0
0.39355533610631555,3,47,47,1,2,697.893011220699
0.1307173235897573,4,36,32,0,20,900.0
0.6717088592440608,2,45,11,3,12,833.2903404407666
0.7293098004772062,3,57,14,1,1,900.0
0.5750605734588147,5,32,11,5,2,900.0
0.20681789313339627,5,30,2,6,12,900.0
0.5044559416693554,5,22,34,4,8,772.6758946488858
0.3121897365691294,1,46,44,6,18,364.44076353792246
0.42746652816668906,4,56,47,2,17,900.0
0.6452185758446639,3,35,17,7,4,707.5516054050098
0.7452147426908345,4,49,14,2,9,900.0
0.23222469090134312,1,16,25,7,13,149.17534495181147
0.40532536064695335,3,55,48,6,20,900.0
0.2691615709916292,3,48,27,5,16,900.0
0.19863161386186912,2,31,8,4,2,366.4690719628439
0.7833872199958384,4,48,17,0,6,900.0
0.9092526944369924,4,32,5,4,8,900.0
0.3702321856845767,2,39,12,5,4,516.3161953555189
0.7512789243737669,5,27,38,1,3,830.448857711089
0.8969952893644111,1,51,18,6,2,370.10565251924777
0.8461242105302316,4,27,26,6,12,900.0
0.1828133885392259,2,55,31,6,8,648.2476303184401
0.9562918815133613,3,19,37,6,6,432.66115463255915
0.37667644042946247,2,48,6,0,7,735.7665684040295
0.33924066117383633,5,39,41,2,9,900.0
0.062431327277780335,1,35,15,5,0,122.78430519285905
0.486173654104883,5,16,42,1,19,708.0320795355079
0.10901361564092871,3,16,26,5,20,389.60737871124525
0.248539820927426,3,14,12,3,20,454.4607459590433
0.3169426217672814,3,10,41,3,0,147.90504049679433
0.808826323491684,3,55,47,3,18,900.0
0.8754886503958965,2,27,14,2,1,389.1770495492335
0.3024663174614697,3,22,1,4,11,547.539007514898
0.8586981212445739,3,34,17,0,12,900.0
0.8572309373697911,2,49,33,6,13,854.5847333366066
0.7646509503848735,3,17,29,2,4,379.8698744517769
0.14669511401518154,5,19,45,7,2,468.2370876251496
0.690322846900729,5,41,31,1,16,900.0
0.9450240645805688,4,26,8,1,0,756.2401188792305
0.6825404787671571,5,47,30,3,13,900.0
0.33161684910783396,1,24,13,7,5,130.60006389481129
0.5005793174308313,1,24,16,0,16,212.42741071473833
0.6457250433510536,1,57,2,3,3,462.29108248274235
0.5105704087285036,2,49,45,1,5,578.7891443794178
0.11995294173096982,5,60,18,1,0,900.0
0.31206404465202064,1,29,35,6,8,181.89944442340916
0.8023960305536325,4,24,45,4,3,566.2468233885887
0.8614180460955174,2,44,19,6,8,729.533623130307
0.13730003271557023,4,15,13,4,8,406.6342484834344
0.9523867523987246,5,39,4,6,12,900.0
0.32882261784860933,3,17,19,4,16,433.2705106679258
0.66231373873072,4,40,25,3,20,900.0
0.7518251459566812,3,57,38,5,2,900.0
0.8119462346378834,2,56,31,7,5,784.1205767558813
0.9457497022259301,4,41,36,0,19,900.0
0.3129195480288226,4,54,4,4,14,900.0
0.8585064545515545,2,24,39,2,13,424.64330473598756
0.13168690343620704,2,27,7,4,12,412.0615950437812
0.7050409063535927,1,22,16,3,8,188.76012433236428
0.7419777295139859,5,33,48,0,14,900.0
0.6777232412013204,4,49,5,4,13,900.0
0.252314736135153,4,23,47,6,3,420.8214258346827
0.8730431470152034,2,37,23,0,10,639.2103736120042
0.168858463370395,2,20,36,2,1,220.36791292434276
0.05363479152083084,5,15,32,1,15,557.7150692813984
0.7174649906119122,2,34,24,6,18,685.4826566348279
0.4754757152327337,3,10,25,0,15,276.49850570385183
0.8490980199586761,3,34,45,5,6,661.1185993063682
0.38339714105825895,3,11,28,4,10,276.728521738083
0.16827858850771282,3,41,19,6,11,900.0
0.8364421924698697,5,22,7,3,3,842.7234031105603
0.5489096316400717,4,42,44,5,15,900.0
0.1891957923903549,3,41,41,7,15,900.0
0.7203839985864458,2,33,17,7,6,511.4231810141714
0.5111136384895005,3,36,2,5,12,900.0
0.6043129822403198,5,13,16,3,4,442.9194865588408
0.4608983382065819,2,33,39,3,0,307.11565518032035
0.8287089838180064,3,32,18,7,4,691.5052621703659
0.8295627156830498,4,38,39,3,13,900.0
0.7093888218243862,2,43,1,5,10,771.1540733461543
0.10540137739646227,2,30,3,0,1,351.65125398564714
0.8388538619040689,4,39,21,3,17,900.0
0.6710129805329098,2,35,30,1,14,601.6473468314692
0.6970241660042995,3,29,11,5,13,813.6831560784249
0.36298284040387163,2,25,22,5,12,360.0722027285445
0.8792795561570067,3,12,47,5,1,219.042622547482
0.7253716002348575,4,58,25,2,18,900.0
0.11259046652919447,1,46,3,0,7,305.8522907509034
0.40777803440616267,4,49,30,0,16,900.0
0.8863803619601417,3,53,24,3,14,900.0
0.047196701697378995,5,34,45,5,19,900.0
0.9614166196420495,4,32,36,6,20,900.0
0.6791625683195628,5,53,23,5,13,900.0
0.6313759776433766,5,10,8,3,2,343.35148734040126
0.2705592564879914,3,42,4,0,16,900.0
0.24879178873917707,3,24,39,7,2,325.8941171117094
0.9420582194885955,1,26,43,3,12,195.18861726710816
0.29827245423412274,2,43,31,7,17,746.6439596037317
0.7755052967189994,4,26,29,3,0,610.2876860497137
0.39312179820707915,3,50,36,3,6,900.0
0.13925407078470398,4,53,13,3,4,900.0
0.01071529769535895,5,13,41,3,1,269.9248949515656
0.5442573370152508,2,22,9,4,16,469.39639193548487
0.9757788185489327,1,13,21,4,20,141.70901867059965
0.3691361938092045,4,16,3,5,9,499.4899160368334
0.35719233399304484,2,55,25,5,3,639.8918179487091
0.3440916178494421,1,18,25,6,8,158.90027956805253
0.5205438373048584,4,32,12,6,20,900.0
0.44066488342429355,2,42,29,4,10,594.151279650213
0.8799146267270145,3,42,11,0,11,900.0
0.5055207917234903,4,29,11,2,11,900.0
0.5077578381885688,2,13,26,0,17,251.7135247660704
0.1383715947205566,1,10,14,6,3,76.82981115089785
0.982739540910386,2,51,16,5,8,866.5163508183301
0.24997289086882968,3,43,10,4,7,884.7810377507564
0.07336406745960267,4,36,31,0,18,900.0
0.6631462489752088,4,30,31,2,12,900.0
0.5953663701568727,4,33,36,7,1,704.1659818114047
0.4151456539927457,3,24,10,3,18,708.6433686244055
0.42219223388067806,1,44,26,1,13,344.35892219414194
0.7850639210464312,4,34,20,4,4,900.0
0.19571264009964906,1,18,44,4,9,119.22472888078643
0.8202533189448897,2,26,9,2,16,566.8488167680065
0.6487471138950182,1,30,15,3,19,342.34289051112796
0.4189697737795244,1,22,9,3,15,199.7308854659879
0.4580286165838686,4,12,7,1,16,446.1715907033383
0.2566472071860958,5,13,26,7,0,295.41422655899385
0.7521143326969748,5,13,24,3,20,642.7901982744906
0.5128747423052678,3,52,12,7,14,900.0
0.3208545427498436,3,37,20,2,16,900.0
0.5960501157609502,5,16,14,7,10,684.6163896676376
0.995734452051323,2,35,22,5,4,529.2239252505257
0.43526227965655384,4,20,16,3,3,493.4816905699538
0.9206914007786196,4,33,29,5,20,900.0
0.3450168399245661,2,52,32,6,8,666.0922081652301
0.054732706924985886,2,19,19,6,15,326.1262758929014
0.20424210636842888,5,46,35,5,11,900.0
0.4186951433276842,3,22,43,2,17,510.6753630008005
0.219634928594569,2,53,32,4,2,554.9683744393005
0.0002270382182555375,3,51,20,4,14,900.0
0.9150015377475272,1,48,40,4,17,408.56644005258244
0.843879411230929,4,28,20,0,11,900.0
0.7422922314869471,5,60,8,4,12,900.0
0.16781459564602863,4,28,35,2,0,493.28308104295405
0.12036357620998606,5,21,42,1,3,505.6632987704247
0.06760474947238315,1,31,13,6,7,212.280056810979
0.7240291887729212,4,56,41,3,18,900.0
0.9288079606878853,1,46,6,4,20,548.8121613966136
0.430535820913037,5,39,47,0,20,900.0
0.11914067199604816,2,55,16,6,4,645.5870038863089
0.5123928207321066,4,21,5,7,10,716.7946732980142
0.34883190745863013,1,38,45,6,16,326.83983836916013
0.3748249243499977,4,30,34,5,16,900.0
0.6213306241557073,4,20,6,0,1,509.4698285864
0.7187181132622024,4,46,33,2,0,900.0
0.11060359887316085,3,57,15,1,3,900.0
0.035590230806476386,1,27,15,4,8,203.03578933738842
0.9943303026857149,1,53,14,4,1,409.5209517306899
0.23272834891555183,4,36,39,0,2,697.0819811084157
0.053830524908459076,2,46,5,7,5,554.0238108789331
0.18987532909591998,4,57,26,2,12,900.0
0.03895784634846422,3,21,48,0,14,416.6918293522268
0.39181089461717167,5,32,17,0,10,900.0
0.8024017844513243,3,43,43,1,9,900.0
0.3412444497577206,2,47,47,2,2,424.973970421514
0.44418340687836655,4,32,16,1,19,900.0
0.6755867735674388,1,34,35,2,8,231.24723845951831
0.5088940700698802,4,13,38,4,9,342.5164951760603
0.8614456860213242,2,39,23,3,20,831.2061127664457
0.8660356750457565,1,39,13,5,11,368.94162444675766
0.009910695491153643,3,22,33,3,7,386.99756945774664
0.7780463064831992,5,51,29,7,20,900.0
0.46073360024167387,5,58,46,7,20,900.0
0.9888405413036631,4,23,34,6,20,900.0
0.48323207587543515,3,56,34,2,16,900.0
0.9868959453882975,2,17,27,3,4,245.85964364749074
0.7545693612057366,5,33,15,0,7,900.0
0.24860488461330632,3,27,9,4,17,780.8391943206809
0.5383949792869577,4,44,26,7,10,900.0
0.9921356394785827,1,34,3,5,9,326.88320149261784
0.8575306077519237,4,26,36,5,14,900.0
0.0973668937912211,4,41,47,6,5,809.5636914619924
0.7063719968099961,3,33,5,5,18,900.0
0.34557958587081306,5,16,20,4,16,732.7209690369814
0.006982261880348117,3,22,20,3,9,430.0086479135517
0.4034809690269996,1,36,5,5,4,245.40120049643352
0.2347544217249713,3,57,10,7,15,900.0
0.8188692705204715,2,14,16,5,11,278.3306572973418
0.3373306088457655,4,45,25,2,20,900.0
0.8275236939538171,5,35,44,0,4,900.0
0.0005979388347953085,1,51,25,2,20,422.7890704609466
0.30781915002611915,4,54,30,3,0,900.0
0.24116521430776194,3,40,14,4,1,668.0798601861719
0.23356736106861098,2,19,22,4,4,243.27445428782448
0.0681866197654627,3,55,43,2,18,900.0
0.18712427041050173,4,35,28,1,14,900.0
0.5555495698856199,1,31,30,2,0,173.90368410565216
0.2913610728377445,5,21,19,7,10,828.7923526212926
0.41739478232914795,4,41,38,1,17,900.0
0.3768668803471885,1,36,42,6,2,178.2532942000489
0.8759049249998946,4,42,20,2,8,900.0
0.9052989990105155,2,29,35,1,3,385.0667474450561
0.49295697165586005,3,48,22,1,12,900.0
0.3301559503156044,5,50,15,5,8,900.0
0.10680070400236363,1,49,11,6,2,250.0265366861417
0.953402879382095,5,22,34,5,15,900.0
0.06022694490029745,5,23,24,1,7,679.4921931818961
0.29765027756828044,5,53,6,1,6,900.0
0.29806620117000415,1,49,17,0,16,467.25939127431917
0.3204012861402149,1,31,28,7,15,267.78799835310053
0.16428684327240928,5,27,31,1,20,900.0
0.7831614309236972,3,57,36,7,17,900.0
0.12249786196598922,4,38,9,5,15,900.0
0.6349066591531628,5,52,10,1,14,900.0
0.12384602670581746,2,25,21,4,1,266.1658554064459
0.07053563759295656,5,55,34,0,19,900.0
0.9094295036858765,1,44,31,1,3,316.7959590509541
0.19012876631870568,4,43,29,5,4,900.0
0.8212501545597043,2,12,43,5,6,169.0664330774995
0.5446308711071358,4,13,43,3,14,422.1608455763139
0.0778565196087696,4,14,11,5,16,496.92097044073535
0.9554481914380675,2,19,33,7,9,323.0044571878923
0.24696116699189252,5,38,46,0,19,900.0
0.8596453453526065,5,41,1,7,8,900.0
0.16881000578456418,5,40,21,5,15,900.0
0.8539428821418529,3,11,23,4,2,209.62981257296286
0.013228812905293985,5,21,9,2,8,673.1378891863652
0.5117804565694807,2,36,1,4,7,556.9910808353608
0.7694425794215568,3,14,21,6,6,297.8262958094972
0.9347955174927833,5,46,22,7,16,900.0
0.909202136206487,3,36,4,4,4,900.0
0.8196248695476449,2,32,1,0,6,541.2530401209094
0.8881913496613041,5,42,10,0,12,900.0
0.1992196858370765,1,13,15,3,17,122.68668469571566
0.28418429571172876,2,30,36,5,13,472.60628662938996
0.2889685249210585,4,33,29,3,17,900.0
0.3770539310016988,4,53,46,0,2,900.0
0.3933206703851887,2,40,5,5,16,776.5735432896282
0.5445553246546755,4,53,29,0,18,900.0
0.15987976336644139,2,57,47,0,6,628.6048992830574
0.6912466637859893,1,33,47,2,20,305.5679814620721
0.1675665393045065,2,58,27,4,3,643.6472538657731
0.31030848210454753,5,19,25,3,14,774.6017013667312
0.503345130606154,5,58,16,7,7,900.0
0.7964405615234773,3,58,16,3,15,900.0
0.7394692332387273,4,59,36,1,0,900.0
0.6455343564105223,4,11,25,6,15,384.2970684863612
0.15577326058017016,2,40,41,2,1,378.61636719473404
0.5470453456155777,4,34,1,0,1,891.3255878013443
0.08744650179988545,5,13,5,0,7,435.0195846744353
0.37736317679665077,1,60,41,2,11,432.53564619699483
0.41351653028995916,2,20,20,5,10,305.43984490919803
0.03981143944575383,4,26,5,3,5,651.6213706203043
0.2739880994699718,5,53,36,0,18,900.0
0.9556494672664894,3,11,29,6,17,312.73901271186224
0.9536326078296895,4,15,48,1,4,390.01112858622866
0.3523270542525393,1,18,34,3,14,167.13887758156483
0.043100108948324056,1,14,48,4,7,53.837120023233226
0.17909493932818155,4,29,18,7,5,716.0113322653317
0.39221779343354013,4,38,2,7,11,900.0
0.9477796979692298,5,30,16,6,18,900.0
0.14119906353718492,4,18,29,2,11,519.0586475533681
0.7635158436682122,3,37,33,3,11,888.1384681209886
0.10868253937469208,5,17,16,7,8,612.8400094915696
0.9812575773912768,2,40,35,4,9,662.5400064523063
0.381616499109135,3,29,47,1,16,676.6297949482447
0.775234538899056,5,36,43,5,17,900.0
0.3425910828111318,5,17,42,7,15,664.7535162110432
0.6276688771588087,1,30,17,2,3,180.99842855014003
0.19201608474003673,5,37,4,5,17,900.0
0.14602101929696254,3,32,4,7,2,559.4479514461922
0.9380641395681313,4,15,25,6,15,574.4931970522659
0.9176472779044335,3,12,33,0,13,326.25209832339743
0.8874689402128824,2,14,14,5,8,264.68811401653875
0.6254334501665935,5,18,24,0,5,610.4004413776674
0.8082682112162782,5,16,11,6,3,586.3742059124504
0.06903693691137491,5,13,25,7,1,291.9982335500072
0.33478904189067915,5,48,28,4,9,900.0
0.3137031247571562,1,14,7,3,10,127.49896664908314
0.6356453219526133,1,20,36,1,6,132.1467823032722
0.3559577734706405,4,24,10,4,4,629.3099606943617
0.1485067816436808,5,43,36,1,3,900.0
0.5964670754135437,2,22,31,5,5,284.10654407896504
0.8143839206690815,4,57,19,1,1,900.0
0.3821234944599732,5,16,18,5,1,451.76290272730444
0.1322687150984817,1,49,6,1,15,432.1880052326853
0.19668819731282305,2,15,28,2,12,223.23695428394555
0.23748330516938398,4,48,7,4,20,900.0
0.2998975929945362,2,59,38,7,6,705.4289391280918
0.6427950705063091,5,39,12,7,4,900.0
0.600945484537719,3,31,41,2,16,757.6999493726602
0.6960798615670392,2,34,34,3,12,528.752573086966
0.36250198453151317,2,37,25,7,14,605.5505094134279
0.8239976518799783,1,29,17,3,2,193.55539016083094
0.20408766115576027,5,48,33,0,3,900.0
0.46904074751815394,2,12,23,7,14,187.3409404976851
0.8009387215414303,5,14,9,0,17,772.3292902437393
0.18015864773261925,1,10,6,7,2,74.39939858204264
0.10986311374078295,5,24,2,7,6,801.3530745231782
0.8836839676879897,1,35,38,0,7,244.42626687812754
0.3429296627591959,1,12,9,6,10,84.18778497114697
0.683870124909032,4,49,3,3,8,900.0
0.02534860426393848,5,50,16,1,19,900.0
0.6900468884094496,3,56,25,5,11,900.0
0.3161013115469705,4,51,24,6,4,900.0
0.05574085358744174,1,43,47,1,0,175.09523816841462
0.609812761548117,3,14,29,4,13,383.6889303875128
0.24080381607317325,2,40,44,3,2,374.7814923040286
0.38680724205188,2,60,40,7,14,900.0
0.08058081228651359,4,22,26,7,9,562.3251889807657
0.14716325109494532,3,52,38,7,9,900.0
0.29797723549584376,5,10,35,5,2,244.40482214757688
0.08975950056015713,3,31,23,5,5,538.2951535277534
0.9108262646863152,4,24,4,5,4,779.2884187971896
0.006047043183978418,5,35,42,0,18,900.0
0.4838602188643114,5,27,14,5,13,900.0
0.12324745813255145,2,57,47,5,16,849.6926855090757
0.30767908947794853,3,18,39,3,11,393.66106916048403
0.9260595598182655,5,10,7,1,8,460.6184146647462
0.16169455327398685,4,52,8,6,2,900.0
0.9658323197183326,2,18,42,6,17,368.8689882885002
0.2057943769894217,5,32,19,7,3,900.0
0.7415661084668296,3,52,2,1,13,900.0
0.5466772648973117,2,54,47,2,5,637.1366395975508
0.8844787275967592,3,11,1,2,14,364.2270328728654
0.5539932555031309,3,23,42,4,16,546.1910854129709
0.5345592191563087,3,47,38,3,4,832.1914046767416
0.1954580003683999,2,49,13,2,5,639.4698779155005
0.16622936205165872,5,27,42,2,20,900.0
0.9164891511155142,1,25,44,3,4,136.67027521606943
0.32783819885003407,5,38,24,1,18,900.0
0.37208225496289593,2,53,32,7,13,824.4791018648548
0.7598236584283884,1,20,30,4,3,102.88985658422835
0.33882348242280735,1,15,6,4,4,97.08891913981077
0.9520624466390027,1,12,38,4,10,119.1104882350991
0.7379277689988003,4,23,33,2,1,546.3970571777053
0.59742924257342,2,11,44,1,1,134.50149337902235
0.8808951605447525,4,41,23,4,19,900.0
0.04960590834948275,1,40,10,3,11,283.01422415741723
0.25706269218920874,4,20,46,4,15,595.5651312028391
0.46503633422090995,4,31,15,6,16,900.0
0.22697853947152102,2,12,23,0,3,110.4706402904486
0.7439051873021519,3,59,36,1,13,900.0
0.9192080310537252,4,40,1,0,6,900.0
0.4237701199309234,4,42,8,1,14,900.0
0.34213260011189495,1,33,3,5,15,330.9078753511128
0.9615507321375663,1,10,14,3,7,75.56732057752443
0.44485243282754083,1,53,17,5,1,308.46802968958633
0.4890484004492832,5,24,34,2,18,900.0
0.35164987234190537,4,46,47,2,0,785.5259658671246
0.9095484730121384,1,36,6,5,3,250.93923498541375
0.5689554832818507,2,47,5,1,20,900.0
0.7621745871816447,5,57,46,4,10,900.0
0.8118067183508864,3,36,41,0,9,816.67093799951
0.3418490419172582,4,53,40,3,17,900.0
0.43369433132038004,4,21,29,4,0,448.27491831373396
0.8484717744062646,2,12,35,2,16,192.67492842502355
0.36325535167581025,3,39,18,4,15,900.0
0.7939351334518513,3,41,40,7,11,900.0
0.9409923225744371,5,32,48,7,15,900.0
0.623210373068007,4,11,30,5,8,293.28032662245795
0.7416272874518889,1,16,15,7,16,158.19901572833942
0.8050973120411349,2,43,15,5,2,563.1020049717778
0.8450396488966425,2,41,16,6,17,889.1858802233186
0.39505333785679597,2,48,33,6,14,768.554337230046
0.05126345917599817,2,41,10,0,14,674.8730204664989
0.4018762712367395,1,52,19,7,15,488.54200209683694
0.6737562297840898,1,52,37,2,19,487.53792137407646
0.4503503857807928,5,23,3,1,0,698.3000269961199
0.7489631508603986,4,12,36,7,0,273.1324798059663
0.3569824294686639,1,55,4,3,3,369.3010688797648
0.6347441411040295,5,41,11,5,12,900.0
0.18641980485397458,3,52,41,7,3,766.6287143477081
0.7493694366449569,4,45,33,3,7,900.0
0.5456959688130258,1,26,28,2,12,214.9318636878058
0.20406438854660058,3,57,32,1,7,900.0
0.29191117349780726,5,12,16,6,13,467.6732941220831
0.7486087085818324,1,19,9,5,0,154.64476823377524
0.4826012356615207,1,56,11,0,8,421.0590612790038
0.2160314403930722,3,49,6,3,0,809.7045524825055
0.9672711903702976,1,27,27,7,6,211.79911966150743
0.7151250198168879,2,12,12,2,19,234.42404066307512
0.9571348325397961,1,48,22,3,12,469.0275096658625
0.4271050453603432,4,19,40,7,14,586.810779822763
0.47510034069172047,3,18,48,6,8,362.73220208971134
0.8979552161850192,4,55,37,6,15,900.0
0.5250493402453846,5,55,21,1,16,900.0
0.7072789119056672,4,20,33,0,8,550.4650360613462
0.25217287749552997,2,42,17,6,5,518.825701138891
0.44672646870264054,2,45,29,1,19,810.741637772045
0.12344986581035511,4,35,40,6,11,895.0702854261316
0.20598003587696168,5,36,10,5,15,900.0
0.000943415267631087,1,47,18,4,20,415.7092729244086
0.03926505164866023,2,31,47,1,14,425.08769537201556
0.9772838231769293,4,35,13,1,6,900.0
0.2423536951367623,4,31,27,3,9,860.3268756239223
0.663310709504002,4,14,10,6,3,420.3154676815129
0.8390996987996115,1,44,32,1,2,301.08333487090385
0.5506604592365643,3,11,41,2,17,271.9064118335827
0.1531445000839562,5,44,45,5,0,875.2687712019034
0.7281164373361664,3,18,3,3,12,533.9846231895236
0.600251410099583,5,60,22,3,17,900.0
0.7312505893473751,5,60,27,4,7,900.0
0.7697466228570872,4,58,3,5,10,900.0
0.9754103676847451,2,27,33,7,9,465.5441400261589
0.57356328002671,4,52,2,2,3,900.0
0.3416411126906018,1,21,11,5,3,140.4246032157867
0.6484645569002371,5,12,46,1,3,344.90681983472547
0.06844070924262613,2,27,10,4,11,399.20476766710215
0.8973973183215863,5,47,39,2,7,900.0
0.11938101133819679,5,16,33,4,12,586.9815340714562
0.32784283788581825,4,42,7,5,7,900.0
0.8157453806261209,2,15,15,0,20,329.22871681939506
0.5973123783307118,2,27,26,5,2,340.9856369347461
